路线	候选基因	候选蛋白 UniProt	对应转录调控蛋白基因	对应转录调控蛋白 UniProt	互作证据
A	AAAS	Q9NRG9	NUP98	P52948	RF2-PPI final90
A	AARS1	P49588	RELA	Q04206	RF2-PPI final90
A	ABI1	Q8IZP0	FBXL19	Q6PCT2	HI-union
A	ABI1	Q8IZP0	HHEX	Q03014	HI-union
A	ABI1	Q8IZP0	PRKAA2	P54646	HI-union
A	ABI1	Q8IZP0	RBM15	Q96T37	HI-union
A	ABI1	Q8IZP0	RCOR3	Q9P2K3	HI-union
A	ABI1	Q8IZP0	SMARCD1	Q96GM5	HI-union
A	ABI2	Q9NYB9	AKAP8L	Q9ULX6	HI-union
A	ABI2	Q9NYB9	CRX	O43186	HI-union
A	ABI2	Q9NYB9	EGR4	Q05215	HI-union
A	ABI2	Q9NYB9	FBXL19	Q6PCT2	HI-union
A	ABI2	Q9NYB9	FOXD4L1	Q9NU39	HI-union
A	ABI2	Q9NYB9	HHEX	Q03014	HI-union
A	ABI2	Q9NYB9	INO80B	Q9C086	HI-union
A	ABI2	Q9NYB9	LHX3	Q9UBR4	HI-union
A	ABI2	Q9NYB9	LHX8	Q68G74	HI-union
A	ABI2	Q9NYB9	MEOX2	P50222	HI-union
A	ABI2	Q9NYB9	MYOG	P15173	HI-union
A	ABI2	Q9NYB9	OIP5	O43482	HI-union
A	ABI2	Q9NYB9	PAK2	Q13177	HI-union + RF2-PPI final90
A	ABI2	Q9NYB9	PHF1	O43189	HI-union
A	ABI2	Q9NYB9	PIN1	Q13526	HI-union
A	ABI2	Q9NYB9	PRDM14	Q9GZV8	HI-union
A	ABI2	Q9NYB9	PRDM6	Q9NQX0	HI-union
A	ABI2	Q9NYB9	PRKAA1	Q13131	HI-union
A	ABI2	Q9NYB9	PRKAA2	P54646	HI-union
A	ABI2	Q9NYB9	RNPS1	Q15287	HI-union
A	ABI2	Q9NYB9	SMARCD1	Q96GM5	HI-union
A	ABI2	Q9NYB9	ZFP90	Q8TF47	HI-union
A	ABI2	Q9NYB9	ZNF474	Q6S9Z5	HI-union
A	ABI2	Q9NYB9	ZNF688	P0C7X2	HI-union
A	ABITRAM	Q9NX38	HMBOX1	Q6NT76	HI-union
A	ACBD6	Q9BR61	HOXC8	P31273	RF2-PPI final90
A	ADARB1	P78563	NKRF	O15226	HI-union
A	ADARB1	P78563	ZMAT4	Q9H898	HI-union
A	ADARB1	P78563	ZNF346	Q9UL40	HI-union
A	ADAT2	Q7Z6V5	SMARCD1	Q96GM5	HI-union
A	ADPRS	Q9NX46	PRDM5	Q9NQX1	HI-union
A	ADRM1	Q16186	UCHL5	Q9Y5K5	HI-union + RF2-PPI final90
A	AEN	Q8WTP8	EXOSC8	Q96B26	HI-union
A	AEN	Q8WTP8	HOMEZ	Q8IX15	HI-union
A	AEN	Q8WTP8	IKZF1	Q13422	HI-union
A	AEN	Q8WTP8	MBNL1	Q9NR56	HI-union
A	AEN	Q8WTP8	PHC2	Q8IXK0	HI-union
A	AEN	Q8WTP8	RBMY1A1	P0DJD3	HI-union
A	AEN	Q8WTP8	TRIM27	P14373	HI-union
A	AEN	Q8WTP8	ZBTB43	O43298	HI-union
A	AEN	Q8WTP8	ZBTB8A	Q96BR9	HI-union
A	AEN	Q8WTP8	ZFP64	Q9NTW7	HI-union
A	AEN	Q8WTP8	ZNF317	Q96PQ6	HI-union
A	AEN	Q8WTP8	ZNF408	Q9H9D4	HI-union
A	AEN	Q8WTP8	ZNF473	Q8WTR7	HI-union
A	AGPAT3	Q9NRZ7	CREB3	O43889	HI-union
A	AGPAT3	Q9NRZ7	CREB3L1	Q96BA8	HI-union
A	AGPAT5	Q9NUQ2	CREB3L1	Q96BA8	HI-union
A	AHNAK	Q09666	MEOX2	P50222	HI-union
A	AIMP2	Q13155	MIS18A	Q9NYP9	HI-union
A	AIMP2	Q13155	PRKAA2	P54646	HI-union
A	AIMP2	Q13155	SLU7	O95391	HI-union
A	AIMP2	Q13155	ZGPAT	Q8N5A5	HI-union
A	AIPL1	Q9NZN9	LBX1	P52954	HI-union
A	AIRIM	Q9NX04	CRX	O43186	HI-union
A	AIRIM	Q9NX04	FTO	Q9C0B1	HI-union
A	AIRIM	Q9NX04	HESX1	Q9UBX0	HI-union
A	AIRIM	Q9NX04	HOXC8	P31273	HI-union
A	AIRIM	Q9NX04	IKZF1	Q13422	HI-union
A	AIRIM	Q9NX04	IKZF3	Q9UKT9	HI-union
A	AIRIM	Q9NX04	KLF15	Q9UIH9	HI-union
A	AIRIM	Q9NX04	MEOX1	P50221	HI-union
A	AIRIM	Q9NX04	MEOX2	P50222	HI-union
A	AIRIM	Q9NX04	PAX5	Q02548	HI-union
A	AIRIM	Q9NX04	PAX6	P26367	HI-union
A	AIRIM	Q9NX04	PAX7	P23759	HI-union
A	AIRIM	Q9NX04	PBX4	Q9BYU1	HI-union
A	AIRIM	Q9NX04	PHC2	Q8IXK0	HI-union
A	AIRIM	Q9NX04	POU6F2	P78424	HI-union
A	AIRIM	Q9NX04	PRDM6	Q9NQX0	HI-union
A	AIRIM	Q9NX04	PRMT5	O14744	HI-union
A	AIRIM	Q9NX04	REL	Q04864	HI-union
A	AIRIM	Q9NX04	RNF20	Q5VTR2	HI-union
A	AIRIM	Q9NX04	SMARCD1	Q96GM5	HI-union
A	AIRIM	Q9NX04	TADA2A	O75478	HI-union
A	AIRIM	Q9NX04	TCF12	Q99081	HI-union
A	AIRIM	Q9NX04	TCF4	P15884	HI-union
A	AIRIM	Q9NX04	TRIM27	P14373	HI-union
A	AIRIM	Q9NX04	ZBED1	O96006	HI-union
A	AIRIM	Q9NX04	ZBTB42	B2RXF5	HI-union
A	AIRIM	Q9NX04	ZMAT1	Q5H9K5	HI-union
A	AIRIM	Q9NX04	ZNF17	P17021	HI-union
A	AIRIM	Q9NX04	ZNF20	P17024	HI-union
A	AIRIM	Q9NX04	ZNF398	Q8TD17	HI-union
A	AIRIM	Q9NX04	ZNF420	Q8TAQ5	HI-union
A	AIRIM	Q9NX04	ZNF688	P0C7X2	HI-union
A	AIRIM	Q9NX04	ZSCAN9	O15535	HI-union
A	AKAP17A	Q02040	SRRM4	A7MD48	HI-union
A	AKAP17A	Q02040	THAP1	Q9NVV9	HI-union
A	AKT2	P31751	MEOX2	P50222	HI-union
A	AKT2	P31751	REL	Q04864	HI-union
A	ALKBH3	Q96Q83	IKZF1	Q13422	HI-union
A	ALOX15B	O15296	RARA	P10276	HI-union
A	ALOX5	P09917	MEOX1	P50221	HI-union
A	ALOX5	P09917	MEOX2	P50222	HI-union
A	ALOX5	P09917	REL	Q04864	HI-union
A	AMMECR1	Q9Y4X0	HOXA1	P49639	HI-union
A	AMMECR1	Q9Y4X0	HR	O43593	HI-union
A	AMMECR1	Q9Y4X0	MEOX2	P50222	HI-union
A	AMMECR1	Q9Y4X0	TRIM27	P14373	HI-union
A	AMMECR1	Q9Y4X0	ZNF124	Q15973	HI-union
A	ANAPC11	Q9NYG5	BANP	Q8N9N5	HI-union
A	ANAPC11	Q9NYG5	CREB5	Q02930	HI-union
A	ANAPC11	Q9NYG5	PRKAA2	P54646	HI-union
A	ANAPC11	Q9NYG5	PRKAB2	O43741	HI-union
A	ANAPC5	Q9UJX4	BRCA1	P38398	RF2-PPI final90
A	ANAPC5	Q9UJX4	BUB1	O43683	RF2-PPI final90
A	ANAPC5	Q9UJX4	CBX2	Q14781	RF2-PPI final90
A	ANAPC5	Q9UJX4	CBX8	Q9HC52	RF2-PPI final90
A	ANAPC5	Q9UJX4	PHC1	P78364	RF2-PPI final90
A	ANAPC5	Q9UJX4	PHC3	Q8NDX5	RF2-PPI final90
A	ANAPC5	Q9UJX4	TP53BP1	Q12888	RF2-PPI final90
A	ANAPC5	Q9UJX4	TRIM33	Q9UPN9	RF2-PPI final90
A	ANKRD11	Q6UB99	ARID3A	Q99856	HI-union
A	ANKRD11	Q6UB99	ARID5A	Q03989	HI-union
A	ANKRD11	Q6UB99	BRCC3	P46736	HI-union
A	ANKRD11	Q6UB99	FTO	Q9C0B1	HI-union
A	ANKRD11	Q6UB99	HOMEZ	Q8IX15	HI-union
A	ANKRD11	Q6UB99	MYF5	P13349	HI-union
A	ANKRD11	Q6UB99	NOTO	A8MTQ0	HI-union
A	ANKRD11	Q6UB99	PLAGL2	Q9UPG8	HI-union
A	ANKRD11	Q6UB99	PPARA	Q07869	HI-union
A	ANKRD11	Q6UB99	RCOR3	Q9P2K3	HI-union
A	ANKRD11	Q6UB99	SRCAP	Q6ZRS2	HI-union
A	ANKRD11	Q6UB99	TADA2B	Q86TJ2	HI-union
A	ANKRD11	Q6UB99	VDR	P11473	HI-union
A	ANKRD11	Q6UB99	ZNF426	Q9BUY5	HI-union
A	ANKRD11	Q6UB99	ZNF552	Q9H707	HI-union
A	ANKRD11	Q6UB99	ZNF655	Q8N720	HI-union
A	ANKRD11	Q6UB99	ZNF688	P0C7X2	HI-union
A	ANKRD12	Q6UB98	HIF1AN	Q9NWT6	HI-union
A	ANKRD12	Q6UB98	MEOX2	P50222	HI-union
A	ANKRD12	Q6UB98	NCOR2	Q9Y618	RF2-PPI final90
A	ANKRD23	Q86SG2	KDM1A	O60341	HI-union
A	ANKRD23	Q86SG2	SMARCD1	Q96GM5	HI-union
A	ANKRD28	O15084	THAP7	Q9BT49	HI-union
A	ANKRD28	O15084	YTHDC1	Q96MU7	HI-union
A	ANKRD33	Q7Z3H0	MBD3	O95983	HI-union
A	ANKRD33	Q7Z3H0	TLX3	O43711	HI-union
A	ANKRD37	Q7Z713	HIF1AN	Q9NWT6	HI-union
A	ANKRD37	Q7Z713	ZNF76	P36508	HI-union
A	ANXA1	P04083	MEIS2	O14770	HI-union
A	ANXA11	P50995	PLSCR1	O15162	HI-union
A	APEX2	Q9UBZ4	PCNA	P12004	RF2-PPI final90
A	APEX2	Q9UBZ4	TSHZ3	Q63HK5	HI-union
A	API5	Q9BZZ5	ACIN1	Q9UKV3	RF2-PPI final90
A	APP	P05067	APBB1	O00213	RF2-PPI final90
A	APP	P05067	KCNIP3	Q9Y2W7	RF2-PPI final90
A	APPBP2	Q92624	CREB3	O43889	HI-union
A	APPBP2	Q92624	KLF11	O14901	HI-union
A	APPBP2	Q92624	NFYA	P23511	HI-union + RF2-PPI final90
A	APPBP2	Q92624	NR2C1	P13056	RF2-PPI final90
A	APPBP2	Q92624	PRKAA2	P54646	HI-union
A	APPBP2	Q92624	TCF25	Q9BQ70	HI-union
A	APPBP2	Q92624	TNP2	Q05952	HI-union
A	APPBP2	Q92624	ZNF747	Q9BV97	HI-union
A	APPL1	Q9UKG1	MEOX1	P50221	HI-union
A	APPL2	Q8NEU8	SUV39H2	Q9H5I1	HI-union
A	ARIH1	Q9Y4X5	UBE2D1	P51668	RF2-PPI final90
A	ARIH1	Q9Y4X5	UBE2D3	P61077	RF2-PPI final90
A	ARIH2	O95376	BUB1	O43683	HI-union
A	ARIH2	O95376	CRX	O43186	HI-union
A	ARIH2	O95376	MEOX2	P50222	HI-union
A	ARIH2	O95376	PAX6	P26367	HI-union
A	ARIH2	O95376	REL	Q04864	HI-union
A	ARIH2	O95376	UBE2D1	P51668	RF2-PPI final90
A	ARIH2	O95376	UBE2D3	P61077	RF2-PPI final90
A	ARK2C	Q6ZSG1	UBE2D1	P51668	RF2-PPI final90
A	ARK2C	Q6ZSG1	UBE2D3	P61077	RF2-PPI final90
A	ARK2C	Q6ZSG1	UBE2E1	P51965	RF2-PPI final90
A	ARK2C	Q6ZSG1	UBE2N	P61088	RF2-PPI final90
A	ARL2	P36404	LHX4	Q969G2	HI-union
A	ARL2	P36404	TBL1XR1	Q9BZK7	HI-union
A	ARL4A	P40617	HOXB7	P09629	RF2-PPI final90
A	ARL6IP4	Q66PJ3	SLU7	O95391	RF2-PPI final90
A	ARL6IP4	Q66PJ3	SRRM4	A7MD48	HI-union
A	ARL6IP4	Q66PJ3	THAP1	Q9NVV9	HI-union
A	ARMC5	Q96C12	TLX3	O43711	HI-union
A	ARMC8	Q8IUR7	TCF12	Q99081	HI-union
A	ARMCX3	Q9UH62	MAF1	Q9H063	HI-union
A	ARPC2	O15144	ACTR3B	Q9P1U1	RF2-PPI final90
A	ARPC3	O15145	ACTR3B	Q9P1U1	RF2-PPI final90
A	ARPC3	O15145	HOXA3	O43365	HI-union
A	ARPC3	O15145	POU2F1	P14859	HI-union
A	ARPC3	O15145	ZNF576	Q9H609	HI-union
A	ARPC4	P59998	ACTR3B	Q9P1U1	RF2-PPI final90
A	ARPC4	P59998	METTL21A	Q8WXB1	HI-union
A	ASB10	Q8WXI3	MEOX2	P50222	HI-union
A	ASB7	Q9H672	HIF1AN	Q9NWT6	HI-union
A	ASB7	Q9H672	HMBOX1	Q6NT76	HI-union
A	ASPSCR1	Q9BZE9	TCF4	P15884	HI-union
A	ATAD5	Q96QE3	RAD54L2	Q9Y4B4	RF2-PPI final90
A	ATOSA	Q32MH5	TRIM27	P14373	HI-union
A	ATOSB	Q7L5A3	AKAP8L	Q9ULX6	HI-union
A	ATOSB	Q7L5A3	EYA2	O00167	HI-union
A	ATOSB	Q7L5A3	IKZF1	Q13422	HI-union
A	ATOSB	Q7L5A3	PRDM6	Q9NQX0	HI-union
A	ATOSB	Q7L5A3	RBM11	P57052	HI-union
A	ATOSB	Q7L5A3	SFMBT1	Q9UHJ3	HI-union
A	ATOSB	Q7L5A3	TRIM27	P14373	HI-union
A	ATOSB	Q7L5A3	ZNF219	Q9P2Y4	HI-union
A	ATOSB	Q7L5A3	ZNF572	Q7Z3I7	HI-union
A	ATOSB	Q7L5A3	ZNF655	Q8N720	HI-union
A	ATRIP	Q8WXE1	METTL21A	Q8WXB1	HI-union
A	ATXN1L	P0C7T5	ARID5A	Q03989	HI-union
A	ATXN1L	P0C7T5	FOXH1	O75593	HI-union
A	ATXN1L	P0C7T5	HIVEP1	P15822	HI-union
A	ATXN1L	P0C7T5	HLX	Q14774	HI-union
A	ATXN1L	P0C7T5	MEIS3	Q99687	HI-union
A	ATXN1L	P0C7T5	RBFOX1	Q9NWB1	HI-union
A	ATXN1L	P0C7T5	TBX2	Q13207	HI-union
A	ATXN1L	P0C7T5	ZBTB32	Q9Y2Y4	HI-union
A	AUNIP	Q9H7T9	PRKAB2	O43741	HI-union
A	AZIN1	O14977	BMAL1	O00327	HI-union
A	B9D2	Q9BPU9	TLX3	O43711	HI-union
A	BAG1	Q99933	TRIM27	P14373	HI-union
A	BAG3	O95817	ATN1	P54259	HI-union
A	BAG3	O95817	EGR4	Q05215	HI-union
A	BAG3	O95817	EYA2	O00167	HI-union
A	BAG3	O95817	FOXD4L1	Q9NU39	HI-union
A	BAG3	O95817	GLIS3	Q8NEA6	HI-union
A	BAG3	O95817	HELT	A6NFD8	HI-union
A	BAG3	O95817	HSPA1A	P0DMV8	HI-union
A	BAG3	O95817	HSPA1B	P0DMV9	HI-union + RF2-PPI final90
A	BAG3	O95817	LITAF	Q99732	HI-union
A	BAG3	O95817	NOTO	A8MTQ0	HI-union
A	BAG3	O95817	NR1H3	Q13133	HI-union
A	BAG3	O95817	PRDM6	Q9NQX0	HI-union
A	BAG3	O95817	RUNX1	Q01196	HI-union
A	BAG3	O95817	TRIM27	P14373	HI-union
A	BAG6	P46379	TFCP2	Q12800	HI-union
A	BANF2	Q9H503	CRX	O43186	HI-union
A	BANF2	Q9H503	PRDM6	Q9NQX0	HI-union
A	BANF2	Q9H503	TCF4	P15884	HI-union
A	BCAS2	O75934	CCDC17	Q96LX7	HI-union
A	BCAS2	O75934	CDC5L	Q99459	RF2-PPI final90
A	BCAS2	O75934	IKZF3	Q9UKT9	HI-union
A	BCAS2	O75934	OIP5	O43482	HI-union
A	BCAS2	O75934	PAX5	Q02548	HI-union
A	BCAS2	O75934	PLAGL2	Q9UPG8	HI-union
A	BCAS2	O75934	SMARCD1	Q96GM5	HI-union
A	BCAS2	O75934	TCF4	P15884	HI-union
A	BCCIP	Q9P287	ZNF138	P52744	HI-union
A	BCCIP	Q9P287	ZNF19	P17023	HI-union
A	BCL2L1	Q07817	CREB3	O43889	HI-union
A	BECN1	Q14457	SGF29	Q96ES7	HI-union
A	BEND2	Q8NDZ0	LHX2	P50458	HI-union
A	BEX2	Q9BXY8	OIP5	O43482	HI-union
A	BEX2	Q9BXY8	PRDM14	Q9GZV8	HI-union
A	BEX2	Q9BXY8	TRIM27	P14373	HI-union
A	BEX2	Q9BXY8	ZNF19	P17023	HI-union
A	BEX3	Q00994	ING4	Q9UNL4	HI-union
A	BEX3	Q00994	ING5	Q8WYH8	HI-union
A	BEX3	Q00994	SMARCD1	Q96GM5	HI-union
A	BEX3	Q00994	ZNF417	Q8TAU3	HI-union
A	BICD2	Q8TD16	HDAC4	P56524	HI-union
A	BICD2	Q8TD16	PRPF31	Q8WWY3	HI-union
A	BICD2	Q8TD16	ZNF417	Q8TAU3	HI-union
A	BICD2	Q8TD16	ZNF624	Q9P2J8	HI-union
A	BICD2	Q8TD16	ZNF648	Q5T619	HI-union
A	BICD2	Q8TD16	ZNF669	Q96BR6	HI-union
A	BICD2	Q8TD16	ZNF670	Q9BS34	HI-union
A	BICD2	Q8TD16	ZSCAN12	O43309	HI-union
A	BICD2	Q8TD16	ZSCAN23	Q3MJ62	HI-union
A	BIRC7	Q96CA5	AURKC	Q9UQB9	HI-union
A	BIRC7	Q96CA5	LCOR	Q96JN0	HI-union
A	BIRC7	Q96CA5	PHF1	O43189	HI-union
A	BIRC7	Q96CA5	SOX5	P35711	HI-union
A	BIVM	Q86UB2	BAZ2B	Q9UIF8	HI-union
A	BIVM	Q86UB2	HOMEZ	Q8IX15	HI-union
A	BIVM	Q86UB2	L3MBTL2	Q969R5	HI-union
A	BLCAP	P62952	HOXA1	P49639	HI-union
A	BMS1	Q14692	DNTTIP2	Q5QJE6	RF2-PPI final90
A	BRAT1	Q6PJG6	MSGN1	A6NI15	HI-union
A	BTBD3	Q9Y2F9	CUL3	Q13618	HI-union
A	BTBD3	Q9Y2F9	MEOX2	P50222	HI-union
A	BUB1B	O60566	BUB1	O43683	RF2-PPI final90
A	BUB1B	O60566	HDAC3	O15379	RF2-PPI final90
A	BUB1B	O60566	PPP2CA	P67775	RF2-PPI final90
A	BUB3	O43684	BHLHE40	O14503	RF2-PPI final90
A	BUB3	O43684	BUB1	O43683	HI-union + RF2-PPI final90
A	BYSL	Q13895	BHLHE40	O14503	HI-union
A	BYSL	Q13895	DDX17	Q92841	HI-union
A	BYSL	Q13895	HMBOX1	Q6NT76	HI-union
A	BYSL	Q13895	HMG20A	Q9NP66	HI-union
A	BYSL	Q13895	HOMEZ	Q8IX15	HI-union
A	BYSL	Q13895	IKZF1	Q13422	HI-union
A	BYSL	Q13895	IKZF3	Q9UKT9	HI-union
A	BYSL	Q13895	JRK	O75564	HI-union
A	BYSL	Q13895	L3MBTL3	Q96JM7	HI-union
A	BYSL	Q13895	LHX3	Q9UBR4	HI-union
A	BYSL	Q13895	MEAF6	Q9HAF1	HI-union
A	BYSL	Q13895	MEOX1	P50221	HI-union
A	BYSL	Q13895	MEOX2	P50222	HI-union
A	BYSL	Q13895	MSANTD4	Q8NCY6	HI-union
A	BYSL	Q13895	OLIG3	Q7RTU3	HI-union
A	BYSL	Q13895	PHC2	Q8IXK0	HI-union
A	BYSL	Q13895	RBAK	Q9NYW8	HI-union
A	BYSL	Q13895	THAP1	Q9NVV9	HI-union
A	BYSL	Q13895	TRIM27	P14373	HI-union
A	BYSL	Q13895	UBE2H	P62256	HI-union
A	BYSL	Q13895	WTAP	Q15007	HI-union
A	BYSL	Q13895	ZBTB14	O43829	HI-union
A	BYSL	Q13895	ZBTB8A	Q96BR9	HI-union
A	BYSL	Q13895	ZFP64	Q9NTW7	HI-union
A	BYSL	Q13895	ZNF212	Q9UDV6	HI-union
A	BYSL	Q13895	ZNF286A	Q9HBT8	HI-union
A	BYSL	Q13895	ZNF426	Q9BUY5	HI-union
A	BYSL	Q13895	ZNF436	Q9C0F3	HI-union
A	BYSL	Q13895	ZNF438	Q7Z4V0	HI-union
A	BYSL	Q13895	ZNF48	Q96MX3	HI-union
A	BYSL	Q13895	ZNF581	Q9P0T4	HI-union
A	BYSL	Q13895	ZNF655	Q8N720	HI-union
A	BYSL	Q13895	ZNF668	Q96K58	HI-union
A	BYSL	Q13895	ZNF71	Q9NQZ8	HI-union
A	BYSL	Q13895	ZNF774	Q6NX45	HI-union
A	BYSL	Q13895	ZNF835	Q9Y2P0	HI-union
A	BYSL	Q13895	ZSCAN22	P10073	HI-union
A	C1orf174	Q8IYL3	IKZF1	Q13422	HI-union
A	C1orf174	Q8IYL3	MEOX2	P50222	HI-union
A	C9orf72	Q96LT7	CRX	O43186	HI-union
A	C9orf72	Q96LT7	HMG20A	Q9NP66	HI-union
A	C9orf72	Q96LT7	REL	Q04864	HI-union
A	C9orf78	Q9NZ63	SLU7	O95391	RF2-PPI final90
A	CABLES1	Q8TDN4	CDK5	Q00535	RF2-PPI final90
A	CABLES1	Q8TDN4	TP73	O15350	RF2-PPI final90
A	CAMKMT	Q7Z624	PRDM2	Q13029	RF2-PPI final90
A	CAPN7	Q9Y6W3	ARNT2	Q9HBZ2	HI-union
A	CAPN7	Q9Y6W3	CTBP2	P56545	HI-union
A	CAPN7	Q9Y6W3	TRIM27	P14373	HI-union
A	CAPN7	Q9Y6W3	ZBTB9	Q96C00	HI-union
A	CAPN7	Q9Y6W3	ZNF655	Q8N720	HI-union
A	CARNMT1	Q8N4J0	NR3C2	P08235	RF2-PPI final90
A	CASC3	O15234	EIF4A3	P38919	HI-union
A	CASC3	O15234	EP300	Q09472	RF2-PPI final90
A	CASP14	P31944	MEOX2	P50222	HI-union
A	CASP8	Q14790	BRD1	O95696	HI-union
A	CASP8	Q14790	ZNF707	Q96C28	HI-union
A	CATIP	Q7Z7H3	BRD9	Q9H8M2	HI-union
A	CATIP	Q7Z7H3	HESX1	Q9UBX0	HI-union
A	CBS	P35520	PIAS2	O75928	HI-union
A	CBS	P35520	PIN1	Q13526	HI-union
A	CBS	P35520	PRKAG1	P54619	HI-union
A	CCDC106	Q9BWC9	ATF4	P18848	HI-union
A	CCDC106	Q9BWC9	ATF5	Q9Y2D1	RF2-PPI final90
A	CCDC106	Q9BWC9	CEBPG	P53567	RF2-PPI final90
A	CCDC106	Q9BWC9	L3MBTL2	Q969R5	HI-union
A	CCDC106	Q9BWC9	PRPF31	Q8WWY3	HI-union
A	CCDC106	Q9BWC9	RCOR3	Q9P2K3	HI-union
A	CCDC174	Q6PII3	EIF4A3	P38919	HI-union
A	CCDC174	Q6PII3	NUP98	P52948	RF2-PPI final90
A	CCDC97	Q96F63	EMX1	Q04741	RF2-PPI final90
A	CCER1	Q8TC90	PLSCR1	O15162	HI-union
A	CCHCR1	Q8TD31	DMAP1	Q9NPF5	HI-union
A	CCHCR1	Q8TD31	HOMEZ	Q8IX15	HI-union
A	CCHCR1	Q8TD31	IKZF3	Q9UKT9	HI-union
A	CCHCR1	Q8TD31	ING5	Q8WYH8	HI-union
A	CCHCR1	Q8TD31	LHX8	Q68G74	HI-union
A	CCHCR1	Q8TD31	MBD3	O95983	HI-union
A	CCHCR1	Q8TD31	MCRS1	Q96EZ8	HI-union
A	CCHCR1	Q8TD31	OIP5	O43482	HI-union
A	CCHCR1	Q8TD31	PIAS2	O75928	HI-union
A	CCHCR1	Q8TD31	POU6F2	P78424	HI-union
A	CCHCR1	Q8TD31	PRDM6	Q9NQX0	HI-union
A	CCHCR1	Q8TD31	RBM17	Q96I25	HI-union
A	CCHCR1	Q8TD31	RCOR3	Q9P2K3	HI-union
A	CCHCR1	Q8TD31	SAMD11	Q96NU1	HI-union
A	CCHCR1	Q8TD31	SMARCE1	Q969G3	HI-union
A	CCHCR1	Q8TD31	TADA2A	O75478	HI-union
A	CCHCR1	Q8TD31	TRIM27	P14373	HI-union
A	CCHCR1	Q8TD31	TSHZ3	Q63HK5	HI-union
A	CCHCR1	Q8TD31	ZBTB16	Q05516	HI-union
A	CCHCR1	Q8TD31	ZGPAT	Q8N5A5	HI-union
A	CCHCR1	Q8TD31	ZNF620	Q6ZNG0	HI-union
A	CCHCR1	Q8TD31	ZNF629	Q9UEG4	HI-union
A	CCHCR1	Q8TD31	ZNF655	Q8N720	HI-union
A	CCHCR1	Q8TD31	ZNF774	Q6NX45	HI-union
A	CCNB1	P14635	CDK1	P06493	RF2-PPI final90
A	CCNB1	P14635	CDK2	P24941	RF2-PPI final90
A	CCNB1	P14635	CDK3	Q00526	RF2-PPI final90
A	CCNB1IP1	Q9NPC3	CUL5	Q93034	HI-union
A	CCNB1IP1	Q9NPC3	KEAP1	Q14145	HI-union
A	CCNB1IP1	Q9NPC3	PRKAA2	P54646	HI-union
A	CCNB3	Q8WWL7	CDK1	P06493	RF2-PPI final90
A	CCNB3	Q8WWL7	CDK2	P24941	RF2-PPI final90
A	CCNB3	Q8WWL7	CDK3	Q00526	RF2-PPI final90
A	CCND2	P30279	CDK5	Q00535	HI-union
A	CCND2	P30279	RB1	P06400	RF2-PPI final90
A	CCND3	P30281	CDK3	Q00526	HI-union
A	CCND3	P30281	CDK5	Q00535	HI-union
A	CCND3	P30281	MAF1	Q9H063	HI-union
A	CCND3	P30281	RB1	P06400	RF2-PPI final90
A	CCNDBP1	O95273	CUL5	Q93034	HI-union
A	CCNDBP1	O95273	DMRT3	Q9NQL9	HI-union
A	CCNDBP1	O95273	HDAC4	P56524	HI-union
A	CCNDBP1	O95273	HMGB1	P09429	HI-union
A	CCNDBP1	O95273	NAIF1	Q69YI7	HI-union
A	CCNDBP1	O95273	PIAS2	O75928	HI-union
A	CCNDBP1	O95273	PRPF31	Q8WWY3	HI-union
A	CCNDBP1	O95273	RARA	P10276	HI-union
A	CCNDBP1	O95273	RARB	P10826	HI-union
A	CCNDBP1	O95273	TEAD4	Q15561	HI-union
A	CCNDBP1	O95273	THAP10	Q9P2Z0	HI-union
A	CCNDBP1	O95273	THAP7	Q9BT49	HI-union
A	CCNDBP1	O95273	ZBTB24	O43167	HI-union
A	CCNDBP1	O95273	ZGPAT	Q8N5A5	HI-union
A	CCNDBP1	O95273	ZNF124	Q15973	HI-union + RF2-PPI final90
A	CCNDBP1	O95273	ZNF136	P52737	HI-union + RF2-PPI final90
A	CCNDBP1	O95273	ZNF141	Q15928	RF2-PPI final90
A	CCNDBP1	O95273	ZNF155	Q12901	HI-union
A	CCNDBP1	O95273	ZNF169	Q14929	HI-union + RF2-PPI final90
A	CCNDBP1	O95273	ZNF20	P17024	HI-union + RF2-PPI final90
A	CCNDBP1	O95273	ZNF223	Q9UK11	HI-union + RF2-PPI final90
A	CCNDBP1	O95273	ZNF230	Q9UIE0	HI-union + RF2-PPI final90
A	CCNDBP1	O95273	ZNF334	Q9HCZ1	HI-union + RF2-PPI final90
A	CCNDBP1	O95273	ZNF394	Q53GI3	HI-union
A	CCNDBP1	O95273	ZNF417	Q8TAU3	HI-union + RF2-PPI final90
A	CCNDBP1	O95273	ZNF439	Q8NDP4	HI-union + RF2-PPI final90
A	CCNDBP1	O95273	ZNF440	Q8IYI8	HI-union
A	CCNDBP1	O95273	ZNF479	Q96JC4	RF2-PPI final90
A	CCNDBP1	O95273	ZNF480	Q8WV37	HI-union + RF2-PPI final90
A	CCNDBP1	O95273	ZNF490	Q9ULM2	HI-union + RF2-PPI final90
A	CCNDBP1	O95273	ZNF552	Q9H707	HI-union
A	CCNDBP1	O95273	ZNF555	Q8NEP9	HI-union
A	CCNDBP1	O95273	ZNF557	Q8N988	HI-union + RF2-PPI final90
A	CCNDBP1	O95273	ZNF564	Q8TBZ8	HI-union + RF2-PPI final90
A	CCNDBP1	O95273	ZNF578	Q96N58	HI-union + RF2-PPI final90
A	CCNDBP1	O95273	ZNF581	Q9P0T4	HI-union
A	CCNDBP1	O95273	ZNF587	Q96SQ5	RF2-PPI final90
A	CCNDBP1	O95273	ZNF627	Q7L945	HI-union + RF2-PPI final90
A	CCNDBP1	O95273	ZNF670	Q9BS34	HI-union
A	CCNDBP1	O95273	ZNF696	Q9H7X3	HI-union
A	CCNDBP1	O95273	ZNF707	Q96C28	HI-union + RF2-PPI final90
A	CCNDBP1	O95273	ZNF722	A0A1W2PQL4	RF2-PPI final90
A	CCNDBP1	O95273	ZNF736	B4DX44	RF2-PPI final90
A	CCNDBP1	O95273	ZNF785	A8K8V0	HI-union + RF2-PPI final90
A	CCNDBP1	O95273	ZNF786	Q8N393	HI-union
A	CCNDBP1	O95273	ZNF835	Q9Y2P0	HI-union
A	CCNDBP1	O95273	ZNF837	Q96EG3	HI-union
A	CCNDBP1	O95273	ZSCAN26	Q16670	HI-union
A	CCNE2	O96020	CDK2	P24941	RF2-PPI final90
A	CCNE2	O96020	CDK3	Q00526	RF2-PPI final90
A	CCNF	P41002	ARID1A	O14497	RF2-PPI final90
A	CCNF	P41002	KAT6B	Q8WYB5	RF2-PPI final90
A	CCNF	P41002	SAMD11	Q96NU1	RF2-PPI final90
A	CCNF	P41002	SRSF3	P84103	RF2-PPI final90
A	CCNG1	P51959	HMBOX1	Q6NT76	HI-union
A	CCNI	Q14094	CDK3	Q00526	HI-union
A	CCNI	Q14094	CDK5	Q00535	HI-union
A	CCNL1	Q9UK58	PRDM6	Q9NQX0	HI-union
A	CCNL1	Q9UK58	RNPS1	Q15287	HI-union
A	CCNL2	Q96S94	ZBTB7B	O15156	HI-union
A	CCNO	P22674	CDK1	P06493	RF2-PPI final90
A	CCNP	Q9H8S5	CDK1	P06493	RF2-PPI final90
A	CCNP	Q9H8S5	CDK2	P24941	RF2-PPI final90
A	CCNP	Q9H8S5	CDK3	Q00526	RF2-PPI final90
A	CDC14B	O60729	PRKAB2	O43741	HI-union
A	CDC14B	O60729	ZNF696	Q9H7X3	HI-union
A	CDC25C	P30307	CDK2	P24941	RF2-PPI final90
A	CDC27	P30260	CBX7	O95931	RF2-PPI final90
A	CDC27	P30260	PHC1	P78364	RF2-PPI final90
A	CDC27	P30260	PHC3	Q8NDX5	RF2-PPI final90
A	CDC27	P30260	TAF1L	Q8IZX4	RF2-PPI final90
A	CDC27	P30260	TRIM33	Q9UPN9	RF2-PPI final90
A	CDC34	P49427	MEOX1	P50221	HI-union
A	CDC34	P49427	MEOX2	P50222	HI-union
A	CDC34	P49427	RBX1	P62877	RF2-PPI final90
A	CDC7	O00311	BANP	Q8N9N5	HI-union
A	CDC7	O00311	GMEB2	Q9UKD1	HI-union
A	CDC7	O00311	HMBOX1	Q6NT76	HI-union
A	CDC7	O00311	HOMEZ	Q8IX15	HI-union
A	CDC7	O00311	IKZF1	Q13422	HI-union
A	CDC7	O00311	IKZF3	Q9UKT9	HI-union
A	CDC7	O00311	IKZF4	Q9H2S9	HI-union
A	CDC7	O00311	MEOX2	P50222	HI-union
A	CDC7	O00311	TRIM27	P14373	HI-union
A	CDC7	O00311	ZBTB10	Q96DT7	HI-union
A	CDC7	O00311	ZBTB26	Q9HCK0	HI-union
A	CDC7	O00311	ZBTB8B	Q8NAP8	HI-union
A	CDCA4	Q9BXL8	ZNF451	Q9Y4E5	HI-union
A	CDCA5	Q96FF9	CENPS	Q8N2Z9	RF2-PPI final90
A	CDCA7L	Q96GN5	BRPF1	P55201	HI-union
A	CDCA7L	Q96GN5	DAXX	Q9UER7	HI-union
A	CDCA7L	Q96GN5	DMAP1	Q9NPF5	HI-union
A	CDCA7L	Q96GN5	EIF4A3	P38919	HI-union
A	CDCA7L	Q96GN5	ING5	Q8WYH8	HI-union
A	CDCA7L	Q96GN5	JADE2	Q9NQC1	HI-union
A	CDCA7L	Q96GN5	MCRS1	Q96EZ8	HI-union
A	CDCA7L	Q96GN5	MEOX2	P50222	HI-union
A	CDCA7L	Q96GN5	PBX1	P40424	HI-union
A	CDCA7L	Q96GN5	PBX2	P40425	HI-union
A	CDCA7L	Q96GN5	PRDM14	Q9GZV8	HI-union
A	CDCA7L	Q96GN5	PRPF31	Q8WWY3	HI-union
A	CDCA7L	Q96GN5	TADA2A	O75478	HI-union
A	CDCA7L	Q96GN5	TFPT	P0C1Z6	HI-union
A	CDCA7L	Q96GN5	ZGPAT	Q8N5A5	HI-union
A	CDCA7L	Q96GN5	ZNF250	P15622	HI-union
A	CDCA7L	Q96GN5	ZNF438	Q7Z4V0	HI-union
A	CDCA7L	Q96GN5	ZNF620	Q6ZNG0	HI-union
A	CDCA7L	Q96GN5	ZNF821	O75541	HI-union
A	CDCA8	Q53HL2	HMBOX1	Q6NT76	HI-union
A	CDCA8	Q53HL2	SET	Q01105	HI-union
A	CDCA8	Q53HL2	SNAPC5	O75971	HI-union
A	CDCA8	Q53HL2	ZNF277	Q9NRM2	HI-union
A	CDIN1	Q9Y2V0	ZNF609	O15014	RF2-PPI final90
A	CDK11A	Q9UQ88	CTR9	Q6PD62	RF2-PPI final90
A	CDK14	O94921	MCRS1	Q96EZ8	RF2-PPI final90
A	CDK2AP2	O75956	CHD3	Q12873	RF2-PPI final90
A	CDK2AP2	O75956	CHD4	Q14839	RF2-PPI final90
A	CDK6	Q00534	APOBEC1	P41238	HI-union
A	CDK6	Q00534	OTP	Q5XKR4	HI-union
A	CDKN1A	P38936	CDK3	Q00526	HI-union
A	CDKN1A	P38936	IKZF3	Q9UKT9	HI-union
A	CDKN1A	P38936	MEOX2	P50222	HI-union
A	CDKN1A	P38936	PCNA	P12004	HI-union
A	CDKN1A	P38936	REL	Q04864	HI-union
A	CDKN1A	P38936	SRSF3	P84103	RF2-PPI final90
A	CDKN1A	P38936	STAT5B	P51692	HI-union
A	CDKN1A	P38936	TCF4	P15884	HI-union
A	CDKN2D	P55273	CGGBP1	Q9UFW8	HI-union
A	CDKN2D	P55273	GATAD2B	Q8WXI9	HI-union
A	CDKN2D	P55273	GLYR1	Q49A26	HI-union
A	CDKN2D	P55273	GSC2	O15499	HI-union
A	CDKN2D	P55273	IKZF3	Q9UKT9	HI-union
A	CDKN2D	P55273	MEOX2	P50222	HI-union
A	CDKN2D	P55273	MTF2	Q9Y483	HI-union
A	CDKN2D	P55273	NR4A1	P22736	HI-union + RF2-PPI final90
A	CDKN2D	P55273	NR4A2	P43354	HI-union
A	CDKN2D	P55273	NR4A3	Q92570	HI-union
A	CDKN2D	P55273	REL	Q04864	HI-union
A	CDKN2D	P55273	THAP1	Q9NVV9	HI-union
A	CDKN2D	P55273	ZBTB32	Q9Y2Y4	HI-union
A	CDKN2D	P55273	ZNF396	Q96N95	HI-union
A	CDKN2D	P55273	ZNF620	Q6ZNG0	HI-union
A	CDKN2D	P55273	ZNF688	P0C7X2	HI-union
A	CDKN2D	P55273	ZNF774	Q6NX45	HI-union
A	CENPH	Q9H3R5	ZNF493	Q6ZR52	HI-union
A	CENPH	Q9H3R5	ZSCAN12	O43309	HI-union
A	CENPI	Q92674	CENPT	Q96BT3	RF2-PPI final90
A	CENPK	Q9BS16	CENPT	Q96BT3	RF2-PPI final90
A	CENPO	Q9BU64	FOS	P01100	HI-union
A	CENPO	Q9BU64	FOSB	P53539	HI-union
A	CENPP	Q6IPU0	BACH2	Q9BYV9	HI-union
A	CENPP	Q6IPU0	MBD3	O95983	HI-union
A	CENPP	Q6IPU0	NHLH1	Q02575	HI-union
A	CENPP	Q6IPU0	PKNOX2	Q96KN3	HI-union
A	CENPP	Q6IPU0	TOX2	Q96NM4	HI-union
A	CENPP	Q6IPU0	ZNF341	Q9BYN7	HI-union
A	CENPP	Q6IPU0	ZNF765	Q7L2R6	HI-union
A	CENPQ	Q7L2Z9	ATF2	P15336	HI-union
A	CENPQ	Q7L2Z9	HDAC7	Q8WUI4	HI-union
A	CENPW	Q5EE01	CENPT	Q96BT3	RF2-PPI final90
A	CEP57	Q86XR8	KDM1A	O60341	HI-union
A	CEP57	Q86XR8	OIP5	O43482	HI-union
A	CEP57	Q86XR8	PKN1	Q16512	HI-union
A	CEP57	Q86XR8	SPDEF	O95238	HI-union
A	CEP85	Q6P2H3	RNF8	O76064	HI-union
A	CETN2	P41208	XPA	P23025	RF2-PPI final90
A	CETN3	O15182	USP44	Q9H0E7	RF2-PPI final90
A	CETN3	O15182	USP49	Q70CQ1	RF2-PPI final90
A	CFAP20	Q9Y6A4	SFSWAP	Q12872	RF2-PPI final90
A	CFAP68	Q9H5F2	DMRT3	Q9NQL9	HI-union
A	CFAP68	Q9H5F2	FOXH1	O75593	HI-union
A	CFAP68	Q9H5F2	HOXA1	P49639	HI-union
A	CFAP68	Q9H5F2	HOXC8	P31273	HI-union
A	CFAP68	Q9H5F2	HR	O43593	HI-union
A	CFAP68	Q9H5F2	OTX1	P32242	HI-union
A	CFAP68	Q9H5F2	PATZ1	Q9HBE1	HI-union
A	CFAP68	Q9H5F2	PITX1	P78337	HI-union
A	CFAP68	Q9H5F2	PRKAB2	O43741	HI-union
A	CFAP68	Q9H5F2	PROP1	O75360	HI-union
A	CFAP68	Q9H5F2	SMYD1	Q8NB12	HI-union
A	CFAP68	Q9H5F2	TLX3	O43711	HI-union
A	CFAP68	Q9H5F2	ZIC1	Q15915	HI-union
A	CFL1	P23528	ACTB	P60709	HI-union
A	CFL2	Q9Y281	ACTB	P60709	HI-union
A	CGRRF1	Q99675	CREB3	O43889	HI-union
A	CHFR	Q96EP1	UBE2D1	P51668	HI-union + RF2-PPI final90
A	CHFR	Q96EP1	UBE2N	P61088	RF2-PPI final90
A	CHMP4B	Q9H444	CC2D1A	Q6P1N0	RF2-PPI final90
A	CHMP7	Q8WUX9	CREB3	O43889	HI-union
A	CHTF18	Q8WVB6	PCNA	P12004	RF2-PPI final90
A	CHTF8	P0CG13	TP53BP1	Q12888	RF2-PPI final90
A	CIAPIN1	Q6FI81	MEOX2	P50222	HI-union
A	CIART	Q8N365	NFYC	Q13952	HI-union
A	CIB1	Q99828	CDX1	P47902	RF2-PPI final90
A	CIB1	Q99828	GLIS3	Q8NEA6	HI-union + RF2-PPI final90
A	CIB1	Q99828	ONECUT3	O60422	HI-union
A	CIB1	Q99828	PAX7	P23759	HI-union
A	CIB1	Q99828	ZBTB49	Q6ZSB9	HI-union
A	CIDEC	Q96AQ7	NR0B2	Q15466	HI-union
A	CIDEC	Q96AQ7	ZBTB42	B2RXF5	HI-union
A	CINP	Q9BW66	MEOX2	P50222	HI-union
A	CINP	Q9BW66	PAX6	P26367	HI-union
A	CINP	Q9BW66	POU6F2	P78424	HI-union
A	CINP	Q9BW66	PRRX1	P54821	HI-union
A	CINP	Q9BW66	REL	Q04864	HI-union
A	CINP	Q9BW66	SP2	Q02086	HI-union
A	CINP	Q9BW66	ZBTB42	B2RXF5	HI-union
A	CINP	Q9BW66	ZNF19	P17023	HI-union
A	CINP	Q9BW66	ZNF620	Q6ZNG0	HI-union
A	CIPC	Q9C0C6	DBP	Q10586	RF2-PPI final90
A	CLASRP	Q8N2M8	RHOXF2	Q9BQY4	HI-union
A	CLIC1	O00299	MEOX2	P50222	HI-union
A	CLIC3	O95833	ALX1	Q15699	HI-union
A	CLIC3	O95833	GLYR1	Q49A26	HI-union
A	CLIC3	O95833	MECOM	Q03112	HI-union
A	CLIC3	O95833	MSX2	P35548	HI-union
A	CLIC3	O95833	SCML4	Q8N228	HI-union
A	CLIC3	O95833	ZBTB42	B2RXF5	HI-union
A	CLIC3	O95833	ZNF620	Q6ZNG0	HI-union
A	CLK1	P49759	SRRM4	A7MD48	HI-union
A	CLK1	P49759	SRSF1	Q07955	HI-union
A	CLK1	P49759	SRSF10	O75494	HI-union
A	CLK1	P49759	SRSF3	P84103	HI-union
A	CLK1	P49759	TRA2B	P62995	HI-union
A	CLK2	P49760	RNF8	O76064	HI-union
A	CLK2	P49760	RNPS1	Q15287	HI-union
A	CLK2	P49760	SRSF3	P84103	HI-union
A	CLK2	P49760	TRIM27	P14373	HI-union
A	CLK2	P49760	YTHDC1	Q96MU7	HI-union
A	CLK2	P49760	ZNF136	P52737	HI-union
A	CLK2	P49760	ZNF263	O14978	HI-union
A	CLK2	P49760	ZNF317	Q96PQ6	HI-union
A	CLK2	P49760	ZNF394	Q53GI3	HI-union
A	CLK2	P49760	ZNF398	Q8TD17	HI-union
A	CLK2	P49760	ZNF436	Q9C0F3	HI-union
A	CLK2	P49760	ZNF440	Q8IYI8	HI-union
A	CLK2	P49760	ZNF473	Q8WTR7	HI-union
A	CLK2	P49760	ZNF491	Q8N8L2	HI-union
A	CLK2	P49760	ZNF558	Q96NG5	HI-union
A	CLK2	P49760	ZNF764	Q96H86	HI-union
A	CLK2	P49760	ZNF768	Q9H5H4	HI-union
A	CLK2	P49760	ZNF837	Q96EG3	HI-union
A	CLK2	P49760	ZSCAN21	Q9Y5A6	HI-union
A	CLK3	P49761	HOXB6	P17509	HI-union
A	CLK3	P49761	HOXB7	P09629	HI-union
A	CLK3	P49761	HOXC4	P09017	HI-union
A	CLK3	P49761	RBMX	P38159	HI-union
A	CLK3	P49761	RBMY1A1	P0DJD3	HI-union + RF2-PPI final90
A	CLK3	P49761	RNF8	O76064	HI-union
A	CLK3	P49761	RNPS1	Q15287	HI-union
A	CLK3	P49761	SRSF10	O75494	HI-union
A	CLK3	P49761	SRSF3	P84103	HI-union
A	CLK3	P49761	TRA2B	P62995	HI-union
A	CLK3	P49761	ZNF263	O14978	HI-union
A	CLK3	P49761	ZNF473	Q8WTR7	HI-union
A	CLK3	P49761	ZNF777	Q9ULD5	HI-union
A	CLK3	P49761	ZNF835	Q9Y2P0	HI-union
A	CLK4	Q9HAZ1	SRRM4	A7MD48	HI-union
A	CLP1	Q92989	FTO	Q9C0B1	HI-union
A	CLP1	Q92989	MEOX2	P50222	HI-union
A	CLUAP1	Q96AJ1	MYOG	P15173	HI-union
A	CNOT4	O95628	UBE2D3	P61077	RF2-PPI final90
A	CNOT4	O95628	UBE2E1	P51965	RF2-PPI final90
A	COIL	P38432	KDM1A	O60341	HI-union
A	COIL	P38432	MCRS1	Q96EZ8	HI-union
A	COIL	P38432	ZNF277	Q9NRM2	HI-union
A	COMMD8	Q9NX08	SRSF3	P84103	RF2-PPI final90
A	COMMD8	Q9NX08	ZNF474	Q6S9Z5	HI-union
A	COPS4	Q9BT78	MBIP	Q9NS73	HI-union
A	COPS6	Q7L5N1	ZFHX3	Q15911	HI-union
A	COPS8	Q99627	DDB2	Q92466	RF2-PPI final90
A	COQ7	Q99807	ALX3	O95076	RF2-PPI final90
A	CPLX2	Q6PUV4	PBX3	P40426	HI-union
A	CPNE1	Q99829	LHX6	Q9UPM6	HI-union
A	CPNE2	Q96FN4	MEOX2	P50222	HI-union
A	CPNE2	Q96FN4	REL	Q04864	HI-union
A	CPNE2	Q96FN4	TCF4	P15884	HI-union
A	CPNE2	Q96FN4	THAP4	Q8WY91	HI-union
A	CPNE2	Q96FN4	TRIM27	P14373	HI-union
A	CPNE7	Q9UBL6	IKZF3	Q9UKT9	HI-union
A	CPNE7	Q9UBL6	LHX3	Q9UBR4	HI-union
A	CPNE7	Q9UBL6	MEOX2	P50222	HI-union
A	CPNE7	Q9UBL6	OTP	Q5XKR4	HI-union
A	CPNE7	Q9UBL6	PBX4	Q9BYU1	HI-union
A	CPNE7	Q9UBL6	REL	Q04864	HI-union
A	CPNE7	Q9UBL6	TRIM27	P14373	HI-union
A	CPNE7	Q9UBL6	ZFP90	Q8TF47	HI-union
A	CPNE7	Q9UBL6	ZMIZ2	Q8NF64	HI-union
A	CPNE7	Q9UBL6	ZNF18	P17022	HI-union
A	CPNE7	Q9UBL6	ZNF474	Q6S9Z5	HI-union
A	CPNE7	Q9UBL6	ZNF572	Q7Z3I7	HI-union
A	CPNE7	Q9UBL6	ZNF655	Q8N720	HI-union
A	CPNE7	Q9UBL6	ZNF774	Q6NX45	HI-union
A	CPSF1	Q10570	REL	Q04864	HI-union
A	CPSF2	Q9P2I0	CPEB1	Q9BZB8	RF2-PPI final90
A	CPSF4	O95639	MEOX2	P50222	HI-union
A	CPSF4	O95639	MYOG	P15173	HI-union
A	CPSF6	Q16630	PLSCR1	O15162	HI-union
A	CPSF6	Q16630	USP21	Q9UK80	HI-union
A	CPSF7	Q8N684	PATZ1	Q9HBE1	HI-union
A	CPSF7	Q8N684	PRKAA2	P54646	HI-union
A	CPSF7	Q8N684	PRMT2	P55345	HI-union
A	CPSF7	Q8N684	SMAD3	P84022	HI-union
A	CRBN	Q96SW2	ZNF436	Q9C0F3	RF2-PPI final90
A	CRCP	O75575	GSC2	O15499	HI-union
A	CRCP	O75575	TCF12	Q99081	HI-union
A	CRCP	O75575	ZMIZ2	Q8NF64	HI-union
A	CSNK1D	P48730	IKZF4	Q9H2S9	HI-union
A	CSNK1D	P48730	ZBTB8A	Q96BR9	HI-union
A	CSNK1D	P48730	ZNF618	Q5T7W0	HI-union
A	CSNK1E	P49674	ZNF618	Q5T7W0	HI-union
A	CSNK2B	P67870	BANP	Q8N9N5	HI-union
A	CSNK2B	P67870	CSNK2A1	P68400	HI-union + RF2-PPI final90
A	CSNK2B	P67870	GLIS2	Q9BZE0	HI-union
A	CSNK2B	P67870	HOXB5	P09067	HI-union
A	CSNK2B	P67870	INO80B	Q9C086	HI-union
A	CSNK2B	P67870	NRF1	Q16656	HI-union
A	CSNK2B	P67870	TFAP2D	Q7Z6R9	HI-union
A	CSNK2B	P67870	TLX3	O43711	HI-union
A	CSNK2B	P67870	ZNF19	P17023	HI-union
A	CSNK2B	P67870	ZNF410	Q86VK4	HI-union
A	CSRP2	Q16527	TRIM27	P14373	HI-union
A	CSTB	P04080	HOPX	Q9BPY8	RF2-PPI final90
A	CSTF2	P33240	AKAP8L	Q9ULX6	HI-union
A	CSTF2	P33240	CTBP2	P56545	HI-union
A	CSTF2	P33240	POU6F2	P78424	HI-union
A	CSTF2	P33240	PRDM6	Q9NQX0	HI-union
A	CSTF2	P33240	RFX6	Q8HWS3	HI-union
A	CSTF2	P33240	SS18L1	O75177	HI-union
A	CSTF2	P33240	ZNF341	Q9BYN7	HI-union
A	CSTF2T	Q9H0L4	AKAP8L	Q9ULX6	HI-union
A	CSTF2T	Q9H0L4	FOXI1	Q12951	HI-union
A	CSTF2T	Q9H0L4	FOXJ2	Q9P0K8	HI-union
A	CSTF2T	Q9H0L4	PKNOX2	Q96KN3	HI-union
A	CSTF2T	Q9H0L4	SMYD3	Q9H7B4	HI-union + RF2-PPI final90
A	CSTF2T	Q9H0L4	TOX2	Q96NM4	HI-union
A	CT45A1	Q5HYN5	CSNK2A1	P68400	HI-union
A	CT45A10	P0DMU9	CREB3	O43889	HI-union
A	CUEDC2	Q9H467	TBP	P20226	HI-union
A	CUTC	Q9NTM9	BCL6	P41182	HI-union
A	CUTC	Q9NTM9	MEOX2	P50222	HI-union
A	DAZAP2	Q15038	ARID5A	Q03989	HI-union
A	DAZAP2	Q15038	BATF2	Q8N1L9	HI-union
A	DAZAP2	Q15038	BHLHE40	O14503	HI-union
A	DAZAP2	Q15038	CELF5	Q8N6W0	HI-union
A	DAZAP2	Q15038	CELF6	Q96J87	HI-union
A	DAZAP2	Q15038	FOXD4L1	Q9NU39	HI-union
A	DAZAP2	Q15038	FOXH1	O75593	HI-union
A	DAZAP2	Q15038	HEY1	Q9Y5J3	HI-union
A	DAZAP2	Q15038	HSFY1	Q96LI6	HI-union
A	DAZAP2	Q15038	HSFY2	Q96LI6	HI-union
A	DAZAP2	Q15038	ISX	Q2M1V0	HI-union
A	DAZAP2	Q15038	LITAF	Q99732	HI-union
A	DAZAP2	Q15038	PATZ1	Q9HBE1	HI-union
A	DAZAP2	Q15038	PITX2	Q99697	HI-union
A	DAZAP2	Q15038	PLSCR1	O15162	HI-union
A	DAZAP2	Q15038	POGZ	Q7Z3K3	HI-union
A	DAZAP2	Q15038	PROP1	O75360	HI-union
A	DAZAP2	Q15038	RBFOX1	Q9NWB1	HI-union
A	DAZAP2	Q15038	RBM11	P57052	HI-union
A	DAZAP2	Q15038	RBM24	Q9BX46	HI-union
A	DAZAP2	Q15038	RHOXF2	Q9BQY4	HI-union
A	DAZAP2	Q15038	SOX10	P56693	HI-union
A	DAZAP2	Q15038	TBX6	O95947	HI-union
A	DAZAP2	Q15038	VENTX	O95231	HI-union
A	DAZAP2	Q15038	VEZF1	Q14119	HI-union
A	DAZAP2	Q15038	ZBTB32	Q9Y2Y4	HI-union
A	DAZAP2	Q15038	ZNF34	Q8IZ26	HI-union
A	DAZAP2	Q15038	ZNF581	Q9P0T4	HI-union
A	DBF4B	Q8NFT6	SGF29	Q96ES7	HI-union
A	DBF4B	Q8NFT6	TRIM27	P14373	HI-union
A	DBF4B	Q8NFT6	ZNF655	Q8N720	HI-union
A	DCAF8	Q5TAQ9	THAP1	Q9NVV9	HI-union
A	DCLRE1C	Q96SD1	PAXIP1	Q6ZW49	RF2-PPI final90
A	DCTN1	Q14203	ZNF598	Q86UK7	RF2-PPI final90
A	DCUN1D1	Q96GG9	ABRAXAS2	Q15018	HI-union
A	DCUN1D1	Q96GG9	CUL1	Q13616	RF2-PPI final90
A	DCUN1D1	Q96GG9	CUL2	Q13617	RF2-PPI final90
A	DCUN1D1	Q96GG9	CUL3	Q13618	RF2-PPI final90
A	DCUN1D1	Q96GG9	CUL4A	Q13619	RF2-PPI final90
A	DCUN1D1	Q96GG9	CUL4B	Q13620	RF2-PPI final90
A	DCUN1D1	Q96GG9	NKX2-1	P43699	RF2-PPI final90
A	DCUN1D2	Q6PH85	CUL1	Q13616	RF2-PPI final90
A	DCUN1D2	Q6PH85	CUL2	Q13617	RF2-PPI final90
A	DCUN1D2	Q6PH85	CUL3	Q13618	RF2-PPI final90
A	DCUN1D2	Q6PH85	CUL4A	Q13619	RF2-PPI final90
A	DCUN1D2	Q6PH85	CUL4B	Q13620	RF2-PPI final90
A	DCUN1D2	Q6PH85	RBX1	P62877	RF2-PPI final90
A	DCUN1D3	Q8IWE4	CUL1	Q13616	RF2-PPI final90
A	DCUN1D3	Q8IWE4	CUL2	Q13617	RF2-PPI final90
A	DCUN1D3	Q8IWE4	CUL3	Q13618	RF2-PPI final90
A	DCUN1D3	Q8IWE4	CUL4A	Q13619	RF2-PPI final90
A	DCUN1D3	Q8IWE4	CUL4B	Q13620	RF2-PPI final90
A	DCUN1D4	Q92564	CUL1	Q13616	RF2-PPI final90
A	DCUN1D4	Q92564	CUL2	Q13617	RF2-PPI final90
A	DCUN1D4	Q92564	CUL4A	Q13619	RF2-PPI final90
A	DCUN1D4	Q92564	CUL4B	Q13620	RF2-PPI final90
A	DCUN1D5	Q9BTE7	CUL1	Q13616	RF2-PPI final90
A	DCUN1D5	Q9BTE7	CUL2	Q13617	RF2-PPI final90
A	DCUN1D5	Q9BTE7	CUL3	Q13618	RF2-PPI final90
A	DCUN1D5	Q9BTE7	CUL4A	Q13619	RF2-PPI final90
A	DCUN1D5	Q9BTE7	CUL4B	Q13620	RF2-PPI final90
A	DCUN1D5	Q9BTE7	FOXL2	P58012	RF2-PPI final90
A	DCUN1D5	Q9BTE7	RBX1	P62877	RF2-PPI final90
A	DDX46	Q7L014	ALKBH5	Q6P6C2	RF2-PPI final90
A	DDX46	Q7L014	PUF60	Q9UHX1	RF2-PPI final90
A	DDX46	Q7L014	TAF6	P49848	RF2-PPI final90
A	DDX56	Q9NY93	EIF4A3	P38919	HI-union
A	DDX6	P26196	DDX17	Q92841	HI-union
A	DDX6	P26196	IKZF1	Q13422	HI-union
A	DDX6	P26196	POU6F2	P78424	HI-union
A	DDX6	P26196	PRDM16	Q9HAZ2	HI-union
A	DDX6	P26196	RBM11	P57052	HI-union
A	DDX6	P26196	REL	Q04864	HI-union
A	DDX6	P26196	TCF12	Q99081	HI-union
A	DDX6	P26196	TCF4	P15884	HI-union
A	DDX6	P26196	TRIM27	P14373	HI-union
A	DDX6	P26196	ZBTB10	Q96DT7	HI-union
A	DDX6	P26196	ZBTB14	O43829	HI-union
A	DDX6	P26196	ZBTB43	O43298	HI-union
A	DDX6	P26196	ZBTB8A	Q96BR9	HI-union
A	DDX6	P26196	ZNF24	P17028	HI-union
A	DEF6	Q9H4E7	HOMEZ	Q8IX15	HI-union
A	DEF6	Q9H4E7	L3MBTL3	Q96JM7	HI-union
A	DEF6	Q9H4E7	PLSCR1	O15162	HI-union
A	DEF6	Q9H4E7	REL	Q04864	HI-union
A	DEF6	Q9H4E7	SAP18	O00422	HI-union
A	DEF6	Q9H4E7	SLU7	O95391	HI-union
A	DEF6	Q9H4E7	TCF4	P15884	HI-union
A	DEF6	Q9H4E7	ZNF688	P0C7X2	HI-union
A	DERA	Q9Y315	HSF2	Q03933	HI-union
A	DES	P17661	LBX1	P52954	HI-union
A	DES	P17661	NEK6	Q9HC98	HI-union
A	DES	P17661	PIAS2	O75928	HI-union
A	DESI1	Q6ICB0	MEOX2	P50222	HI-union
A	DESI1	Q6ICB0	PRMT9	Q6P2P2	RF2-PPI final90
A	DESI1	Q6ICB0	UHRF2	Q96PU4	HI-union
A	DGCR6	Q14129	AKAP8L	Q9ULX6	HI-union
A	DGCR6L	Q9BY27	ATN1	P54259	HI-union
A	DGCR6L	Q9BY27	GATA1	P15976	HI-union
A	DGCR6L	Q9BY27	HMG20A	Q9NP66	HI-union
A	DGCR6L	Q9BY27	MBIP	Q9NS73	HI-union
A	DGCR6L	Q9BY27	POU2AF1	Q16633	HI-union
A	DGCR6L	Q9BY27	ZNF446	Q9NWS9	HI-union
A	DGCR6L	Q9BY27	ZNF620	Q6ZNG0	HI-union
A	DGCR8	Q8WYQ5	MEOX2	P50222	HI-union
A	DHX15	O43143	NKRF	O15226	HI-union
A	DHX15	O43143	RBM17	Q96I25	HI-union + RF2-PPI final90
A	DHX15	O43143	RBM5	P52756	RF2-PPI final90
A	DHX15	O43143	ZGPAT	Q8N5A5	HI-union + RF2-PPI final90
A	DHX16	O60231	CDC5L	Q99459	RF2-PPI final90
A	DHX16	O60231	CDX2	Q99626	RF2-PPI final90
A	DHX16	O60231	CDX4	O14627	RF2-PPI final90
A	DHX16	O60231	HOMEZ	Q8IX15	HI-union
A	DHX16	O60231	NSRP1	Q9H0G5	RF2-PPI final90
A	DIDO1	Q9BTC0	SRSF1	Q07955	HI-union
A	DIS3	Q9Y2L1	EXOSC3	Q9NQT5	RF2-PPI final90
A	DIS3	Q9Y2L1	EXOSC4	Q9NPD3	RF2-PPI final90
A	DIS3	Q9Y2L1	EXOSC7	Q15024	RF2-PPI final90
A	DIS3	Q9Y2L1	EXOSC9	Q06265	RF2-PPI final90
A	DMC1	Q14565	PIAS2	O75928	HI-union
A	DMC1	Q14565	RAD51	Q06609	RF2-PPI final90
A	DMPK	Q09013	MYF6	P23409	RF2-PPI final90
A	DMWD	Q09019	USP12	O75317	RF2-PPI final90
A	DMWD	Q09019	USP46	P62068	RF2-PPI final90
A	DNAJC17	Q9NVM6	MEOX2	P50222	HI-union
A	DNAJC27	Q9NZQ0	TFCP2	Q12800	HI-union
A	DNPH1	O43598	PIN1	Q13526	RF2-PPI final90
A	DNTT	P04053	REL	Q04864	HI-union
A	DNTT	P04053	TCF4	P15884	HI-union
A	DPH1	Q9BZG8	TFCP2	Q12800	HI-union
A	DPH3	Q96FX2	MEOX2	P50222	HI-union + RF2-PPI final90
A	DPH3	Q96FX2	ZNF438	Q7Z4V0	HI-union
A	DRG1	Q9Y295	MEOX2	P50222	HI-union
A	DRG1	Q9Y295	PHC2	Q8IXK0	HI-union
A	DRG1	Q9Y295	SKIL	P12757	HI-union
A	DRG2	P55039	EIF4A3	P38919	HI-union
A	DSN1	Q9H410	NSL1	Q96IY1	RF2-PPI final90
A	DTL	Q9NZJ0	PCNA	P12004	RF2-PPI final90
A	DTNB	O60941	CTBP2	P56545	HI-union
A	DTNB	O60941	HMG20A	Q9NP66	HI-union
A	DTNB	O60941	POU6F2	P78424	HI-union
A	DTNB	O60941	SPZ1	Q9BXG8	HI-union
A	DTNB	O60941	TRIM27	P14373	HI-union
A	DTNB	O60941	ZBTB9	Q96C00	HI-union
A	DTNBP1	Q96EV8	KANSL1	Q7Z3B3	HI-union
A	DTNBP1	Q96EV8	OIP5	O43482	HI-union
A	DTNBP1	Q96EV8	TRIM27	P14373	HI-union
A	DTX2	Q86UW9	ALKBH4	Q9NXW9	HI-union
A	DTX2	Q86UW9	ARID5A	Q03989	HI-union
A	DTX2	Q86UW9	ARNT2	Q9HBZ2	HI-union
A	DTX2	Q86UW9	EYA2	O00167	HI-union
A	DTX2	Q86UW9	FOXI1	Q12951	HI-union
A	DTX2	Q86UW9	FTO	Q9C0B1	HI-union
A	DTX2	Q86UW9	HLX	Q14774	HI-union
A	DTX2	Q86UW9	HOXA1	P49639	HI-union
A	DTX2	Q86UW9	HOXB2	P14652	HI-union
A	DTX2	Q86UW9	HOXD12	P35452	HI-union
A	DTX2	Q86UW9	HSFY1	Q96LI6	HI-union
A	DTX2	Q86UW9	HSFY2	Q96LI6	HI-union
A	DTX2	Q86UW9	IKZF3	Q9UKT9	HI-union
A	DTX2	Q86UW9	OIP5	O43482	HI-union
A	DTX2	Q86UW9	PAX5	Q02548	HI-union
A	DTX2	Q86UW9	PLSCR1	O15162	HI-union
A	DTX2	Q86UW9	POGZ	Q7Z3K3	HI-union
A	DTX2	Q86UW9	RBM11	P57052	HI-union
A	DTX2	Q86UW9	RFX6	Q8HWS3	HI-union
A	DTX2	Q86UW9	RHOXF2	Q9BQY4	HI-union
A	DTX2	Q86UW9	SOHLH1	Q5JUK2	HI-union
A	DTX2	Q86UW9	TBX15	Q96SF7	HI-union + RF2-PPI final90
A	DTX2	Q86UW9	UBE2D1	P51668	HI-union + RF2-PPI final90
A	DTX2	Q86UW9	UBE2D3	P61077	HI-union + RF2-PPI final90
A	DTX2	Q86UW9	ZNF34	Q8IZ26	HI-union
A	DTX2	Q86UW9	ZNF503	Q96F45	HI-union
A	DTX2	Q86UW9	ZNF620	Q6ZNG0	HI-union
A	DTX2	Q86UW9	ZNF641	Q96N77	HI-union
A	DTX2	Q86UW9	ZNF764	Q96H86	HI-union
A	DTX2	Q86UW9	ZNF774	Q6NX45	HI-union
A	DTX2	Q86UW9	ZNF85	Q03923	HI-union
A	DTX3	Q8N9I9	UBE2D1	P51668	HI-union + RF2-PPI final90
A	DTX3	Q8N9I9	UBE2D3	P61077	HI-union + RF2-PPI final90
A	DTX3	Q8N9I9	UBE2H	P62256	RF2-PPI final90
A	DUS1L	Q6P1R4	MEOX2	P50222	HI-union
A	DUSP10	Q9Y6W6	HOXA1	P49639	HI-union
A	DUSP21	Q9H596	CTBP2	P56545	HI-union
A	DUSP21	Q9H596	EYA2	O00167	HI-union
A	DUSP21	Q9H596	OIP5	O43482	HI-union
A	DUSP21	Q9H596	POU4F3	Q15319	HI-union
A	DUSP21	Q9H596	RFX6	Q8HWS3	HI-union
A	DUSP21	Q9H596	TOX3	O15405	HI-union
A	DUSP21	Q9H596	ZMAT1	Q5H9K5	HI-union
A	DUSP23	Q9BVJ7	EXOSC8	Q96B26	HI-union
A	DUSP23	Q9BVJ7	TCF4	P15884	HI-union
A	DUSP29	Q68J44	RNF40	O75150	HI-union
A	DUSP29	Q68J44	TCF4	P15884	HI-union
A	DUSP3	P51452	MEOX1	P50221	HI-union
A	DUSP3	P51452	TCF15	Q12870	RF2-PPI final90
A	DUSP4	Q13115	ZNF426	Q9BUY5	HI-union
A	DUSP4	Q13115	ZNF655	Q8N720	HI-union
A	DXO	O77932	PRMT6	Q96LA8	RF2-PPI final90
A	DYNLL1	P63167	DPPA3	Q6W0C5	HI-union
A	DYNLL1	P63167	HMBOX1	Q6NT76	HI-union
A	DYNLL1	P63167	THAP10	Q9P2Z0	HI-union
A	DYNLL1	P63167	ZNF710	Q8N1W2	HI-union
A	EBP	Q15125	CREB3L1	Q96BA8	HI-union
A	EEF1AKMT2	Q5JPI9	PRR14	Q9BWN1	RF2-PPI final90
A	EGLN3	Q9H6Z9	ARID5B	Q14865	RF2-PPI final90
A	EGLN3	Q9H6Z9	CTBP2	P56545	HI-union
A	EGLN3	Q9H6Z9	EPAS1	Q99814	RF2-PPI final90
A	EGLN3	Q9H6Z9	FOXJ2	Q9P0K8	HI-union
A	EGLN3	Q9H6Z9	FOXN4	Q96NZ1	RF2-PPI final90
A	EGLN3	Q9H6Z9	GSC2	O15499	HI-union
A	EGLN3	Q9H6Z9	HIF1A	Q16665	HI-union + RF2-PPI final90
A	EGLN3	Q9H6Z9	IKZF3	Q9UKT9	HI-union
A	EGLN3	Q9H6Z9	REL	Q04864	HI-union
A	EGLN3	Q9H6Z9	ZNF655	Q8N720	HI-union
A	EIF1AD	Q8N9N8	GLYR1	Q49A26	HI-union
A	EIF1AD	Q8N9N8	MEOX2	P50222	HI-union
A	EIF1AD	Q8N9N8	PAX6	P26367	HI-union
A	EIF1AD	Q8N9N8	PBX4	Q9BYU1	HI-union
A	EIF1AD	Q8N9N8	RBAK	Q9NYW8	HI-union
A	EIF1AD	Q8N9N8	STAT1	P42224	HI-union
A	EIF1AD	Q8N9N8	ZBTB14	O43829	HI-union
A	EIF1AD	Q8N9N8	ZBTB8A	Q96BR9	HI-union
A	EIF1AD	Q8N9N8	ZNF280A	P59817	HI-union
A	EIF1AD	Q8N9N8	ZNF521	Q96K83	HI-union
A	EIF1AD	Q8N9N8	ZNF558	Q96NG5	HI-union
A	EIF3E	P60228	ZNF48	Q96MX3	HI-union
A	EIF3G	O75821	MEOX2	P50222	HI-union
A	EIF3G	O75821	PRKAG1	P54619	HI-union
A	EIF4E	P06730	TRIM27	P14373	HI-union
A	EIF4EBP1	Q13541	MEOX1	P50221	HI-union
A	EIF4EBP1	Q13541	POU6F2	P78424	HI-union
A	EIF4EBP1	Q13541	REL	Q04864	HI-union
A	EIF4EBP1	Q13541	TCF4	P15884	HI-union
A	EIF4EBP1	Q13541	ZNF655	Q8N720	HI-union
A	EIF4ENIF1	Q9NRA8	L3MBTL2	Q969R5	HI-union
A	EIF4ENIF1	Q9NRA8	OIP5	O43482	HI-union
A	EIF4G1	Q04637	A1CF	Q9NQ94	HI-union
A	EIF4G1	Q04637	CTBP2	P56545	HI-union
A	EIF4G1	Q04637	GBX1	Q14549	RF2-PPI final90
A	EIF4G1	Q04637	HOXC5	Q00444	RF2-PPI final90
A	EIF4G1	Q04637	SMARCD1	Q96GM5	HI-union
A	EIF5A2	Q9GZV4	REL	Q04864	HI-union
A	EIF6	P56537	MEOX2	P50222	HI-union
A	ELAVL1	Q15717	ANP32A	P39687	RF2-PPI final90
A	ELOA	Q14241	BACH2	Q9BYV9	HI-union
A	ELOA	Q14241	CTR9	Q6PD62	RF2-PPI final90
A	ELOA	Q14241	HIVEP1	P15822	HI-union
A	ELOA	Q14241	HOMEZ	Q8IX15	HI-union
A	ELOA	Q14241	PRDM6	Q9NQX0	HI-union
A	ELOA	Q14241	PRMT5	O14744	HI-union
A	ELOA	Q14241	ZNF792	Q3KQV3	HI-union
A	ELOA2	Q8IYF1	CBX5	P45973	HI-union
A	ELOA2	Q8IYF1	CHD2	O14647	HI-union
A	ELOA2	Q8IYF1	RNPS1	Q15287	HI-union
A	ELOA2	Q8IYF1	SOHLH2	Q9NX45	HI-union
A	ELOA2	Q8IYF1	ZBTB43	O43298	HI-union
A	ELOA2	Q8IYF1	ZNF138	P52744	HI-union
A	ELOA2	Q8IYF1	ZNF165	P49910	HI-union
A	ELOA2	Q8IYF1	ZNF23	P17027	HI-union
A	EMD	P50402	CREB3	O43889	HI-union
A	EMD	P50402	CUL3	Q13618	RF2-PPI final90
A	EMD	P50402	MEOX1	P50221	HI-union
A	EMD	P50402	MEOX2	P50222	HI-union
A	EMD	P50402	MTERF4	Q7Z6M4	HI-union
A	EMD	P50402	REL	Q04864	HI-union
A	EMD	P50402	TCF23	Q7RTU1	HI-union
A	EMD	P50402	ZFP1	Q6P2D0	HI-union
A	EMD	P50402	ZFP57	Q9NU63	HI-union
A	EMD	P50402	ZNF165	P49910	HI-union
A	EMD	P50402	ZNF232	Q9UNY5	HI-union
A	EMD	P50402	ZNF329	Q86UD4	HI-union
A	EMD	P50402	ZNF341	Q9BYN7	HI-union
A	EMD	P50402	ZNF398	Q8TD17	HI-union
A	EMD	P50402	ZNF549	Q6P9A3	HI-union
A	EMD	P50402	ZNF774	Q6NX45	HI-union
A	EME2	A4GXA9	MEOX2	P50222	HI-union
A	EMG1	Q92979	ZNF768	Q9H5H4	HI-union
A	ENC1	O14682	KEAP1	Q14145	RF2-PPI final90
A	ENOPH1	Q9UHY7	ZNF280A	P59817	HI-union
A	EPB41	P11171	CLNS1A	P54105	HI-union
A	EPN1	Q9Y6I3	LITAF	Q99732	HI-union
A	EPN3	Q9H201	LITAF	Q99732	HI-union
A	EPN3	Q9H201	RNF8	O76064	HI-union
A	ERCC1	P07992	XPA	P23025	HI-union
A	ERCC4	Q92889	XPA	P23025	RF2-PPI final90
A	ERCC5	P28715	KDM1A	O60341	RF2-PPI final90
A	ERCC8	Q13216	ERCC6	Q03468	RF2-PPI final90
A	ERH	P84090	CHTOP	Q9Y3Y2	HI-union
A	ERH	P84090	ZNF597	Q96LX8	RF2-PPI final90
A	ESRP1	Q6NXG1	ARID5A	Q03989	HI-union
A	ESS2	Q96DF8	CDC5L	Q99459	RF2-PPI final90
A	ESS2	Q96DF8	OIP5	O43482	HI-union
A	ESS2	Q96DF8	SMARCD1	Q96GM5	HI-union
A	EVI5	O60447	MCRS1	Q96EZ8	HI-union
A	EVI5	O60447	MORF4L2	Q15014	HI-union
A	EVI5	O60447	PRPF31	Q8WWY3	HI-union
A	EVI5	O60447	ZNF446	Q9NWS9	HI-union
A	FAAP100	Q0VG06	HOXA1	P49639	HI-union
A	FAAP20	Q6NZ36	ARNT2	Q9HBZ2	HI-union
A	FAAP20	Q6NZ36	CRX	O43186	HI-union
A	FAAP20	Q6NZ36	MEOX2	P50222	HI-union
A	FAAP20	Q6NZ36	PRDM5	Q9NQX1	HI-union
A	FAAP20	Q6NZ36	REL	Q04864	HI-union
A	FAF1	Q9UNN5	CUL1	Q13616	RF2-PPI final90
A	FAM107A	O95990	ESRRG	P62508	HI-union
A	FAM107A	O95990	TADA2A	O75478	HI-union
A	FAM118B	Q9BPY3	PIAS2	O75928	HI-union
A	FAM118B	Q9BPY3	RAD54L2	Q9Y4B4	HI-union
A	FAM118B	Q9BPY3	RNF8	O76064	HI-union
A	FAM124B	Q9H5Z6	IKZF3	Q9UKT9	HI-union
A	FAM124B	Q9H5Z6	LHX3	Q9UBR4	HI-union
A	FAM124B	Q9H5Z6	MYF5	P13349	HI-union
A	FAM124B	Q9H5Z6	SP7	Q8TDD2	HI-union
A	FAM124B	Q9H5Z6	TCF4	P15884	HI-union
A	FAM124B	Q9H5Z6	ZBED1	O96006	HI-union
A	FAM124B	Q9H5Z6	ZNF69	Q9UC07	HI-union
A	FAM124B	Q9H5Z6	ZNF774	Q6NX45	HI-union
A	FAM193B	Q96PV7	TRIM27	P14373	HI-union
A	FAM220A	Q7Z4H9	NEK6	Q9HC98	HI-union
A	FAM53B	Q14153	MEOX2	P50222	HI-union
A	FAM9A	Q8IZU1	ESRRA	P11474	HI-union
A	FAM9A	Q8IZU1	ESRRG	P62508	HI-union
A	FAM9A	Q8IZU1	MCRS1	Q96EZ8	HI-union
A	FAM9A	Q8IZU1	PHC1	P78364	HI-union
A	FAM9A	Q8IZU1	THAP1	Q9NVV9	HI-union
A	FAM9A	Q8IZU1	ZBTB6	Q15916	HI-union
A	FAM9A	Q8IZU1	ZFP91	Q96JP5	HI-union
A	FAM9A	Q8IZU1	ZNF775	Q96BV0	HI-union
A	FAM9B	Q8IZU0	ATF7	P17544	HI-union
A	FAM9B	Q8IZU0	BARD1	Q99728	HI-union
A	FAM9B	Q8IZU0	CHRAC1	Q9NRG0	HI-union
A	FAM9B	Q8IZU0	DAXX	Q9UER7	HI-union
A	FAM9B	Q8IZU0	FERD3L	Q96RJ6	HI-union
A	FAM9B	Q8IZU0	JAZF1	Q86VZ6	HI-union
A	FAM9B	Q8IZU0	LBX1	P52954	HI-union
A	FAM9B	Q8IZU0	MORF4L1	Q9UBU8	HI-union
A	FAM9B	Q8IZU0	MORF4L2	Q15014	HI-union
A	FAM9B	Q8IZU0	NOTO	A8MTQ0	HI-union
A	FAM9B	Q8IZU0	PPARA	Q07869	HI-union
A	FAM9B	Q8IZU0	RBM17	Q96I25	HI-union
A	FAM9B	Q8IZU0	RNF8	O76064	HI-union
A	FAM9B	Q8IZU0	SMARCB1	Q12824	HI-union
A	FAM9B	Q8IZU0	SRRM4	A7MD48	HI-union
A	FAM9B	Q8IZU0	ZGPAT	Q8N5A5	HI-union
A	FAM9B	Q8IZU0	ZNF41	P51814	HI-union
A	FAM9B	Q8IZU0	ZNF410	Q86VK4	HI-union
A	FAM9B	Q8IZU0	ZNF567	Q8N184	HI-union
A	FAM9B	Q8IZU0	ZNF614	Q8N883	HI-union
A	FAM9B	Q8IZU0	ZNF777	Q9ULD5	HI-union
A	FAM9C	Q8IZT9	SNAPC5	O75971	HI-union
A	FANCC	Q00597	MEOX2	P50222	HI-union
A	FANCE	Q9HB96	CENPS	Q8N2Z9	RF2-PPI final90
A	FANCG	O15287	GABPB1	Q06547	HI-union
A	FANCG	O15287	MEOX2	P50222	HI-union
A	FANCG	O15287	TADA2A	O75478	HI-union
A	FANCG	O15287	TPRX1	Q8N7U7	HI-union
A	FANCG	O15287	ZBED1	O96006	HI-union
A	FANCG	O15287	ZNF329	Q86UD4	HI-union
A	FANCL	Q9NW38	CHCHD3	Q9NX63	HI-union
A	FANCL	Q9NW38	GATA1	P15976	HI-union
A	FANCL	Q9NW38	HOXD4	P09016	HI-union
A	FANCL	Q9NW38	ID2	Q02363	HI-union
A	FANCL	Q9NW38	IKZF3	Q9UKT9	HI-union
A	FANCL	Q9NW38	TFCP2	Q12800	HI-union
A	FANCL	Q9NW38	UBE2T	Q9NPD8	RF2-PPI final90
A	FANCL	Q9NW38	ZNF224	Q9NZL3	HI-union
A	FANCL	Q9NW38	ZNF581	Q9P0T4	HI-union
A	FANCL	Q9NW38	ZNF774	Q6NX45	HI-union
A	FANCM	Q8IYD8	CENPS	Q8N2Z9	RF2-PPI final90
A	FANCM	Q8IYD8	CENPT	Q96BT3	RF2-PPI final90
A	FANCM	Q8IYD8	CENPX	A8MT69	RF2-PPI final90
A	FANCM	Q8IYD8	TRIM27	P14373	HI-union
A	FBLL1	A6NHQ2	DNTTIP2	Q5QJE6	RF2-PPI final90
A	FBXL17	Q9UF56	ZBTB18	Q99592	RF2-PPI final90
A	FBXL5	Q9UKA1	SKP1	P63208	HI-union
A	FBXO11	Q86XK2	SKP1	P63208	HI-union
A	FBXO22	Q8NEZ5	SKP1	P63208	HI-union
A	FBXO25	Q8TCJ0	RBM8A	Q9Y5S9	RF2-PPI final90
A	FBXO25	Q8TCJ0	SKP1	P63208	HI-union
A	FBXO28	Q9NVF7	SKP1	P63208	HI-union
A	FBXO3	Q9UK99	BACH1	O14867	RF2-PPI final90
A	FBXO3	Q9UK99	SKP1	P63208	HI-union
A	FBXO44	Q9H4M3	MEOX2	P50222	HI-union
A	FBXO44	Q9H4M3	PRDM5	Q9NQX1	HI-union
A	FBXO44	Q9H4M3	SKP1	P63208	HI-union
A	FBXO45	P0C2W1	SKP1	P63208	RF2-PPI final90
A	FBXO5	Q9UKT4	SKP1	P63208	HI-union
A	FEN1	P39748	PCNA	P12004	RF2-PPI final90
A	FGF12	P61328	DACH1	Q9UI36	HI-union
A	FGF12	P61328	IKZF1	Q13422	HI-union
A	FGF12	P61328	RBAK	Q9NYW8	HI-union
A	FGF12	P61328	THAP1	Q9NVV9	HI-union
A	FGF12	P61328	ZNF460	Q14592	HI-union
A	FGF12	P61328	ZNF79	Q15937	HI-union
A	FGF14	Q92915	HOXD12	P35452	HI-union
A	FIGNL1	Q6PIW4	RAD51	Q06609	RF2-PPI final90
A	FIP1L1	Q6UN15	SIRT6	Q8N6T7	RF2-PPI final90
A	FKBP6	O75344	GSC2	O15499	HI-union
A	FKBP6	O75344	MEOX2	P50222	HI-union
A	FKBP6	O75344	PIAS2	O75928	HI-union
A	FKBP6	O75344	ZNF655	Q8N720	HI-union + RF2-PPI final90
A	FLAD1	Q8NFF5	L3MBTL3	Q96JM7	HI-union
A	FLAD1	Q8NFF5	REL	Q04864	HI-union
A	FLAD1	Q8NFF5	TCF4	P15884	HI-union
A	FRG1	Q14331	EXOSC8	Q96B26	HI-union
A	FSAF1	Q8NDD1	KAT5	Q92993	HI-union
A	FSBP	O95073	PRKAA1	Q13131	HI-union
A	FSBP	O95073	ZNF580	Q9UK33	HI-union
A	FSD2	A1L4K1	BRD8	Q9H0E9	HI-union
A	FSD2	A1L4K1	CBX8	Q9HC52	HI-union
A	FSD2	A1L4K1	CDC73	Q6P1J9	HI-union
A	FSD2	A1L4K1	HDAC4	P56524	HI-union
A	FSD2	A1L4K1	KANSL1	Q7Z3B3	HI-union
A	FSD2	A1L4K1	MCRS1	Q96EZ8	HI-union
A	FSD2	A1L4K1	OIP5	O43482	HI-union
A	FSD2	A1L4K1	PBX3	P40426	HI-union
A	FSD2	A1L4K1	PRPF31	Q8WWY3	HI-union
A	FSD2	A1L4K1	RCOR3	Q9P2K3	HI-union
A	FSD2	A1L4K1	RNF8	O76064	HI-union
A	FSD2	A1L4K1	SMARCE1	Q969G3	HI-union
A	FSD2	A1L4K1	THAP7	Q9BT49	HI-union
A	FSD2	A1L4K1	UBTFL1	P0CB47	HI-union
A	FSD2	A1L4K1	VEZF1	Q14119	HI-union
A	FSD2	A1L4K1	ZNF124	Q15973	HI-union
A	FSD2	A1L4K1	ZNF20	P17024	HI-union
A	FSD2	A1L4K1	ZNF230	Q9UIE0	HI-union
A	FSD2	A1L4K1	ZNF35	P13682	HI-union
A	FSD2	A1L4K1	ZNF408	Q9H9D4	HI-union
A	FSD2	A1L4K1	ZNF410	Q86VK4	HI-union
A	FSD2	A1L4K1	ZNF417	Q8TAU3	HI-union
A	FSD2	A1L4K1	ZNF490	Q9ULM2	HI-union
A	FSD2	A1L4K1	ZNF572	Q7Z3I7	HI-union
A	FSD2	A1L4K1	ZNF580	Q9UK33	HI-union
A	FSD2	A1L4K1	ZNF581	Q9P0T4	HI-union
A	FSD2	A1L4K1	ZNF587	Q96SQ5	HI-union
A	FSD2	A1L4K1	ZNF648	Q5T619	HI-union
A	FSD2	A1L4K1	ZNF76	P36508	HI-union
A	FSD2	A1L4K1	ZNF774	Q6NX45	HI-union
A	FSD2	A1L4K1	ZNF777	Q9ULD5	HI-union
A	FSD2	A1L4K1	ZNF835	Q9Y2P0	HI-union
A	FSD2	A1L4K1	ZNF837	Q96EG3	HI-union
A	FSD2	A1L4K1	ZSCAN26	Q16670	HI-union
A	FTSJ3	Q8IY81	TAF7	Q15545	RF2-PPI final90
A	FUBP1	Q96AE4	PUF60	Q9UHX1	HI-union
A	FUBP1	Q96AE4	U2AF2	P26368	HI-union
A	FXR1	P51114	CBX8	Q9HC52	HI-union
A	FXR1	P51114	ESR1	P03372	RF2-PPI final90
A	FXR1	P51114	MAGOH	P61326	HI-union
A	FXR1	P51114	MCRS1	Q96EZ8	HI-union
A	FXR1	P51114	PRPF31	Q8WWY3	HI-union
A	FXR1	P51114	VPS72	Q15906	RF2-PPI final90
A	FXR1	P51114	ZNF417	Q8TAU3	HI-union
A	FXR1	P51114	ZNF438	Q7Z4V0	HI-union
A	FXR1	P51114	ZNF71	Q9NQZ8	HI-union
A	FYN	P06241	MEOX2	P50222	HI-union
A	GADD45GIP1	Q8TAE8	HMG20A	Q9NP66	HI-union
A	GADD45GIP1	Q8TAE8	MBD3	O95983	HI-union
A	GADD45GIP1	Q8TAE8	OIP5	O43482	HI-union
A	GADD45GIP1	Q8TAE8	PBX4	Q9BYU1	HI-union
A	GADD45GIP1	Q8TAE8	PRDM6	Q9NQX0	HI-union
A	GADD45GIP1	Q8TAE8	RBM11	P57052	HI-union
A	GADD45GIP1	Q8TAE8	TRIM27	P14373	HI-union
A	GEMIN2	O14893	HOXD10	P28358	HI-union
A	GEMIN2	O14893	MEOX1	P50221	HI-union
A	GEMIN2	O14893	PAX6	P26367	HI-union
A	GEMIN4	P57678	HR	O43593	HI-union
A	GEMIN4	P57678	USP15	Q9Y4E8	HI-union
A	GEMIN4	P57678	ZNF326	Q5BKZ1	HI-union
A	GEMIN4	P57678	ZNF35	P13682	HI-union
A	GET3	O43681	CREB3L4	Q8TEY5	HI-union
A	GET3	O43681	EMSY	Q7Z589	HI-union
A	GINS3	Q9BRX5	MEOX2	P50222	HI-union
A	GINS3	Q9BRX5	SMARCD1	Q96GM5	HI-union
A	GINS4	Q9BRT9	DMAP1	Q9NPF5	HI-union
A	GINS4	Q9BRT9	LHX8	Q68G74	HI-union
A	GINS4	Q9BRT9	PBX4	Q9BYU1	HI-union
A	GMCL1	Q96IK5	CUL3	Q13618	HI-union
A	GMCL1	Q96IK5	DAXX	Q9UER7	HI-union
A	GMCL1	Q96IK5	FLYWCH1	Q4VC44	HI-union
A	GMCL1	Q96IK5	FOSL2	P15408	HI-union
A	GMCL1	Q96IK5	FOXR1	Q6PIV2	HI-union
A	GMCL1	Q96IK5	KAT5	Q92993	HI-union
A	GMCL1	Q96IK5	MORF4L1	Q9UBU8	HI-union
A	GMCL1	Q96IK5	NFIL3	Q16649	HI-union
A	GMCL1	Q96IK5	PAX4	O43316	HI-union
A	GMCL1	Q96IK5	TLK2	Q86UE8	HI-union
A	GMCL1	Q96IK5	YY1	P25490	HI-union
A	GMCL1	Q96IK5	ZBTB24	O43167	HI-union
A	GMCL1	Q96IK5	ZIM2	Q9NZV7	HI-union
A	GMCL1	Q96IK5	ZMYM2	Q9UBW7	HI-union
A	GMCL1	Q96IK5	ZNF23	P17027	HI-union
A	GMCL1	Q96IK5	ZNF250	P15622	HI-union
A	GNL3L	Q9NVN8	HMBOX1	Q6NT76	HI-union
A	GPATCH2	Q9NW75	CSNK2A1	P68400	HI-union
A	GPATCH2	Q9NW75	DPY30	Q9C005	HI-union
A	GPN1	Q9HCN4	ZBED1	O96006	HI-union
A	GPR50	Q13585	ZNF572	Q7Z3I7	HI-union
A	GPRASP3	Q6PI77	HOXA1	P49639	HI-union
A	GPRASP3	Q6PI77	INO80B	Q9C086	HI-union
A	GPRASP3	Q6PI77	L3MBTL2	Q969R5	HI-union
A	GPRASP3	Q6PI77	LEO1	Q8WVC0	HI-union
A	GPRASP3	Q6PI77	OTX1	P32242	HI-union
A	GPRASP3	Q6PI77	PHF1	O43189	HI-union
A	GPRASP3	Q6PI77	PRKAB2	O43741	HI-union
A	GPRASP3	Q6PI77	PRPF31	Q8WWY3	HI-union
A	GPRASP3	Q6PI77	RCOR3	Q9P2K3	HI-union
A	GPRASP3	Q6PI77	SMARCD1	Q96GM5	HI-union
A	GPRASP3	Q6PI77	SRCAP	Q6ZRS2	HI-union
A	GPRASP3	Q6PI77	TLK1	Q9UKI8	HI-union
A	GPRASP3	Q6PI77	ZNF417	Q8TAU3	HI-union
A	GRAP2	O75791	PRKAA2	P54646	HI-union
A	GRAP2	O75791	YWHAE	P62258	HI-union
A	GRAP2	O75791	ZBTB7B	O15156	HI-union
A	GRAP2	O75791	ZNF250	P15622	HI-union
A	GRAP2	O75791	ZNF319	Q9P2F9	HI-union
A	GRAP2	O75791	ZSCAN21	Q9Y5A6	HI-union
A	GRB2	P62993	ARID5A	Q03989	HI-union
A	GRB2	P62993	DDX17	Q92841	HI-union
A	GRB2	P62993	HOMEZ	Q8IX15	HI-union
A	GRB2	P62993	IKZF3	Q9UKT9	HI-union
A	GRB2	P62993	PAK2	Q13177	RF2-PPI final90
A	GRB2	P62993	REL	Q04864	HI-union
A	GRB2	P62993	TRIM27	P14373	HI-union
A	GRB2	P62993	ZBTB12	Q9Y330	HI-union
A	GRB2	P62993	ZBTB7B	O15156	HI-union
A	GRB2	P62993	ZNF341	Q9BYN7	HI-union
A	GRB2	P62993	ZNF474	Q6S9Z5	HI-union
A	GRB2	P62993	ZNF620	Q6ZNG0	HI-union
A	GSDMD	P57764	MEOX2	P50222	HI-union
A	GSDMD	P57764	ZBTB33	Q86T24	HI-union
A	GSDMD	P57764	ZNF426	Q9BUY5	HI-union
A	GSDMD	P57764	ZNF558	Q96NG5	HI-union
A	GSTP1	P09211	HOXA1	P49639	HI-union
A	GSTP1	P09211	ZNF655	Q8N720	HI-union
A	GTF2E2	P29084	KAT5	Q92993	HI-union
A	GTF3C2	Q8WUA4	GTF3C4	Q9UKN8	RF2-PPI final90
A	GTF3C3	Q9Y5Q9	PBX4	Q9BYU1	RF2-PPI final90
A	GTF3C3	Q9Y5Q9	PPARD	Q03181	RF2-PPI final90
A	GTF3C3	Q9Y5Q9	TP53BP1	Q12888	RF2-PPI final90
A	GTF3C5	Q9Y5Q8	BRD7	Q9NPI1	RF2-PPI final90
A	GTPBP10	A4D1E9	MTERF3	Q96E29	RF2-PPI final90
A	H1-7	Q75WM6	MEOX2	P50222	HI-union
A	H2AC1	Q96QV6	SMARCA5	O60264	RF2-PPI final90
A	H2AC14	Q99878	SMARCA5	O60264	RF2-PPI final90
A	H2AC20	Q16777	SMARCA5	O60264	RF2-PPI final90
A	H2AC21	Q8IUE6	SMARCA2	P51531	RF2-PPI final90
A	H2AC21	Q8IUE6	SMARCA5	O60264	RF2-PPI final90
A	H2AC21	Q8IUE6	SUPT16H	Q9Y5B9	RF2-PPI final90
A	H2AC4	P04908	SMARCA5	O60264	RF2-PPI final90
A	H2AC4	P04908	SUPT16H	Q9Y5B9	RF2-PPI final90
A	H2AJ	Q9BTM1	SMARCA2	P51531	RF2-PPI final90
A	H2AJ	Q9BTM1	SMARCA5	O60264	RF2-PPI final90
A	H2AX	P16104	DAXX	Q9UER7	RF2-PPI final90
A	H2AX	P16104	PRMT7	Q9NVM4	RF2-PPI final90
A	H2AX	P16104	SMARCA5	O60264	RF2-PPI final90
A	H2BC12	O60814	NFYB	P25208	RF2-PPI final90
A	H2BC17	P23527	NFYB	P25208	RF2-PPI final90
A	H3-5	Q6NXT2	ASF1A	Q9Y294	RF2-PPI final90
A	H3-5	Q6NXT2	ASF1B	Q9NVP2	RF2-PPI final90
A	H3-5	Q6NXT2	CENPA	P49450	RF2-PPI final90
A	H3-5	Q6NXT2	DAXX	Q9UER7	HI-union
A	H3-5	Q6NXT2	NASP	P49321	HI-union
A	H3-7	Q5TEC6	ASF1A	Q9Y294	RF2-PPI final90
A	H3-7	Q5TEC6	ASF1B	Q9NVP2	RF2-PPI final90
A	H3-7	Q5TEC6	ATRX	P46100	RF2-PPI final90
A	H3-7	Q5TEC6	CENPA	P49450	RF2-PPI final90
A	H3-7	Q5TEC6	DNMT3L	Q9UJW3	RF2-PPI final90
A	H3-7	Q5TEC6	PHIP	Q8WWQ0	RF2-PPI final90
A	H3-7	Q5TEC6	SUPT16H	Q9Y5B9	RF2-PPI final90
A	H3-7	Q5TEC6	WDR5	P61964	RF2-PPI final90
A	H3Y1	P0DPK2	ASF1A	Q9Y294	RF2-PPI final90
A	H3Y1	P0DPK2	ASF1B	Q9NVP2	RF2-PPI final90
A	H3Y2	P0DPK5	ASF1A	Q9Y294	RF2-PPI final90
A	H3Y2	P0DPK5	ASF1B	Q9NVP2	RF2-PPI final90
A	H4C7	Q99525	CENPA	P49450	RF2-PPI final90
A	HAP1	P54257	HDAC4	P56524	HI-union
A	HAP1	P54257	HOXB5	P09067	HI-union
A	HAP1	P54257	MSGN1	A6NI15	HI-union
A	HAP1	P54257	PKN1	Q16512	HI-union
A	HAP1	P54257	PRPF31	Q8WWY3	HI-union
A	HAP1	P54257	ZFP1	Q6P2D0	HI-union
A	HAP1	P54257	ZNF124	Q15973	HI-union
A	HAP1	P54257	ZNF490	Q9ULM2	HI-union
A	HAP1	P54257	ZNF572	Q7Z3I7	HI-union
A	HAP1	P54257	ZNF575	Q86XF7	HI-union
A	HAP1	P54257	ZNF648	Q5T619	HI-union
A	HAP1	P54257	ZNF835	Q9Y2P0	HI-union
A	HEMGN	Q9BXL5	CTBP2	P56545	HI-union
A	HIKESHI	Q53FT3	OTX2	P32243	HI-union
A	HIP1	O00291	LITAF	Q99732	HI-union
A	HIP1	O00291	REL	Q04864	HI-union
A	HNRNPA2B1	P22626	ARID4B	Q4LE39	HI-union
A	HNRNPA2B1	P22626	ENY2	Q9NPA8	HI-union
A	HNRNPA2B1	P22626	STAT5B	P51692	HI-union
A	HNRNPCL1	O60812	PIAS2	O75928	HI-union
A	HNRNPCL1	O60812	RAD54L2	Q9Y4B4	HI-union
A	HNRNPR	O43390	OGT	O15294	RF2-PPI final90
A	HNRNPR	O43390	PRMT1	Q99873	HI-union
A	HNRNPUL1	Q9BUJ2	DMRTB1	Q96MA1	HI-union
A	HNRNPUL1	Q9BUJ2	DZIP3	Q86Y13	HI-union
A	HNRNPUL1	Q9BUJ2	PIAS2	O75928	HI-union
A	HORMAD1	Q86X24	MEOX2	P50222	HI-union
A	HORMAD2	Q8N7B1	NSD2	O96028	HI-union
A	HSP90AA1	P07900	OGT	O15294	RF2-PPI final90
A	HSPB2	Q16082	A1CF	Q9NQ94	HI-union
A	HSPB2	Q16082	HOXB9	P17482	HI-union
A	HSPB2	Q16082	PATZ1	Q9HBE1	HI-union
A	HSPB2	Q16082	POGZ	Q7Z3K3	HI-union
A	HSPB2	Q16082	TLX3	O43711	HI-union
A	HSPB2	Q16082	TRIM33	Q9UPN9	RF2-PPI final90
A	HSPB2	Q16082	VEZF1	Q14119	HI-union
A	HSPB7	Q9UBY9	IKZF3	Q9UKT9	HI-union
A	HSPB7	Q9UBY9	PRDM14	Q9GZV8	HI-union
A	HSPB7	Q9UBY9	REL	Q04864	HI-union
A	HSPB7	Q9UBY9	TCF4	P15884	HI-union
A	HSPB8	Q9UJY1	FOXK2	Q01167	RF2-PPI final90
A	IFIH1	Q9BYX4	KEAP1	Q14145	HI-union
A	IGF2BP1	Q9NZI8	SMYD2	Q9NRG4	RF2-PPI final90
A	IGF2BP3	O00425	MEOX2	P50222	HI-union
A	IGFBP5	P24593	THAP4	Q8WY91	HI-union
A	IGFN1	Q86VF2	BANP	Q8N9N5	HI-union
A	IGFN1	Q86VF2	CRX	O43186	HI-union
A	IGFN1	Q86VF2	HIVEP1	P15822	HI-union
A	IGFN1	Q86VF2	HOXA1	P49639	HI-union
A	IGFN1	Q86VF2	HOXD3	P31249	HI-union
A	IGFN1	Q86VF2	LHX9	Q9NQ69	HI-union
A	IGFN1	Q86VF2	MEOX2	P50222	HI-union
A	IGFN1	Q86VF2	MYOD1	P15172	HI-union
A	IGFN1	Q86VF2	POU6F2	P78424	HI-union
A	IGFN1	Q86VF2	TRIM27	P14373	HI-union
A	IGFN1	Q86VF2	ZNF620	Q6ZNG0	HI-union
A	IGFN1	Q86VF2	ZNF688	P0C7X2	HI-union
A	IK	Q13123	CIC	Q96RK0	RF2-PPI final90
A	IK	Q13123	MBD3	O95983	HI-union
A	IL37	Q9NZH6	PRKAB2	O43741	HI-union
A	IMP3	Q9NV31	ZNF655	Q8N720	HI-union + RF2-PPI final90
A	IMP4	Q96G21	ZBTB7B	O15156	HI-union
A	IMPDH1	P20839	PIAS2	O75928	HI-union
A	IMPDH1	P20839	RAD54L2	Q9Y4B4	HI-union + RF2-PPI final90
A	IMPDH2	P12268	POU6F2	P78424	HI-union
A	IMPDH2	P12268	STAT3	P40763	HI-union
A	INCA1	Q0VD86	AKAP8L	Q9ULX6	HI-union
A	INCA1	Q0VD86	DMRT3	Q9NQL9	HI-union
A	INCA1	Q0VD86	DMRTB1	Q96MA1	HI-union
A	INCA1	Q0VD86	EXOSC8	Q96B26	HI-union
A	INCA1	Q0VD86	HDAC4	P56524	HI-union
A	INCA1	Q0VD86	HOXA1	P49639	HI-union
A	INCA1	Q0VD86	HR	O43593	HI-union
A	INCA1	Q0VD86	LHX3	Q9UBR4	HI-union
A	INCA1	Q0VD86	NEK6	Q9HC98	HI-union
A	INCA1	Q0VD86	NPAS2	Q99743	HI-union
A	INCA1	Q0VD86	PADI3	Q9ULW8	HI-union
A	INCA1	Q0VD86	PDP1	Q9P0J1	HI-union
A	INCA1	Q0VD86	PHF1	O43189	HI-union
A	INCA1	Q0VD86	POU4F2	Q12837	HI-union
A	INCA1	Q0VD86	SAP18	O00422	HI-union
A	INCA1	Q0VD86	TEAD4	Q15561	HI-union
A	INCA1	Q0VD86	TFAP2A	P05549	HI-union
A	INCA1	Q0VD86	TFAP2D	Q7Z6R9	HI-union
A	INCA1	Q0VD86	TFAP4	Q01664	HI-union
A	INCA1	Q0VD86	THAP6	Q8TBB0	HI-union
A	INCA1	Q0VD86	TPRX1	Q8N7U7	HI-union
A	INCA1	Q0VD86	VEZF1	Q14119	HI-union
A	INCA1	Q0VD86	ZNF32	P17041	HI-union
A	INCA1	Q0VD86	ZNF446	Q9NWS9	HI-union
A	INCA1	Q0VD86	ZNF747	Q9BV97	HI-union
A	INCA1	Q0VD86	ZNF765	Q7L2R6	HI-union
A	INCENP	Q9NQS7	AURKA	O14965	RF2-PPI final90
A	INCENP	Q9NQS7	AURKB	Q96GD4	RF2-PPI final90
A	INCENP	Q9NQS7	AURKC	Q9UQB9	RF2-PPI final90
A	INIP	Q9NRY2	ARID5A	Q03989	HI-union
A	INKA1	Q96EL1	ZNF417	Q8TAU3	HI-union
A	INVS	Q9Y283	HIF1AN	Q9NWT6	HI-union
A	IP6K1	Q92551	EXOSC7	Q15024	HI-union
A	IP6K2	Q9UHH9	MEOX2	P50222	HI-union
A	IP6K2	Q9UHH9	PLSCR1	O15162	HI-union
A	IP6K2	Q9UHH9	ZBTB2	Q8N680	HI-union
A	IPMK	Q8NFU5	ATRX	P46100	RF2-PPI final90
A	IPO8	O15397	WT1	P19544	HI-union
A	IPO8	O15397	ZFP2	Q6ZN57	HI-union
A	IPO8	O15397	ZNF264	O43296	HI-union
A	IPO8	O15397	ZNF774	Q6NX45	HI-union
A	IQGAP1	P46940	LBX1	P52954	HI-union
A	IQGAP1	P46940	MEOX2	P50222	HI-union
A	IQGAP1	P46940	OTX2	P32243	HI-union
A	IQGAP1	P46940	PKNOX2	Q96KN3	HI-union
A	IRAK1BP1	Q5VVH5	PHF1	O43189	HI-union
A	IRAK1BP1	Q5VVH5	PRKAB2	O43741	HI-union
A	IRAK1BP1	Q5VVH5	TFCP2	Q12800	HI-union
A	IRAK1BP1	Q5VVH5	ZNF410	Q86VK4	HI-union
A	IST1	P53990	TOX3	O15405	HI-union
A	ISY1	Q9ULR0	KDM8	Q8N371	HI-union + RF2-PPI final90
A	JMJD7	P0C870	FOXI1	Q12951	HI-union
A	JMJD7	P0C870	GCM2	O75603	HI-union
A	JMJD7	P0C870	POGZ	Q7Z3K3	HI-union
A	JMJD7	P0C870	SAMD11	Q96NU1	HI-union
A	JPT1	Q9UK76	OTX2	P32243	HI-union
A	KARS1	Q15046	MYC	P01106	RF2-PPI final90
A	KASH5	Q8N6L0	ATF7	P17544	HI-union
A	KASH5	Q8N6L0	CDC73	Q6P1J9	HI-union
A	KASH5	Q8N6L0	TCF25	Q9BQ70	HI-union
A	KASH5	Q8N6L0	TSHZ3	Q63HK5	HI-union
A	KASH5	Q8N6L0	ZNF250	P15622	HI-union
A	KATNBL1	Q9H079	NEK6	Q9HC98	HI-union
A	KATNBL1	Q9H079	PRKAB2	O43741	HI-union
A	KATNBL1	Q9H079	SMARCD1	Q96GM5	HI-union
A	KATNBL1	Q9H079	ZNF329	Q86UD4	HI-union
A	KATNBL1	Q9H079	ZNF417	Q8TAU3	HI-union
A	KATNBL1	Q9H079	ZNF572	Q7Z3I7	HI-union
A	KATNBL1	Q9H079	ZNF587	Q96SQ5	HI-union + RF2-PPI final90
A	KBTBD7	Q8WVZ9	KLF15	Q9UIH9	HI-union
A	KBTBD7	Q8WVZ9	MEOX2	P50222	HI-union
A	KBTBD7	Q8WVZ9	PHC2	Q8IXK0	HI-union
A	KCTD10	Q9H3F6	CUL3	Q13618	HI-union
A	KCTD13	Q8WZ19	CUL3	Q13618	HI-union
A	KCTD13	Q8WZ19	EXOSC5	Q9NQT4	HI-union
A	KCTD13	Q8WZ19	KAT7	O95251	HI-union
A	KCTD19	Q17RG1	ZSCAN22	P10073	HI-union
A	KHDC4	Q7Z7F0	BANP	Q8N9N5	HI-union
A	KHDC4	Q7Z7F0	KCNIP3	Q9Y2W7	HI-union
A	KHDC4	Q7Z7F0	NRF1	Q16656	HI-union
A	KHDC4	Q7Z7F0	PRKAB2	O43741	HI-union
A	KHDC4	Q7Z7F0	PUF60	Q9UHX1	HI-union
A	KHDC4	Q7Z7F0	RHOXF2	Q9BQY4	HI-union
A	KHDC4	Q7Z7F0	U2AF2	P26368	HI-union
A	KHDRBS2	Q5VWX1	BAHD1	Q8TBE0	HI-union
A	KHDRBS2	Q5VWX1	CHTOP	Q9Y3Y2	HI-union
A	KHDRBS2	Q5VWX1	FOXD4L3	Q6VB84	HI-union
A	KHDRBS2	Q5VWX1	HHEX	Q03014	HI-union
A	KHDRBS2	Q5VWX1	KHDRBS1	Q07666	RF2-PPI final90
A	KHDRBS2	Q5VWX1	MTA1	Q13330	HI-union
A	KHDRBS2	Q5VWX1	PRPF31	Q8WWY3	HI-union
A	KHDRBS2	Q5VWX1	RBMX	P38159	HI-union
A	KHDRBS2	Q5VWX1	YTHDC1	Q96MU7	HI-union
A	KHDRBS2	Q5VWX1	ZNF497	Q6ZNH5	HI-union
A	KHDRBS2	Q5VWX1	ZNF581	Q9P0T4	HI-union
A	KHDRBS2	Q5VWX1	ZNF688	P0C7X2	HI-union
A	KHDRBS2	Q5VWX1	ZNF837	Q96EG3	HI-union
A	KHDRBS3	O75525	BAHD1	Q8TBE0	HI-union
A	KHDRBS3	O75525	DMRT3	Q9NQL9	HI-union
A	KHDRBS3	O75525	KHDRBS1	Q07666	RF2-PPI final90
A	KHDRBS3	O75525	MYPOP	Q86VE0	HI-union
A	KHDRBS3	O75525	PRPF31	Q8WWY3	HI-union
A	KHDRBS3	O75525	RBM7	Q9Y580	HI-union
A	KHDRBS3	O75525	RBMX	P38159	HI-union
A	KHDRBS3	O75525	YTHDC1	Q96MU7	HI-union
A	KHDRBS3	O75525	ZNF326	Q5BKZ1	HI-union
A	KHDRBS3	O75525	ZNF408	Q9H9D4	HI-union
A	KHDRBS3	O75525	ZNF575	Q86XF7	HI-union
A	KHDRBS3	O75525	ZNF580	Q9UK33	HI-union
A	KHDRBS3	O75525	ZNF688	P0C7X2	HI-union
A	KLHDC10	Q6PID8	MYCN	P04198	RF2-PPI final90
A	KLHL20	Q9Y2M5	BCL6	P41182	HI-union + RF2-PPI final90
A	KLHL20	Q9Y2M5	HR	O43593	HI-union
A	KLHL20	Q9Y2M5	KEAP1	Q14145	RF2-PPI final90
A	KLHL20	Q9Y2M5	TFAP2D	Q7Z6R9	HI-union
A	KLHL22	Q53GT1	ZBTB34	Q8NCN2	RF2-PPI final90
A	KNL1	Q8NG31	NSL1	Q96IY1	RF2-PPI final90
A	KNSTRN	Q9Y448	OIP5	O43482	HI-union
A	KNSTRN	Q9Y448	SGF29	Q96ES7	HI-union
A	KPNA1	P52294	ANP32A	P39687	RF2-PPI final90
A	KPNA1	P52294	ANP32B	Q92688	HI-union
A	KPNA1	P52294	TAF9	Q16594	HI-union + RF2-PPI final90
A	KPNA2	P52292	HMG20A	Q9NP66	HI-union
A	KPNA2	P52292	HOMEZ	Q8IX15	HI-union
A	KPNA2	P52292	INO80E	Q8NBZ0	HI-union
A	KPNA2	P52292	MORF4L1	Q9UBU8	HI-union
A	KPNA2	P52292	TADA2A	O75478	HI-union
A	KPNA3	O00505	BAHD1	Q8TBE0	HI-union
A	KPNA3	O00505	BRCA1	P38398	RF2-PPI final90
A	KPNA3	O00505	BRD3	Q15059	HI-union
A	KPNA3	O00505	DDX21	Q9NR30	HI-union
A	KPNA3	O00505	ESR2	Q92731	HI-union
A	KPNA3	O00505	KAT5	Q92993	HI-union
A	KPNA3	O00505	L3MBTL4	Q8NA19	HI-union
A	KPNA3	O00505	MTA1	Q13330	HI-union + RF2-PPI final90
A	KPNA3	O00505	ZBTB24	O43167	HI-union
A	KPNA3	O00505	ZNF76	P36508	HI-union
A	KPNA3	O00505	ZNF764	Q96H86	HI-union
A	KPNA4	O00629	KAT5	Q92993	HI-union
A	KPNA4	O00629	MTA1	Q13330	HI-union
A	KPNA4	O00629	NKX2-1	P43699	RF2-PPI final90
A	KRT14	P02533	OIP5	O43482	HI-union
A	KRT14	P02533	SMARCE1	Q969G3	HI-union
A	KRT18	P05783	RCOR3	Q9P2K3	HI-union
A	KRT8	P05787	NEK6	Q9HC98	HI-union
A	LAGE3	Q14657	AKAP8L	Q9ULX6	HI-union
A	LAGE3	Q14657	TRIM27	P14373	HI-union
A	LDOC1	O95751	AEBP2	Q6ZN18	HI-union
A	LDOC1	O95751	ATF4	P18848	HI-union
A	LDOC1	O95751	BARD1	Q99728	HI-union
A	LDOC1	O95751	CDC5L	Q99459	HI-union
A	LDOC1	O95751	DPF2	Q92785	HI-union
A	LDOC1	O95751	FOSL1	P15407	HI-union
A	LDOC1	O95751	HDAC4	P56524	HI-union
A	LDOC1	O95751	HOXB5	P09067	HI-union
A	LDOC1	O95751	HOXC8	P31273	HI-union
A	LDOC1	O95751	IKZF3	Q9UKT9	HI-union
A	LDOC1	O95751	IKZF5	Q9H5V7	HI-union
A	LDOC1	O95751	JRK	O75564	HI-union
A	LDOC1	O95751	MBD3	O95983	HI-union
A	LDOC1	O95751	MEAF6	Q9HAF1	HI-union
A	LDOC1	O95751	MSGN1	A6NI15	HI-union
A	LDOC1	O95751	PRPF31	Q8WWY3	HI-union
A	LDOC1	O95751	SETD5	Q9C0A6	HI-union
A	LDOC1	O95751	SMARCD1	Q96GM5	HI-union
A	LDOC1	O95751	SUDS3	Q9H7L9	HI-union
A	LDOC1	O95751	TEAD4	Q15561	HI-union
A	LDOC1	O95751	THAP7	Q9BT49	HI-union
A	LDOC1	O95751	UBTFL1	P0CB47	HI-union
A	LDOC1	O95751	ZBTB16	Q05516	HI-union
A	LDOC1	O95751	ZBTB24	O43167	HI-union
A	LDOC1	O95751	ZFP1	Q6P2D0	HI-union
A	LDOC1	O95751	ZGPAT	Q8N5A5	HI-union
A	LDOC1	O95751	ZNF124	Q15973	HI-union
A	LDOC1	O95751	ZNF250	P15622	HI-union
A	LDOC1	O95751	ZNF408	Q9H9D4	HI-union
A	LDOC1	O95751	ZNF564	Q8TBZ8	HI-union
A	LDOC1	O95751	ZNF587	Q96SQ5	HI-union
A	LDOC1	O95751	ZNF629	Q9UEG4	HI-union
A	LDOC1	O95751	ZNF648	Q5T619	HI-union
A	LDOC1	O95751	ZNF688	P0C7X2	HI-union
A	LDOC1	O95751	ZNF774	Q6NX45	HI-union
A	LDOC1	O95751	ZNF835	Q9Y2P0	HI-union
A	LEMD3	Q9Y2U8	SMAD1	Q15797	HI-union
A	LEMD3	Q9Y2U8	SMAD9	O15198	HI-union
A	LGALS13	Q9UHV8	CREB5	Q02930	HI-union
A	LGALS13	Q9UHV8	HOXA1	P49639	HI-union
A	LGALS13	Q9UHV8	OTX1	P32242	HI-union
A	LGALS13	Q9UHV8	POU4F2	Q12837	HI-union
A	LGALS14	Q8TCE9	BANP	Q8N9N5	HI-union
A	LGALS14	Q8TCE9	IKZF3	Q9UKT9	HI-union
A	LGALS14	Q8TCE9	JRK	O75564	HI-union
A	LGALS14	Q8TCE9	REL	Q04864	HI-union
A	LGALS14	Q8TCE9	STAT5B	P51692	HI-union
A	LGALS14	Q8TCE9	TCF4	P15884	HI-union
A	LGALS14	Q8TCE9	TRIM27	P14373	HI-union
A	LGALS14	Q8TCE9	ZBTB8A	Q96BR9	HI-union
A	LGALS14	Q8TCE9	ZNF438	Q7Z4V0	HI-union
A	LGALS14	Q8TCE9	ZNF655	Q8N720	HI-union
A	LGALS14	Q8TCE9	ZNF71	Q9NQZ8	HI-union
A	LGALS3	P17931	CRX	O43186	HI-union
A	LGALS3	P17931	SS18L1	O75177	HI-union
A	LHPP	Q9H008	ZSCAN23	Q3MJ62	HI-union
A	LIG1	P18858	EHMT2	Q96KQ7	RF2-PPI final90
A	LIG4	P49917	TP53BP1	Q12888	RF2-PPI final90
A	LLPH	Q9BRT6	NFIC	P08651	HI-union
A	LLPH	Q9BRT6	ZFP41	Q8N8Y5	HI-union
A	LMNA	P02545	ZNF564	Q8TBZ8	HI-union
A	LMNB1	P20700	DMAP1	Q9NPF5	HI-union
A	LMNB1	P20700	PIAS2	O75928	HI-union
A	LMNB2	Q03252	OVOL1	O14753	HI-union
A	LMNB2	Q03252	POU6F2	P78424	HI-union
A	LMNB2	Q03252	THAP1	Q9NVV9	HI-union
A	LMNB2	Q03252	TRIM27	P14373	HI-union
A	LMNB2	Q03252	ZFHX3	Q15911	HI-union
A	LSM10	Q969L4	CLNS1A	P54105	RF2-PPI final90
A	LTC4S	Q16873	CREB3L1	Q96BA8	HI-union
A	LTO1	Q8WV07	GSC2	O15499	HI-union
A	LUC7L2	Q9Y383	DZIP1	Q86YF9	HI-union
A	LUC7L2	Q9Y383	MEOX2	P50222	HI-union
A	LUC7L2	Q9Y383	NFYA	P23511	HI-union
A	LUC7L2	Q9Y383	RBM25	P49756	RF2-PPI final90
A	LUC7L2	Q9Y383	SRRM4	A7MD48	HI-union
A	LUC7L2	Q9Y383	SRSF6	Q13247	HI-union
A	LYPLA1	O75608	SFMBT2	Q5VUG0	HI-union
A	MAB21L2	Q9Y586	ARID5A	Q03989	HI-union
A	MAB21L2	Q9Y586	MEOX2	P50222	HI-union
A	MACO1	Q8N5G2	HOXA1	P49639	HI-union
A	MACO1	Q8N5G2	MEOX2	P50222	HI-union
A	MACO1	Q8N5G2	NR4A3	Q92570	HI-union
A	MACO1	Q8N5G2	ZNF655	Q8N720	HI-union
A	MAD1L1	Q9Y6D9	BUB1	O43683	RF2-PPI final90
A	MAD1L1	Q9Y6D9	RNF8	O76064	HI-union
A	MAD1L1	Q9Y6D9	TSC22D3	Q99576	HI-union
A	MAD1L1	Q9Y6D9	TSHZ3	Q63HK5	HI-union
A	MAD1L1	Q9Y6D9	USP15	Q9Y4E8	HI-union
A	MAD1L1	Q9Y6D9	ZSCAN32	Q9NX65	HI-union
A	MAD2L1	Q13257	CDYL	Q9Y232	RF2-PPI final90
A	MAD2L1	Q13257	KEAP1	Q14145	HI-union
A	MAD2L1	Q13257	TSC22D4	Q9Y3Q8	HI-union
A	MAD2L1BP	Q15013	HOMEZ	Q8IX15	HI-union
A	MAD2L1BP	Q15013	ZBTB14	O43829	HI-union
A	MAD2L1BP	Q15013	ZNF202	O95125	HI-union
A	MAFIP	Q8WZ33	JUNB	P17275	RF2-PPI final90
A	MAFIP	Q8WZ33	MIS18A	Q9NYP9	RF2-PPI final90
A	MAGEA11	P43364	BRD1	O95696	HI-union
A	MAGEA11	P43364	CSNK2A1	P68400	HI-union
A	MAGEA11	P43364	HOXB5	P09067	HI-union
A	MAGEA11	P43364	JADE3	Q92613	HI-union
A	MAGEA11	P43364	MCRS1	Q96EZ8	HI-union
A	MAGEA11	P43364	MTA1	Q13330	HI-union
A	MAGEA11	P43364	MXD3	Q9BW11	HI-union
A	MAGEA11	P43364	TCF25	Q9BQ70	HI-union
A	MAGEA11	P43364	TRIM27	P14373	HI-union
A	MAGEA11	P43364	WTAP	Q15007	HI-union
A	MAGEA11	P43364	ZBTB16	Q05516	HI-union
A	MAGEA11	P43364	ZNF655	Q8N720	HI-union
A	MAGEC2	Q9UBF1	PBX3	P40426	HI-union
A	MAGEE1	Q9HCI5	EID2B	Q96D98	HI-union
A	MAJIN	Q3KP22	PRKAB2	O43741	HI-union
A	MAK16	Q9BXY0	NOC2L	Q9Y3T9	RF2-PPI final90
A	MAP3K20	Q9NYL2	ZFP1	Q6P2D0	HI-union
A	MAP3K20	Q9NYL2	ZFP2	Q6ZN57	HI-union
A	MAP3K20	Q9NYL2	ZNF35	P13682	HI-union
A	MAP3K20	Q9NYL2	ZNF567	Q8N184	HI-union
A	MAP3K20	Q9NYL2	ZNF660	Q6AZW8	HI-union
A	MAP3K20	Q9NYL2	ZNF71	Q9NQZ8	HI-union
A	MAPK1	P28482	ETV3	P41162	RF2-PPI final90
A	MAPK1	P28482	HOMEZ	Q8IX15	HI-union
A	MAPK1	P28482	MSX2	P35548	HI-union
A	MAPK1	P28482	PLAGL2	Q9UPG8	HI-union
A	MAPK1	P28482	RNF8	O76064	HI-union
A	MAPK1	P28482	RPS6KA4	O75676	RF2-PPI final90
A	MAPK1	P28482	ZBTB42	B2RXF5	HI-union
A	MAPK11	Q15759	MAPKAPK3	Q16644	RF2-PPI final90
A	MAPK14	Q16539	ATAD2	Q6PL18	RF2-PPI final90
A	MAPK14	Q16539	MAPKAPK3	Q16644	RF2-PPI final90
A	MAPK14	Q16539	NFATC3	Q12968	RF2-PPI final90
A	MAPK14	Q16539	RPS6KA5	O75582	RF2-PPI final90
A	MAPK14	Q16539	ZFP36L1	Q07352	HI-union
A	MAPK8IP1	Q9UQF2	ZGPAT	Q8N5A5	RF2-PPI final90
A	MAPK9	P45984	ARRB1	P49407	HI-union
A	MAPK9	P45984	ATF2	P15336	HI-union
A	MAPK9	P45984	CBLL2	Q8N7E2	HI-union
A	MAPK9	P45984	CTBP1	Q13363	HI-union
A	MAPK9	P45984	GSC2	O15499	HI-union
A	MAPK9	P45984	L3MBTL3	Q96JM7	HI-union
A	MAPK9	P45984	LHX3	Q9UBR4	HI-union
A	MAPK9	P45984	MCRS1	Q96EZ8	HI-union
A	MAPK9	P45984	MEOX1	P50221	HI-union
A	MAPK9	P45984	PAX5	Q02548	HI-union
A	MAPK9	P45984	PBX4	Q9BYU1	HI-union
A	MAPK9	P45984	POU6F2	P78424	HI-union
A	MAPK9	P45984	PPARG	P37231	HI-union
A	MAPK9	P45984	ZBTB25	P24278	HI-union
A	MAPK9	P45984	ZNF138	P52744	HI-union
A	MAPK9	P45984	ZNF559	Q9BR84	HI-union
A	MAPK9	P45984	ZNHIT1	O43257	HI-union
A	MAPKBP1	O60336	FOXN1	O15353	HI-union
A	MAPKBP1	O60336	HOXA1	P49639	HI-union
A	MAPKBP1	O60336	KEAP1	Q14145	HI-union
A	MAPKBP1	O60336	MEOX2	P50222	HI-union
A	MAPKBP1	O60336	MYOG	P15173	HI-union
A	MAPKBP1	O60336	RBCK1	Q9BYM8	HI-union
A	MAPKBP1	O60336	TCF12	Q99081	HI-union
A	MAPKBP1	O60336	TCF4	P15884	HI-union
A	MAPKBP1	O60336	TRIM27	P14373	HI-union
A	MAPKBP1	O60336	ZNF34	Q8IZ26	HI-union
A	MBLAC1	A4D2B0	POGZ	Q7Z3K3	HI-union
A	MCC	P23508	BRD1	O95696	HI-union
A	MCC	P23508	CBX8	Q9HC52	HI-union
A	MCC	P23508	ESRRG	P62508	HI-union
A	MCC	P23508	KAT5	Q92993	HI-union
A	MCC	P23508	RCOR3	Q9P2K3	HI-union
A	MCC	P23508	SLU7	O95391	HI-union
A	MCC	P23508	THAP7	Q9BT49	HI-union
A	MCC	P23508	TSHZ2	Q9NRE2	HI-union
A	MCC	P23508	ZBTB48	P10074	HI-union
A	MCC	P23508	ZNF12	P17014	HI-union
A	MCC	P23508	ZNF202	O95125	HI-union
A	MCC	P23508	ZNF264	O43296	HI-union
A	MCC	P23508	ZNF3	P17036	HI-union
A	MCC	P23508	ZNF35	P13682	HI-union
A	MCC	P23508	ZNF417	Q8TAU3	HI-union
A	MCC	P23508	ZNF438	Q7Z4V0	HI-union
A	MCC	P23508	ZNF497	Q6ZNH5	HI-union
A	MCC	P23508	ZNF543	Q08ER8	HI-union
A	MCC	P23508	ZNF648	Q5T619	HI-union
A	MCC	P23508	ZNF792	Q3KQV3	HI-union
A	MCM10	Q7L590	ZBTB43	O43298	HI-union
A	MCM10	Q7L590	ZBTB8A	Q96BR9	HI-union
A	MCM2	P49736	ASF1A	Q9Y294	HI-union
A	MCM3	P25205	CDC6	Q99741	RF2-PPI final90
A	MCM6	Q14566	ING5	Q8WYH8	HI-union
A	MCM6	Q14566	ZBTB9	Q96C00	HI-union
A	MCM7	P33993	MBIP	Q9NS73	HI-union
A	MCM7	P33993	MEOX2	P50222	HI-union
A	MCM7	P33993	RBM8A	Q9Y5S9	HI-union
A	MCM7	P33993	SP2	Q02086	HI-union
A	MCM7	P33993	TRIM27	P14373	HI-union
A	MCMBP	Q9BTE3	DDIT3	P35638	HI-union
A	MCMBP	Q9BTE3	KEAP1	Q14145	HI-union
A	MCMBP	Q9BTE3	ZNF474	Q6S9Z5	HI-union
A	METTL21C	Q5VZV1	ZUP1	Q96AP4	RF2-PPI final90
A	METTL5	Q9NRN9	HOXA1	P49639	RF2-PPI final90
A	METTL5	Q9NRN9	ZBTB5	O15062	HI-union
A	MGRN1	O60291	UBE2D1	P51668	RF2-PPI final90
A	MGRN1	O60291	UBE2D3	P61077	RF2-PPI final90
A	MGRN1	O60291	UBE2E1	P51965	RF2-PPI final90
A	MGRN1	O60291	UBE2T	Q9NPD8	RF2-PPI final90
A	MICAL3	Q7RTP6	THRB	P10828	RF2-PPI final90
A	MKKS	Q9NPJ1	ZBED1	O96006	HI-union
A	MKLN1	Q9UL63	ZBTB2	Q8N680	HI-union
A	MKRN2	Q9H000	UBE2D1	P51668	HI-union + RF2-PPI final90
A	MKRN3	Q13064	ARID5A	Q03989	HI-union
A	MKRN3	Q13064	BATF2	Q8N1L9	HI-union
A	MKRN3	Q13064	GATA1	P15976	HI-union
A	MKRN3	Q13064	HOXA1	P49639	HI-union
A	MKRN3	Q13064	HOXD12	P35452	HI-union
A	MKRN3	Q13064	HSF4	Q9ULV5	HI-union
A	MKRN3	Q13064	IKZF3	Q9UKT9	HI-union
A	MKRN3	Q13064	INO80B	Q9C086	HI-union
A	MKRN3	Q13064	KLF1	Q13351	HI-union
A	MKRN3	Q13064	MBD3	O95983	HI-union
A	MKRN3	Q13064	MEOX1	P50221	HI-union
A	MKRN3	Q13064	MEOX2	P50222	HI-union
A	MKRN3	Q13064	PKN1	Q16512	HI-union
A	MKRN3	Q13064	PRKAA2	P54646	HI-union
A	MKRN3	Q13064	PRPF31	Q8WWY3	HI-union
A	MKRN3	Q13064	SMARCD1	Q96GM5	HI-union
A	MKRN3	Q13064	SMYD3	Q9H7B4	HI-union
A	MKRN3	Q13064	TADA2A	O75478	HI-union
A	MKRN3	Q13064	TFAP2A	P05549	HI-union
A	MKRN3	Q13064	TPRX1	Q8N7U7	HI-union
A	MKRN3	Q13064	UBE2D1	P51668	HI-union
A	MKRN3	Q13064	ZBTB42	B2RXF5	HI-union
A	MKRN3	Q13064	ZFP57	Q9NU63	HI-union
A	MKRN3	Q13064	ZIM2	Q9NZV7	HI-union
A	MKRN3	Q13064	ZNF34	Q8IZ26	HI-union
A	MKRN3	Q13064	ZNF414	Q96IQ9	HI-union
A	MKRN3	Q13064	ZNF587	Q96SQ5	HI-union
A	MKRN3	Q13064	ZNF688	P0C7X2	HI-union
A	MKRN3	Q13064	ZNF835	Q9Y2P0	HI-union
A	MLH1	P40692	MBD4	O95243	HI-union + RF2-PPI final90
A	MLH1	P40692	MYOG	P15173	HI-union
A	MLH1	P40692	NFIX	Q14938	HI-union
A	MLH1	P40692	TFAP2D	Q7Z6R9	HI-union
A	MLH1	P40692	ZBED6	P86452	HI-union
A	MLH1	P40692	ZFP57	Q9NU63	HI-union
A	MLH1	P40692	ZFP90	Q8TF47	HI-union
A	MLH1	P40692	ZNF177	Q13360	HI-union
A	MLH1	P40692	ZNF212	Q9UDV6	HI-union
A	MLH1	P40692	ZNF474	Q6S9Z5	HI-union
A	MLH1	P40692	ZNF774	Q6NX45	HI-union
A	MLIP	Q5VWP3	REL	Q04864	HI-union
A	MMP2	P08253	REL	Q04864	HI-union
A	MMP3	P08254	MEOX2	P50222	HI-union
A	MNS1	Q8NEH6	EP400	Q96L91	HI-union
A	MNS1	Q8NEH6	ZGPAT	Q8N5A5	HI-union
A	MOB1B	Q7L9L4	STK4	Q13043	RF2-PPI final90
A	MPHOSPH10	O00566	MORF4L1	Q9UBU8	HI-union
A	MPHOSPH6	Q99547	EXOSC1	Q9Y3B2	RF2-PPI final90
A	MPHOSPH6	Q99547	EXOSC3	Q9NQT5	RF2-PPI final90
A	MPHOSPH6	Q99547	EXOSC9	Q06265	RF2-PPI final90
A	MPLKIP	Q8TAP9	AKAP8L	Q9ULX6	HI-union
A	MRFAP1	Q9Y605	DPY30	Q9C005	HI-union
A	MRFAP1	Q9Y605	MORF4L1	Q9UBU8	HI-union
A	MRFAP1	Q9Y605	MORF4L2	Q15014	HI-union
A	MRFAP1	Q9Y605	PRKAA2	P54646	HI-union
A	MRFAP1	Q9Y605	ZNF655	Q8N720	HI-union
A	MRTO4	Q9UKD2	NTMT1	Q9BV86	RF2-PPI final90
A	MSL3B	P0C860	MSL1	Q68DK7	RF2-PPI final90
A	MSRB1	Q9NZV6	TRIM27	P14373	HI-union
A	MTREX	P42285	EXOSC2	Q13868	RF2-PPI final90
A	MTUS1	Q9ULD2	SKP1	P63208	HI-union
A	MVP	Q14764	NRF1	Q16656	HI-union
A	MX2	P20592	EHMT2	Q96KQ7	HI-union
A	MX2	P20592	PIAS2	O75928	HI-union
A	MXRA8	Q9BRK3	GMEB2	Q9UKD1	HI-union
A	MYCLP1	P12525	BHLHA9	Q7RTU4	RF2-PPI final90
A	MYCLP1	P12525	MLX	Q9UH92	RF2-PPI final90
A	MYD88	Q99836	SPOP	O43791	HI-union
A	MYD88	Q99836	ZNF35	P13682	HI-union
A	MYG1	Q9HB07	RXRB	P28702	HI-union
A	MYOZ1	Q9NP98	AKAP8L	Q9ULX6	HI-union
A	MYOZ1	Q9NP98	CRX	O43186	HI-union
A	MYOZ1	Q9NP98	EXOSC8	Q96B26	HI-union
A	MYOZ1	Q9NP98	LHX4	Q969G2	HI-union
A	N4BP1	O75113	LITAF	Q99732	HI-union
A	NAA10	P41227	BCOR	Q6W2J9	HI-union
A	NAA10	P41227	CREB3	O43889	HI-union
A	NAA10	P41227	CREBRF	Q8IUR6	HI-union
A	NAA10	P41227	EHMT2	Q96KQ7	HI-union
A	NAA10	P41227	MCRS1	Q96EZ8	HI-union
A	NAA10	P41227	MEOX2	P50222	HI-union
A	NAA10	P41227	RBCK1	Q9BYM8	HI-union
A	NAA10	P41227	ZBTB14	O43829	HI-union
A	NAA10	P41227	ZNF202	O95125	HI-union
A	NAA10	P41227	ZNF655	Q8N720	HI-union
A	NAA11	Q9BSU3	CREBRF	Q8IUR6	HI-union
A	NAA11	Q9BSU3	EHMT2	Q96KQ7	HI-union
A	NAA11	Q9BSU3	ZBTB14	O43829	HI-union
A	NAA11	Q9BSU3	ZNF202	O95125	HI-union
A	NABP1	Q96AH0	PURB	Q96QR8	HI-union
A	NABP1	Q96AH0	RBMX	P38159	HI-union
A	NABP1	Q96AH0	REL	Q04864	HI-union
A	NABP1	Q96AH0	TFCP2	Q12800	HI-union
A	NAF1	Q96HR8	MSX2	P35548	HI-union
A	NAF1	Q96HR8	SS18L1	O75177	HI-union
A	NANOS3	P60323	DND1	Q8IYX4	RF2-PPI final90
A	NAP1L3	Q99457	NAP1L2	Q9ULW6	HI-union + RF2-PPI final90
A	NAP1L5	Q96NT1	ATF4	P18848	HI-union
A	NAP1L5	Q96NT1	NAP1L1	P55209	RF2-PPI final90
A	NAP1L5	Q96NT1	NAP1L2	Q9ULW6	HI-union + RF2-PPI final90
A	NAP1L5	Q96NT1	NAP1L4	Q99733	RF2-PPI final90
A	NAV2	Q8IVL1	ING4	Q9UNL4	HI-union
A	NAV2	Q8IVL1	ING5	Q8WYH8	HI-union
A	NAV2	Q8IVL1	MORF4L1	Q9UBU8	HI-union
A	NAV2	Q8IVL1	PIAS2	O75928	HI-union
A	NAV2	Q8IVL1	RBM15	Q96T37	HI-union
A	NAV2	Q8IVL1	RBM15B	Q8NDT2	HI-union
A	NCAPG	Q9BPX3	FOXM1	Q08050	RF2-PPI final90
A	NCAPG	Q9BPX3	NFATC1	O95644	RF2-PPI final90
A	NCBP1	Q09161	RNF20	Q5VTR2	HI-union
A	NCBP1	Q09161	RNF40	O75150	HI-union
A	NCKIPSD	Q9NZQ3	DMRTB1	Q96MA1	HI-union
A	NCKIPSD	Q9NZQ3	PIN1	Q13526	HI-union
A	NCKIPSD	Q9NZQ3	PRPF31	Q8WWY3	HI-union
A	NCKIPSD	Q9NZQ3	VEZF1	Q14119	HI-union
A	NCKIPSD	Q9NZQ3	ZBTB47	Q9UFB7	HI-union
A	NCOA5	Q9HCD5	ZNF326	Q5BKZ1	HI-union
A	NDC80	O14777	ATF4	P18848	HI-union
A	NDC80	O14777	SGF29	Q96ES7	HI-union
A	NDC80	O14777	ZNF655	Q8N720	HI-union
A	NDN	Q99608	EID1	Q9Y6B2	HI-union
A	NDN	Q99608	ZBTB1	Q9Y2K1	HI-union
A	NDN	Q99608	ZBTB7B	O15156	HI-union
A	NDUFAF3	Q9BU61	POU2AF1	Q16633	HI-union
A	NDUFAF3	Q9BU61	RBCK1	Q9BYM8	HI-union
A	NDUFAF3	Q9BU61	REL	Q04864	HI-union
A	NEDD9	Q14511	BANP	Q8N9N5	HI-union
A	NEDD9	Q14511	DMRTB1	Q96MA1	HI-union
A	NEDD9	Q14511	EXOSC8	Q96B26	HI-union
A	NEDD9	Q14511	FOSB	P53539	HI-union
A	NEDD9	Q14511	HOXA1	P49639	HI-union
A	NEDD9	Q14511	LHX8	Q68G74	HI-union
A	NEDD9	Q14511	REL	Q04864	HI-union
A	NEDD9	Q14511	RFX6	Q8HWS3	HI-union
A	NEDD9	Q14511	TBX19	O60806	HI-union
A	NEDD9	Q14511	TFCP2	Q12800	HI-union
A	NEDD9	Q14511	TRIM27	P14373	HI-union
A	NEDD9	Q14511	ZNF76	P36508	HI-union
A	NEIL2	Q969S2	CRX	O43186	HI-union
A	NEIL2	Q969S2	HOMEZ	Q8IX15	HI-union
A	NEIL2	Q969S2	MEOX1	P50221	HI-union
A	NEIL2	Q969S2	PAX5	Q02548	HI-union
A	NEIL2	Q969S2	REL	Q04864	HI-union
A	NEIL2	Q969S2	TRIM27	P14373	HI-union
A	NEK7	Q8TDX7	NEK6	Q9HC98	RF2-PPI final90
A	NELL1	Q92832	MEOX2	P50222	HI-union
A	NEMF	O60524	ELF1	P32519	RF2-PPI final90
A	NICN1	Q9BSH3	POGZ	Q7Z3K3	HI-union
A	NICN1	Q9BSH3	TLX3	O43711	HI-union
A	NICN1	Q9BSH3	ZNF77	Q15935	HI-union
A	NIP7	Q9Y221	CRX	O43186	HI-union
A	NIP7	Q9Y221	REXO4	Q9GZR2	RF2-PPI final90
A	NIP7	Q9Y221	ZBED1	O96006	HI-union
A	NKAPL	Q5M9Q1	SLU7	O95391	RF2-PPI final90
A	NKAPL	Q5M9Q1	ZNF417	Q8TAU3	HI-union
A	NKAPL	Q5M9Q1	ZNF587	Q96SQ5	HI-union
A	NME1	P15531	NME2	P22392	RF2-PPI final90
A	NME7	Q9Y5B8	FOSL1	P15407	HI-union
A	NME7	Q9Y5B8	FOSL2	P15408	HI-union
A	NME7	Q9Y5B8	GATAD2B	Q8WXI9	HI-union
A	NME7	Q9Y5B8	GLIS2	Q9BZE0	HI-union
A	NME7	Q9Y5B8	GSC2	O15499	HI-union
A	NME7	Q9Y5B8	IKZF1	Q13422	HI-union
A	NME7	Q9Y5B8	IKZF3	Q9UKT9	HI-union
A	NME7	Q9Y5B8	MEOX2	P50222	HI-union
A	NME7	Q9Y5B8	PAX4	O43316	HI-union
A	NME7	Q9Y5B8	PIAS2	O75928	HI-union
A	NME7	Q9Y5B8	POU6F2	P78424	HI-union
A	NME7	Q9Y5B8	REL	Q04864	HI-union
A	NME7	Q9Y5B8	TCF4	P15884	HI-union
A	NME7	Q9Y5B8	THAP10	Q9P2Z0	HI-union
A	NME7	Q9Y5B8	TRIM27	P14373	HI-union
A	NME7	Q9Y5B8	ZBTB48	P10074	HI-union
A	NME7	Q9Y5B8	ZNF23	P17027	HI-union
A	NME7	Q9Y5B8	ZNF263	O14978	HI-union
A	NME7	Q9Y5B8	ZNF343	Q6P1L6	HI-union
A	NME7	Q9Y5B8	ZNF526	Q8TF50	HI-union
A	NME7	Q9Y5B8	ZNF620	Q6ZNG0	HI-union
A	NMNAT1	Q9HAN9	BANP	Q8N9N5	HI-union
A	NOC3L	Q8WTT2	NOC2L	Q9Y3T9	RF2-PPI final90
A	NOC3L	Q8WTT2	RSRC1	Q96IZ7	RF2-PPI final90
A	NOC4L	Q9BVI4	BHLHE40	O14503	HI-union
A	NOC4L	Q9BVI4	IKZF1	Q13422	HI-union
A	NOC4L	Q9BVI4	PLSCR1	O15162	HI-union
A	NOC4L	Q9BVI4	TSC22D4	Q9Y3Q8	HI-union
A	NOC4L	Q9BVI4	ZBTB42	B2RXF5	HI-union
A	NOL4	O94818	CTBP1	Q13363	HI-union
A	NOL4	O94818	CTBP2	P56545	HI-union
A	NOL4	O94818	MEOX2	P50222	HI-union
A	NOL4	O94818	SNAPC5	O75971	HI-union
A	NOL4	O94818	ZNF383	Q8NA42	HI-union
A	NOL9	Q5SY16	LAS1L	Q9Y4W2	RF2-PPI final90
A	NOL9	Q5SY16	REL	Q04864	HI-union
A	NOL9	Q5SY16	TCF4	P15884	HI-union
A	NOLC1	Q14978	FBL	P22087	RF2-PPI final90
A	NOM1	Q5C9Z4	EIF4A3	P38919	RF2-PPI final90
A	NOP16	Q9Y3C1	TLX3	O43711	RF2-PPI final90
A	NOP56	O00567	FBL	P22087	RF2-PPI final90
A	NOP58	Q9Y2X3	FBL	P22087	RF2-PPI final90
A	NOSIP	Q9Y314	ZNF410	Q86VK4	HI-union
A	NPLOC4	Q8TAT6	TP53BP1	Q12888	RF2-PPI final90
A	NR2C2AP	Q86WQ0	REL	Q04864	HI-union
A	NR2C2AP	Q86WQ0	TCF4	P15884	HI-union + RF2-PPI final90
A	NRDE2	Q9H7Z3	LHX3	Q9UBR4	HI-union
A	NRDE2	Q9H7Z3	RCOR3	Q9P2K3	HI-union
A	NRM	Q8IXM6	CREB3L1	Q96BA8	HI-union
A	NRM	Q8IXM6	HDAC11	Q96DB2	HI-union
A	NSMCE1	Q8WV22	TP53BP1	Q12888	RF2-PPI final90
A	NSMCE2	Q96MF7	ZUP1	Q96AP4	RF2-PPI final90
A	NTAQ1	Q96HA8	ACTB	P60709	HI-union
A	NTAQ1	Q96HA8	ARID4B	Q4LE39	HI-union
A	NTAQ1	Q96HA8	CGGBP1	Q9UFW8	HI-union
A	NTAQ1	Q96HA8	CHCHD3	Q9NX63	HI-union
A	NTAQ1	Q96HA8	EP400	Q96L91	HI-union
A	NTAQ1	Q96HA8	ETV6	P41212	HI-union
A	NTAQ1	Q96HA8	EXOSC8	Q96B26	HI-union
A	NTAQ1	Q96HA8	HMG20A	Q9NP66	HI-union
A	NTAQ1	Q96HA8	HOXB6	P17509	HI-union
A	NTAQ1	Q96HA8	KEAP1	Q14145	HI-union
A	NTAQ1	Q96HA8	L3MBTL3	Q96JM7	HI-union
A	NTAQ1	Q96HA8	MIS18A	Q9NYP9	HI-union
A	NTAQ1	Q96HA8	NR5A1	Q13285	HI-union
A	NTAQ1	Q96HA8	PRMT1	Q99873	HI-union
A	NTAQ1	Q96HA8	PRMT5	O14744	HI-union
A	NTAQ1	Q96HA8	RAD54L	Q92698	HI-union
A	NTAQ1	Q96HA8	SAP18	O00422	HI-union
A	NTAQ1	Q96HA8	TBX15	Q96SF7	HI-union
A	NTAQ1	Q96HA8	THAP1	Q9NVV9	HI-union
A	NTAQ1	Q96HA8	THAP6	Q8TBB0	HI-union
A	NTAQ1	Q96HA8	THAP7	Q9BT49	HI-union
A	NTAQ1	Q96HA8	TRIM27	P14373	HI-union
A	NTAQ1	Q96HA8	TSC22D1	Q15714	HI-union
A	NTAQ1	Q96HA8	VDR	P11473	HI-union
A	NTAQ1	Q96HA8	ZBED1	O96006	HI-union
A	NTAQ1	Q96HA8	ZBTB8A	Q96BR9	HI-union
A	NTAQ1	Q96HA8	ZBTB8B	Q8NAP8	HI-union
A	NTAQ1	Q96HA8	ZNF165	P49910	HI-union
A	NTAQ1	Q96HA8	ZNF341	Q9BYN7	HI-union
A	NTAQ1	Q96HA8	ZNF436	Q9C0F3	HI-union
A	NTAQ1	Q96HA8	ZNF511	Q8NB15	HI-union
A	NTAQ1	Q96HA8	ZNF618	Q5T7W0	HI-union
A	NTAQ1	Q96HA8	ZSCAN16	Q9H4T2	HI-union
A	NTAQ1	Q96HA8	ZSCAN32	Q9NX65	HI-union
A	NUDT16L1	Q9BRJ7	IKZF3	Q9UKT9	HI-union
A	NUDT16L1	Q9BRJ7	NEK6	Q9HC98	HI-union
A	NUDT16L1	Q9BRJ7	SMARCD1	Q96GM5	HI-union
A	NUDT21	O43809	IKZF1	Q13422	HI-union
A	NUDT21	O43809	TRIM27	P14373	HI-union
A	NUDT21	O43809	ZNF655	Q8N720	HI-union
A	NUDT3	O95989	SOX30	O94993	HI-union
A	NUMA1	Q14980	ABRAXAS2	Q15018	RF2-PPI final90
A	NUP85	Q9BW27	AHCTF1	Q8WYP5	RF2-PPI final90
A	NUTF2	P61970	BRWD1	Q9NSI6	HI-union
A	NUTF2	P61970	CHCHD3	Q9NX63	HI-union
A	NUTF2	P61970	HMG20A	Q9NP66	HI-union
A	NUTF2	P61970	HMG20B	Q9P0W2	HI-union
A	NUTF2	P61970	PAX4	O43316	HI-union
A	NUTF2	P61970	PBX4	Q9BYU1	HI-union
A	NUTF2	P61970	PCNA	P12004	HI-union
A	NUTF2	P61970	THAP11	Q96EK4	HI-union
A	NUTF2	P61970	THAP3	Q8WTV1	HI-union
A	NUTF2	P61970	YAF2	Q8IY57	HI-union
A	NUTM1	Q86Y26	CHCHD3	Q9NX63	HI-union
A	NUTM1	Q86Y26	KANSL1	Q7Z3B3	HI-union
A	NUTM1	Q86Y26	LHX8	Q68G74	HI-union
A	NUTM1	Q86Y26	MBD3	O95983	HI-union
A	NUTM1	Q86Y26	PRKAA2	P54646	HI-union
A	NUTM1	Q86Y26	PRKAB2	O43741	HI-union
A	NUTM1	Q86Y26	RCOR3	Q9P2K3	HI-union
A	NUTM1	Q86Y26	SMARCD1	Q96GM5	HI-union
A	NUTM1	Q86Y26	TEAD4	Q15561	HI-union
A	NUTM1	Q86Y26	ZNF277	Q9NRM2	HI-union
A	NXF3	Q9H4D5	SKIL	P12757	HI-union
A	NXT2	Q9NPJ8	IKZF3	Q9UKT9	HI-union
A	NXT2	Q9NPJ8	PKM	P14618	HI-union
A	NXT2	Q9NPJ8	REL	Q04864	HI-union
A	NXT2	Q9NPJ8	TCF4	P15884	HI-union
A	NXT2	Q9NPJ8	ZNF655	Q8N720	HI-union
A	OAS1	P00973	TRIM27	P14373	HI-union
A	OAZ3	Q9UMX2	IKZF3	Q9UKT9	HI-union
A	OAZ3	Q9UMX2	L3MBTL3	Q96JM7	HI-union
A	OAZ3	Q9UMX2	POU6F2	P78424	HI-union
A	OAZ3	Q9UMX2	REL	Q04864	HI-union
A	OAZ3	Q9UMX2	ZBTB42	B2RXF5	HI-union
A	OAZ3	Q9UMX2	ZNF620	Q6ZNG0	HI-union
A	ODAM	A1E959	ARID5A	Q03989	HI-union
A	ODAM	A1E959	POGZ	Q7Z3K3	HI-union
A	ODAM	A1E959	VENTX	O95231	HI-union
A	OGDH	Q02218	PLSCR1	O15162	HI-union
A	OGFOD1	Q8N543	THAP11	Q96EK4	HI-union
A	OIT3	Q8WWZ8	HOXA1	P49639	HI-union
A	OIT3	Q8WWZ8	MEOX2	P50222	HI-union
A	OIT3	Q8WWZ8	OTX1	P32242	HI-union
A	OSBPL3	Q9H4L5	MCRS1	Q96EZ8	HI-union
A	OSBPL3	Q9H4L5	WT1	P19544	HI-union
A	OSBPL3	Q9H4L5	ZBTB16	Q05516	HI-union
A	OSBPL3	Q9H4L5	ZNF48	Q96MX3	HI-union
A	OSBPL3	Q9H4L5	ZNF497	Q6ZNH5	HI-union
A	OSBPL3	Q9H4L5	ZNF648	Q5T619	HI-union
A	OSBPL3	Q9H4L5	ZNF835	Q9Y2P0	HI-union
A	OTUD4	Q01804	EXOSC8	Q96B26	HI-union
A	OTUD4	Q01804	REL	Q04864	HI-union
A	OTUD4	Q01804	STAT1	P42224	HI-union
A	OTUD4	Q01804	TCF4	P15884	HI-union
A	OTUD4	Q01804	VDR	P11473	HI-union
A	OTUD4	Q01804	ZNF655	Q8N720	HI-union
A	PADI6	Q6TGC4	SUV39H1	O43463	HI-union
A	PADI6	Q6TGC4	ZNF526	Q8TF50	HI-union
A	PAK1IP1	Q9NWT1	MEOX2	P50222	HI-union
A	PAK5	Q9P286	EXOSC1	Q9Y3B2	HI-union
A	PAK5	Q9P286	PRPF31	Q8WWY3	HI-union
A	PALB2	Q86YC2	BRCA1	P38398	RF2-PPI final90
A	PALB2	Q86YC2	KEAP1	Q14145	HI-union
A	PARP11	Q9NR21	LHX3	Q9UBR4	HI-union
A	PARP11	Q9NR21	LHX4	Q969G2	HI-union
A	PCID2	Q5JVF3	IKZF3	Q9UKT9	HI-union
A	PCLAF	Q15004	PCNA	P12004	HI-union
A	PCLAF	Q15004	TERF1	P54274	HI-union
A	PCLAF	Q15004	UHRF1	Q96T88	RF2-PPI final90
A	PCYT1A	P49585	RNF8	O76064	HI-union
A	PDLIM2	Q96JY6	ZNF695	Q8IW36	HI-union
A	PDPK1	O15530	CHAF1B	Q13112	RF2-PPI final90
A	PDPK1	O15530	YWHAB	P31946	RF2-PPI final90
A	PDS5A	Q29RF7	MEOX2	P50222	HI-union
A	PEG10	Q86TG7	EXOSC5	Q9NQT4	HI-union
A	PFDN2	Q9UHV9	ZNF726	A6NNF4	HI-union
A	PGBD1	Q96JS3	MEOX2	P50222	HI-union
A	PGBD1	Q96JS3	NR4A1	P22736	HI-union
A	PGBD1	Q96JS3	ZKSCAN4	Q969J2	HI-union + RF2-PPI final90
A	PGBD1	Q96JS3	ZKSCAN7	Q9P0L1	HI-union
A	PGBD1	Q96JS3	ZNF24	P17028	HI-union + RF2-PPI final90
A	PGBD1	Q96JS3	ZNF446	Q9NWS9	HI-union + RF2-PPI final90
A	PGBD1	Q96JS3	ZNF496	Q96IT1	HI-union + RF2-PPI final90
A	PGBD1	Q96JS3	ZSCAN12	O43309	HI-union + RF2-PPI final90
A	PGBD1	Q96JS3	ZSCAN18	Q8TBC5	HI-union + RF2-PPI final90
A	PGBD1	Q96JS3	ZSCAN22	P10073	HI-union + RF2-PPI final90
A	PGBD1	Q96JS3	ZSCAN32	Q9NX65	HI-union + RF2-PPI final90
A	PGRMC2	O15173	RNF8	O76064	HI-union
A	PHACTR1	Q9C0D0	CBX8	Q9HC52	HI-union
A	PHAX	Q9H814	SRSF1	Q07955	RF2-PPI final90
A	PHF7	Q9BWX1	UBE2D3	P61077	RF2-PPI final90
A	PHLDA1	Q8WV24	PLSCR1	O15162	HI-union
A	PIBF1	Q8WXW3	ARID5A	Q03989	HI-union
A	PIBF1	Q8WXW3	CBX8	Q9HC52	HI-union
A	PIBF1	Q8WXW3	DAXX	Q9UER7	HI-union
A	PIBF1	Q8WXW3	DMAP1	Q9NPF5	HI-union
A	PIBF1	Q8WXW3	HOMEZ	Q8IX15	HI-union
A	PIBF1	Q8WXW3	MCRS1	Q96EZ8	HI-union
A	PIBF1	Q8WXW3	MORF4L1	Q9UBU8	HI-union
A	PIBF1	Q8WXW3	MORF4L2	Q15014	HI-union
A	PIBF1	Q8WXW3	PHF1	O43189	HI-union
A	PIBF1	Q8WXW3	POU6F2	P78424	HI-union
A	PIBF1	Q8WXW3	RBM11	P57052	HI-union
A	PIBF1	Q8WXW3	SLU7	O95391	HI-union
A	PIBF1	Q8WXW3	TRIM27	P14373	HI-union
A	PIBF1	Q8WXW3	TSHZ2	Q9NRE2	HI-union
A	PIBF1	Q8WXW3	TSHZ3	Q63HK5	HI-union
A	PIBF1	Q8WXW3	USP15	Q9Y4E8	HI-union
A	PIBF1	Q8WXW3	ZBTB16	Q05516	HI-union
A	PIBF1	Q8WXW3	ZBTB4	Q9P1Z0	HI-union
A	PIBF1	Q8WXW3	ZFHX3	Q15911	HI-union
A	PIBF1	Q8WXW3	ZNF250	P15622	HI-union
A	PIBF1	Q8WXW3	ZNF35	P13682	HI-union
A	PIBF1	Q8WXW3	ZNF436	Q9C0F3	HI-union
A	PIBF1	Q8WXW3	ZNF438	Q7Z4V0	HI-union
A	PIBF1	Q8WXW3	ZNF620	Q6ZNG0	HI-union
A	PIBF1	Q8WXW3	ZNF774	Q6NX45	HI-union
A	PIMREG	Q9BSJ6	TFCP2	Q12800	HI-union
A	PIMREG	Q9BSJ6	TRIM27	P14373	HI-union
A	PIN4	Q9Y237	FOXF2	Q12947	RF2-PPI final90
A	PIN4	Q9Y237	ZBTB9	Q96C00	HI-union
A	PIP4K2A	P48426	MEIS3	Q99687	HI-union
A	PIP4K2A	P48426	ZNF777	Q9ULD5	RF2-PPI final90
A	PIP4K2B	P78356	CSNK2A1	P68400	HI-union
A	PIP4K2B	P78356	HMBOX1	Q6NT76	HI-union
A	PIP4K2B	P78356	INO80B	Q9C086	HI-union
A	PIP4K2B	P78356	ZNF131	P52739	HI-union
A	PKN2	Q16513	DBX2	Q6ZNG2	RF2-PPI final90
A	PKN2	Q16513	HDAC5	Q9UQL6	RF2-PPI final90
A	PLCB1	Q9NQ66	CTBP1	Q13363	HI-union
A	PLCB1	Q9NQ66	CTBP2	P56545	HI-union
A	PLCB1	Q9NQ66	TFCP2	Q12800	HI-union
A	PLCD4	Q9BRC7	MEOX1	P50221	HI-union
A	PLCD4	Q9BRC7	MEOX2	P50222	HI-union
A	PLEKHA2	Q9HB19	YWHAZ	P63104	RF2-PPI final90
A	PLEKHF1	Q96S99	L3MBTL3	Q96JM7	HI-union
A	PLEKHF1	Q96S99	NPM2	Q86SE8	HI-union
A	PLK4	O00444	PRDM16	Q9HAZ2	HI-union
A	PLK4	O00444	ZBTB39	O15060	HI-union
A	PLPP6	Q8IY26	CREB3L1	Q96BA8	HI-union
A	PLSCR3	Q9NRY6	HOXA1	P49639	HI-union
A	PLSCR3	Q9NRY6	PITX1	P78337	HI-union
A	PLSCR3	Q9NRY6	PLSCR1	O15162	HI-union
A	PLSCR3	Q9NRY6	ZIC1	Q15915	HI-union
A	PLSCR4	Q9NRQ2	GATA1	P15976	HI-union
A	PLSCR4	Q9NRQ2	HOXA1	P49639	HI-union
A	PLSCR4	Q9NRQ2	PLSCR1	O15162	HI-union
A	PLSCR4	Q9NRQ2	ZNF34	Q8IZ26	HI-union
A	PMS2	P54278	MEOX2	P50222	HI-union
A	PNISR	Q8TF01	ENY2	Q9NPA8	RF2-PPI final90
A	PNKP	Q96T60	IKZF1	Q13422	HI-union
A	PNKP	Q96T60	MEOX2	P50222	HI-union
A	PNKP	Q96T60	MSANTD4	Q8NCY6	HI-union
A	PNKP	Q96T60	SP4	Q02446	HI-union
A	PNKP	Q96T60	THAP1	Q9NVV9	HI-union
A	PNKP	Q96T60	ZBTB14	O43829	HI-union
A	PNKP	Q96T60	ZNF639	Q9UID6	HI-union
A	PNMA1	Q8ND90	ARID5A	Q03989	HI-union
A	PNMA1	Q8ND90	CBX8	Q9HC52	HI-union
A	PNMA1	Q8ND90	DAXX	Q9UER7	HI-union
A	PNMA1	Q8ND90	FOXD4L1	Q9NU39	HI-union
A	PNMA1	Q8ND90	FOXD4L3	Q6VB84	HI-union
A	PNMA1	Q8ND90	HDAC4	P56524	HI-union
A	PNMA1	Q8ND90	HOXB9	P17482	HI-union
A	PNMA1	Q8ND90	INO80B	Q9C086	HI-union
A	PNMA1	Q8ND90	KANSL1	Q7Z3B3	HI-union
A	PNMA1	Q8ND90	PCGF6	Q9BYE7	HI-union
A	PNMA1	Q8ND90	PIN1	Q13526	HI-union
A	PNMA1	Q8ND90	PKN1	Q16512	HI-union
A	PNMA1	Q8ND90	PRPF31	Q8WWY3	HI-union
A	PNMA1	Q8ND90	SUV39H2	Q9H5I1	HI-union
A	PNMA1	Q8ND90	TEAD4	Q15561	HI-union
A	PNMA1	Q8ND90	TSHZ2	Q9NRE2	HI-union
A	PNMA1	Q8ND90	ZNF148	Q9UQR1	HI-union
A	PNMA1	Q8ND90	ZNF35	P13682	HI-union
A	PNMA1	Q8ND90	ZNF438	Q7Z4V0	HI-union
A	PNMA1	Q8ND90	ZNF564	Q8TBZ8	HI-union
A	PNMA1	Q8ND90	ZNF581	Q9P0T4	HI-union
A	PNMA1	Q8ND90	ZNF688	P0C7X2	HI-union
A	PNMA2	Q9UL42	CBX8	Q9HC52	HI-union
A	PNMA2	Q9UL42	INO80B	Q9C086	HI-union
A	PNMA2	Q9UL42	MORF4L2	Q15014	HI-union
A	PNMA2	Q9UL42	PRPF31	Q8WWY3	HI-union
A	PNMA2	Q9UL42	RNF8	O76064	HI-union
A	PNMA2	Q9UL42	THAP7	Q9BT49	HI-union
A	PNMA2	Q9UL42	ZNF408	Q9H9D4	HI-union
A	PNMA2	Q9UL42	ZNF417	Q8TAU3	HI-union
A	PNMA2	Q9UL42	ZNF587	Q96SQ5	HI-union
A	PNMA2	Q9UL42	ZNF669	Q96BR6	HI-union
A	PNMA2	Q9UL42	ZNF688	P0C7X2	HI-union
A	PNMA2	Q9UL42	ZNF785	A8K8V0	HI-union
A	PNMA3	Q9UL41	PRPF31	Q8WWY3	HI-union
A	PNMA3	Q9UL41	TIGD3	Q6B0B8	HI-union
A	PNMA3	Q9UL41	ZBTB47	Q9UFB7	HI-union
A	PNMA5	Q96PV4	FOXH1	O75593	HI-union
A	PNMA5	Q96PV4	LHX3	Q9UBR4	HI-union
A	PNMA5	Q96PV4	PAX5	Q02548	HI-union
A	PNMA5	Q96PV4	PRKAA1	Q13131	HI-union
A	PNMA5	Q96PV4	ZBTB25	P24278	HI-union
A	POLD4	Q9HCU8	RYBP	Q8N488	RF2-PPI final90
A	POLDIP3	Q9BY77	BANP	Q8N9N5	HI-union
A	POLDIP3	Q9BY77	EXOSC8	Q96B26	HI-union
A	POLDIP3	Q9BY77	HMBOX1	Q6NT76	HI-union
A	POLDIP3	Q9BY77	HOMEZ	Q8IX15	HI-union
A	POLDIP3	Q9BY77	OTX2	P32243	HI-union
A	POLDIP3	Q9BY77	ZC3H13	Q5T200	RF2-PPI final90
A	POLE2	P56282	EXOSC4	Q9NPD3	HI-union
A	POLE2	P56282	PKM	P14618	HI-union
A	POLE2	P56282	REL	Q04864	HI-union
A	POLE2	P56282	TBX15	Q96SF7	HI-union
A	POLE2	P56282	TRIM27	P14373	HI-union
A	POLE2	P56282	ZBED1	O96006	HI-union
A	POLE2	P56282	ZNF620	Q6ZNG0	HI-union
A	POLE4	Q9NR33	DR1	Q01658	RF2-PPI final90
A	POLE4	Q9NR33	NFYB	P25208	HI-union + RF2-PPI final90
A	POLE4	Q9NR33	POLE3	Q9NRF9	HI-union + RF2-PPI final90
A	POLE4	Q9NR33	TAF12	Q16514	RF2-PPI final90
A	POLE4	Q9NR33	YEATS2	Q9ULM3	RF2-PPI final90
A	POLI	Q9UNA4	ZBTB44	Q8NCP5	HI-union
A	POLL	Q9UGP5	HMBOX1	Q6NT76	HI-union
A	POLL	Q9UGP5	TFCP2	Q12800	HI-union
A	POLM	Q9NP87	IKZF3	Q9UKT9	HI-union
A	POLN	Q7Z5Q5	BRCA1	P38398	RF2-PPI final90
A	POLR1A	O95602	MEOX2	P50222	HI-union
A	POLR1A	O95602	REL	Q04864	HI-union
A	POLR1A	O95602	TCF4	P15884	HI-union
A	POLR1C	O15160	CBX8	Q9HC52	HI-union
A	POLR1C	O15160	CGGBP1	Q9UFW8	HI-union
A	POLR1C	O15160	EP400	Q96L91	HI-union
A	POLR1C	O15160	FOXR2	Q6PJQ5	HI-union
A	POLR1C	O15160	HDX	Q7Z353	HI-union
A	POLR1C	O15160	HOXB9	P17482	HI-union
A	POLR1C	O15160	HOXD12	P35452	HI-union
A	POLR1C	O15160	IKZF3	Q9UKT9	HI-union
A	POLR1C	O15160	KLF15	Q9UIH9	HI-union
A	POLR1C	O15160	MBIP	Q9NS73	HI-union
A	POLR1C	O15160	MEOX2	P50222	HI-union
A	POLR1C	O15160	TCF4	P15884	HI-union
A	POLR1C	O15160	TRIM27	P14373	HI-union
A	POLR1C	O15160	TSC22D4	Q9Y3Q8	HI-union
A	POLR1C	O15160	XPA	P23025	HI-union
A	POLR1C	O15160	ZBED1	O96006	HI-union
A	POLR1C	O15160	ZBTB42	B2RXF5	HI-union
A	POLR1C	O15160	ZFP57	Q9NU63	HI-union
A	POLR1C	O15160	ZIM2	Q9NZV7	HI-union
A	POLR1C	O15160	ZNF547	Q8IVP9	HI-union
A	POLR1C	O15160	ZNF554	Q86TJ5	HI-union
A	POLR1C	O15160	ZNF655	Q8N720	HI-union
A	POLR1C	O15160	ZNF688	P0C7X2	HI-union
A	POLR1C	O15160	ZNF835	Q9Y2P0	HI-union
A	POLR1E	Q9GZS1	TTF1	Q15361	RF2-PPI final90
A	POLR2E	P19388	CTR9	Q6PD62	RF2-PPI final90
A	POLR2G	P62487	EIF4A3	P38919	HI-union
A	POLR2G	P62487	FOSL2	P15408	HI-union
A	POLR2G	P62487	HOXC5	Q00444	HI-union
A	POLR2G	P62487	ZNF410	Q86VK4	HI-union
A	POLR2J	P52435	CDC73	Q6P1J9	RF2-PPI final90
A	POLR2J	P52435	MYOG	P15173	HI-union
A	POLR2J	P52435	OIP5	O43482	HI-union
A	POLR2J	P52435	SNAPC5	O75971	HI-union
A	POLR2J2	Q9GZM3	CDC73	Q6P1J9	RF2-PPI final90
A	POLR2J3	Q9H1A7	SATB2	Q9UPW6	HI-union
A	POLR2L	P62875	BANP	Q8N9N5	HI-union
A	POLR2L	P62875	L3MBTL3	Q96JM7	HI-union
A	POLR2L	P62875	PAF1	Q8N7H5	RF2-PPI final90
A	POLR2L	P62875	PHC2	Q8IXK0	HI-union
A	POLR2L	P62875	REL	Q04864	HI-union
A	POLR2L	P62875	RYBP	Q8N488	RF2-PPI final90
A	POLR2L	P62875	THAP1	Q9NVV9	HI-union
A	POLR2L	P62875	ZBTB14	O43829	HI-union
A	POLR2M	P0CAP2	CEBPG	P53567	HI-union
A	POLR2M	P0CAP2	THAP1	Q9NVV9	HI-union
A	POLR3A	O14802	BRF2	Q9HAW0	RF2-PPI final90
A	POLR3A	O14802	KDM2A	Q9Y2K7	RF2-PPI final90
A	POLR3D	P05423	TBP	P20226	RF2-PPI final90
A	POLR3GL	Q9BT43	MEOX1	P50221	HI-union
A	POLR3GL	Q9BT43	MEOX2	P50222	HI-union
A	POLR3GL	Q9BT43	PAX6	P26367	HI-union
A	POLR3GL	Q9BT43	TFCP2	Q12800	HI-union
A	POLR3GL	Q9BT43	YAF2	Q8IY57	HI-union
A	POP1	Q99575	RBM25	P49756	RF2-PPI final90
A	POP4	O95707	ZNF705G	A8MUZ8	RF2-PPI final90
A	POP5	Q969H6	REL	Q04864	HI-union
A	PPIA	P62937	TCF4	P15884	HI-union
A	PPP1CB	P62140	CHCHD3	Q9NX63	HI-union
A	PPP1CB	P62140	CSRNP1	Q96S65	HI-union
A	PPP1CB	P62140	CSRNP2	Q9H175	HI-union
A	PPP1CB	P62140	MEOX2	P50222	HI-union
A	PPP1CC	P36873	CSRNP1	Q96S65	HI-union
A	PPP1CC	P36873	CSRNP2	Q9H175	HI-union
A	PPP1CC	P36873	ZNF629	Q9UEG4	HI-union
A	PPP1R13B	Q96KQ4	CDC5L	Q99459	HI-union
A	PPP1R13B	Q96KQ4	HMG20B	Q9P0W2	HI-union
A	PPP1R13B	Q96KQ4	MCRS1	Q96EZ8	HI-union
A	PPP1R13B	Q96KQ4	MIS18A	Q9NYP9	HI-union
A	PPP1R13B	Q96KQ4	NAP1L2	Q9ULW6	HI-union
A	PPP1R13B	Q96KQ4	PRKAB2	O43741	HI-union
A	PPP1R13B	Q96KQ4	SALL1	Q9NSC2	HI-union
A	PPP1R13B	Q96KQ4	ZGPAT	Q8N5A5	HI-union
A	PPP1R13B	Q96KQ4	ZZZ3	Q8IYH5	HI-union
A	PPP1R16B	Q96T49	CRX	O43186	HI-union
A	PPP1R16B	Q96T49	FLYWCH1	Q4VC44	HI-union
A	PPP1R16B	Q96T49	IKZF3	Q9UKT9	HI-union
A	PPP1R16B	Q96T49	MAGOH	P61326	HI-union
A	PPP1R16B	Q96T49	PATZ1	Q9HBE1	HI-union
A	PPP1R16B	Q96T49	PHC2	Q8IXK0	HI-union
A	PPP1R16B	Q96T49	TADA2A	O75478	HI-union
A	PPP1R16B	Q96T49	ZNF564	Q8TBZ8	HI-union
A	PPP2R3C	Q969Q6	PRPF31	Q8WWY3	HI-union
A	PPP2R5A	Q15172	DZIP1	Q86YF9	HI-union
A	PPP6R3	Q5H9R7	AURKA	O14965	RF2-PPI final90
A	PRICKLE2	Q7Z3G6	SIM1	P81133	RF2-PPI final90
A	PRKCI	P41743	MEOX2	P50222	HI-union
A	PRKRIP1	Q9H875	SLU7	O95391	RF2-PPI final90
A	PRPF19	Q9UMS4	CDC5L	Q99459	RF2-PPI final90
A	PRPF39	Q86UA1	BANP	Q8N9N5	HI-union
A	PRPF40B	Q6NWY9	RBM25	P49756	RF2-PPI final90
A	PRR13	Q9NZ81	CBLL2	Q8N7E2	HI-union
A	PRR13	Q9NZ81	CELF5	Q8N6W0	HI-union
A	PRR13	Q9NZ81	MSX2	P35548	HI-union
A	PRR13	Q9NZ81	NKX1-2	Q9UD57	HI-union
A	PRR13	Q9NZ81	OTX1	P32242	HI-union
A	PRR13	Q9NZ81	PLSCR1	O15162	HI-union
A	PRR19	A6NJB7	MEOX2	P50222	HI-union
A	PSMA1	P25786	CRX	O43186	HI-union
A	PSMA1	P25786	EHMT2	Q96KQ7	HI-union
A	PSMA1	P25786	EIF4A3	P38919	HI-union
A	PSMA1	P25786	EMSY	Q7Z589	HI-union
A	PSMA1	P25786	HOMEZ	Q8IX15	HI-union
A	PSMA1	P25786	HOXC11	O43248	HI-union
A	PSMA1	P25786	IKZF1	Q13422	HI-union
A	PSMA1	P25786	IKZF3	Q9UKT9	HI-union
A	PSMA1	P25786	INO80E	Q8NBZ0	HI-union
A	PSMA1	P25786	MSANTD4	Q8NCY6	HI-union
A	PSMA1	P25786	PRDM14	Q9GZV8	HI-union
A	PSMA1	P25786	RBCK1	Q9BYM8	HI-union
A	PSMA1	P25786	REL	Q04864	HI-union
A	PSMA1	P25786	SPDEF	O95238	HI-union
A	PSMA1	P25786	TCF12	Q99081	HI-union
A	PSMA1	P25786	TCF4	P15884	HI-union
A	PSMA1	P25786	TRIM27	P14373	HI-union
A	PSMA1	P25786	TSC22D4	Q9Y3Q8	HI-union
A	PSMA1	P25786	WTAP	Q15007	HI-union
A	PSMA3	P25788	DMRT3	Q9NQL9	HI-union
A	PSMA3	P25788	GATA2	P23769	HI-union
A	PSMA3	P25788	GATA3	P23771	HI-union
A	PSMA3	P25788	OSR2	Q8N2R0	HI-union
A	PSMA3	P25788	RAD54L2	Q9Y4B4	HI-union
A	PSMA3	P25788	ZNF366	Q8N895	HI-union
A	PSMA3	P25788	ZNF385C	Q66K41	HI-union
A	PSMA3	P25788	ZNF688	P0C7X2	HI-union
A	PSMA4	P25789	IKZF1	Q13422	HI-union
A	PSMA4	P25789	REL	Q04864	HI-union
A	PSMA6	P60900	ZBTB44	Q8NCP5	HI-union
A	PSMA6	P60900	ZKSCAN4	Q969J2	HI-union
A	PSMA6	P60900	ZNF596	Q8TC21	HI-union
A	PSMB1	P20618	ARNT2	Q9HBZ2	HI-union
A	PSMB1	P20618	GPBP1	Q86WP2	HI-union
A	PSMB1	P20618	HMG20A	Q9NP66	HI-union
A	PSMB1	P20618	HOXA1	P49639	HI-union
A	PSMB1	P20618	LHX3	Q9UBR4	HI-union
A	PSMB1	P20618	OIP5	O43482	HI-union
A	PSMB1	P20618	RNF8	O76064	HI-union
A	PSMB1	P20618	RYBP	Q8N488	HI-union
A	PSMB1	P20618	SMAD3	P84022	HI-union
A	PSMB1	P20618	SMARCB1	Q12824	HI-union
A	PSMB1	P20618	TFPT	P0C1Z6	HI-union
A	PSMB1	P20618	THAP6	Q8TBB0	HI-union
A	PSMB1	P20618	TRIM27	P14373	HI-union
A	PSMB1	P20618	VAX1	Q5SQQ9	HI-union
A	PSMB1	P20618	XPA	P23025	HI-union
A	PSMB1	P20618	ZBTB32	Q9Y2Y4	HI-union
A	PSMB1	P20618	ZNF177	Q13360	HI-union
A	PSMB1	P20618	ZNF438	Q7Z4V0	HI-union
A	PSMB1	P20618	ZNF688	P0C7X2	HI-union
A	PSMB1	P20618	ZNF774	Q6NX45	HI-union
A	PSMB10	P40306	CRX	O43186	HI-union
A	PSMB10	P40306	MEOX2	P50222	HI-union
A	PSMB11	A5LHX3	PITX1	P78337	HI-union
A	PSMB11	A5LHX3	PROP1	O75360	HI-union
A	PSMB11	A5LHX3	TLX3	O43711	HI-union
A	PSMB3	P49720	TRIM27	P14373	HI-union
A	PSMB4	P28070	BCL6	P41182	HI-union
A	PSMB4	P28070	PITX2	Q99697	HI-union
A	PSMB4	P28070	PKN1	Q16512	HI-union
A	PSMB4	P28070	PROP1	O75360	HI-union
A	PSMB4	P28070	SMAD1	Q15797	HI-union
A	PSMB4	P28070	SOHLH1	Q5JUK2	HI-union
A	PSMB4	P28070	TFAP2D	Q7Z6R9	HI-union
A	PSMB8	P28062	MEOX2	P50222	HI-union
A	PSMB8	P28062	REL	Q04864	HI-union
A	PSMC1	P62191	MEOX2	P50222	HI-union
A	PSMC1	P62191	PAX4	O43316	HI-union
A	PSMC1	P62191	ZBTB8A	Q96BR9	HI-union
A	PSMC6	P62333	SMARCE1	Q969G3	HI-union
A	PSMD11	O00231	PRKAB2	O43741	HI-union
A	PSME3	P61289	DMRT3	Q9NQL9	HI-union
A	PSME3	P61289	FBXL19	Q6PCT2	HI-union
A	PSME3	P61289	FOXD4L1	Q9NU39	HI-union
A	PSME3	P61289	KANSL1	Q7Z3B3	HI-union
A	PSME3	P61289	MEOX2	P50222	HI-union
A	PSME3	P61289	PRKAB2	O43741	HI-union
A	PSME3	P61289	TBP	P20226	HI-union
A	PSME3	P61289	THAP10	Q9P2Z0	HI-union
A	PSMG2	Q969U7	TCF4	P15884	HI-union
A	PTK6	Q13882	DDX17	Q92841	HI-union
A	PTK6	Q13882	IKZF3	Q9UKT9	HI-union
A	PTK6	Q13882	MEIS2	O14770	HI-union
A	PTK6	Q13882	PITX1	P78337	HI-union
A	PTK6	Q13882	PRDM6	Q9NQX0	HI-union
A	PTK6	Q13882	REL	Q04864	HI-union
A	PTK6	Q13882	ZNF341	Q9BYN7	HI-union
A	PTMA	P06454	KEAP1	Q14145	HI-union
A	PTPA	Q15257	PPP2CA	P67775	RF2-PPI final90
A	PTPA	Q15257	PPP4C	P60510	RF2-PPI final90
A	PTPN23	Q9H3S7	TRIM27	P14373	HI-union
A	PTTG2	Q9NZH5	RCOR3	Q9P2K3	HI-union
A	PYM1	Q9BRP8	MAGOH	P61326	RF2-PPI final90
A	PYM1	Q9BRP8	RBM8A	Q9Y5S9	RF2-PPI final90
A	QKI	Q96PU8	PRKAB2	O43741	HI-union
A	QKI	Q96PU8	RBM11	P57052	HI-union
A	QKI	Q96PU8	TRIM24	O15164	RF2-PPI final90
A	R3HDM2	Q9Y2K5	REL	Q04864	HI-union
A	RAB3IP	Q96QF0	BANP	Q8N9N5	HI-union
A	RAB3IP	Q96QF0	CHCHD3	Q9NX63	HI-union
A	RAB3IP	Q96QF0	MBD3	O95983	HI-union
A	RAB3IP	Q96QF0	PKN1	Q16512	HI-union
A	RAB3IP	Q96QF0	PRKAB2	O43741	HI-union
A	RAB3IP	Q96QF0	ZBTB16	Q05516	HI-union
A	RAB3IP	Q96QF0	ZNF410	Q86VK4	HI-union
A	RAB3IP	Q96QF0	ZNF76	P36508	HI-union
A	RAC1	P63000	ARHGAP35	Q9NRY4	RF2-PPI final90
A	RAC1	P63000	HDAC7	Q8WUI4	HI-union
A	RAC1	P63000	PAK2	Q13177	RF2-PPI final90
A	RACGAP1	Q9H0H5	CDK3	Q00526	HI-union
A	RACGAP1	Q9H0H5	MORF4L1	Q9UBU8	HI-union
A	RACK1	P63244	GPBP1	Q86WP2	HI-union
A	RACK1	P63244	TSC22D4	Q9Y3Q8	HI-union
A	RACK1	P63244	ZSCAN12	O43309	HI-union
A	RAD18	Q9NS91	PCNA	P12004	RF2-PPI final90
A	RAD18	Q9NS91	UBE2A	P49459	RF2-PPI final90
A	RAD18	Q9NS91	UBE2B	P63146	RF2-PPI final90
A	RAD51B	O15315	MEOX2	P50222	HI-union
A	RAD51D	O75771	IKZF1	Q13422	HI-union
A	RAD51D	O75771	IKZF3	Q9UKT9	HI-union
A	RAD51D	O75771	MEOX2	P50222	HI-union
A	RAD51D	O75771	PRDM14	Q9GZV8	HI-union
A	RAD51D	O75771	PRDM6	Q9NQX0	HI-union
A	RAD51D	O75771	REL	Q04864	HI-union
A	RAD51D	O75771	TCF4	P15884	HI-union
A	RAD51D	O75771	ZBTB42	B2RXF5	HI-union
A	RAD51D	O75771	ZNF343	Q6P1L6	HI-union
A	RAD51D	O75771	ZNF774	Q6NX45	HI-union
A	RAD52	P43351	MEOX1	P50221	HI-union
A	RAD52	P43351	MEOX2	P50222	HI-union
A	RAD52	P43351	NFYC	Q13952	HI-union
A	RAD52	P43351	PAX5	Q02548	HI-union
A	RALBP1	Q15311	CREBZF	Q9NS37	HI-union
A	RALBP1	Q15311	GSE1	Q14687	HI-union
A	RALBP1	Q15311	MSANTD4	Q8NCY6	HI-union
A	RALBP1	Q15311	SMARCE1	Q969G3	HI-union
A	RALBP1	Q15311	TFPT	P0C1Z6	HI-union
A	RALBP1	Q15311	ZNF707	Q96C28	HI-union
A	RALGDS	Q12967	HOXA1	P49639	HI-union
A	RAMAC	Q9BTL3	AKAP8L	Q9ULX6	HI-union
A	RAMAC	Q9BTL3	DMRTB1	Q96MA1	HI-union
A	RAMAC	Q9BTL3	FOXI1	Q12951	HI-union
A	RAMAC	Q9BTL3	PLSCR1	O15162	HI-union
A	RAMAC	Q9BTL3	POU2AF1	Q16633	HI-union
A	RAMAC	Q9BTL3	RBMX	P38159	HI-union
A	RAMAC	Q9BTL3	RHOXF2	Q9BQY4	HI-union
A	RAMAC	Q9BTL3	TRIM27	P14373	HI-union
A	RANBP9	Q96S59	NFATC1	O95644	RF2-PPI final90
A	RAP1GDS1	P52306	MBIP	Q9NS73	HI-union
A	RAP1GDS1	P52306	PUF60	Q9UHX1	HI-union
A	RAP1GDS1	P52306	ZNF451	Q9Y4E5	HI-union
A	RASL10A	Q92737	HOMEZ	Q8IX15	HI-union
A	RASSF2	P50749	STK4	Q13043	RF2-PPI final90
A	RBIS	Q8N0T1	ESRRG	P62508	HI-union
A	RBM12	Q9NTZ6	PRMT2	P55345	HI-union
A	RBM3	P98179	CHTOP	Q9Y3Y2	HI-union
A	RBM3	P98179	MYPOP	Q86VE0	HI-union
A	RBM3	P98179	RBMX	P38159	HI-union
A	RBM3	P98179	RBMY1A1	P0DJD3	HI-union
A	RBM3	P98179	SRSF3	P84103	HI-union
A	RBM34	P42696	NOC2L	Q9Y3T9	RF2-PPI final90
A	RBM34	P42696	TTF1	Q15361	RF2-PPI final90
A	RBM38	Q9H0Z9	FOXD1	Q16676	RF2-PPI final90
A	RBM45	Q8IUH3	ALX1	Q15699	HI-union
A	RBM47	A0AV96	CELF5	Q8N6W0	HI-union
A	RBM47	A0AV96	HIVEP1	P15822	HI-union
A	RBM47	A0AV96	HSFY1	Q96LI6	HI-union
A	RBM47	A0AV96	HSFY2	Q96LI6	HI-union
A	RBM47	A0AV96	OTX2	P32243	HI-union
A	RBM47	A0AV96	RBFOX1	Q9NWB1	HI-union
A	RBM47	A0AV96	ZNF385C	Q66K41	HI-union
A	RBM4B	Q9BQ04	ATN1	P54259	HI-union
A	RBM4B	Q9BQ04	DZIP3	Q86Y13	HI-union
A	RBM4B	Q9BQ04	HNRNPM	P52272	HI-union
A	RBM4B	Q9BQ04	KLF1	Q13351	HI-union
A	RBMS1	P29558	TFCP2	Q12800	HI-union
A	RBMY1E	A6NEQ0	RBMX	P38159	HI-union
A	RBPMS2	Q6ZRY4	ARID5A	Q03989	HI-union
A	RBPMS2	Q6ZRY4	BHLHE40	O14503	HI-union
A	RBPMS2	Q6ZRY4	CBX2	Q14781	HI-union
A	RBPMS2	Q6ZRY4	CELF4	Q9BZC1	HI-union
A	RBPMS2	Q6ZRY4	DND1	Q8IYX4	HI-union
A	RBPMS2	Q6ZRY4	FOXD4L1	Q9NU39	HI-union
A	RBPMS2	Q6ZRY4	FOXD4L3	Q6VB84	HI-union
A	RBPMS2	Q6ZRY4	FOXH1	O75593	HI-union
A	RBPMS2	Q6ZRY4	HNRNPU	Q00839	HI-union
A	RBPMS2	Q6ZRY4	KLF1	Q13351	HI-union
A	RBPMS2	Q6ZRY4	MSX2	P35548	HI-union
A	RBPMS2	Q6ZRY4	MYPOP	Q86VE0	HI-union
A	RBPMS2	Q6ZRY4	PATZ1	Q9HBE1	HI-union
A	RBPMS2	Q6ZRY4	RBFOX1	Q9NWB1	HI-union
A	RBPMS2	Q6ZRY4	RHOXF2	Q9BQY4	HI-union
A	RBPMS2	Q6ZRY4	ZBTB32	Q9Y2Y4	HI-union
A	RBPMS2	Q6ZRY4	ZNF34	Q8IZ26	HI-union
A	RBPMS2	Q6ZRY4	ZNF385C	Q66K41	HI-union
A	RCHY1	Q96PM5	CREB5	Q02930	HI-union
A	RCHY1	Q96PM5	MEOX2	P50222	HI-union
A	RCHY1	Q96PM5	UBE2D3	P61077	RF2-PPI final90
A	RD3	Q7Z3Z2	EHMT2	Q96KQ7	HI-union
A	RFC2	P35250	PCNA	P12004	RF2-PPI final90
A	RFC2	P35250	ZIC1	Q15915	HI-union
A	RFC5	P40937	ARID5A	Q03989	HI-union
A	RFC5	P40937	EXOSC8	Q96B26	HI-union
A	RFC5	P40937	MEAF6	Q9HAF1	HI-union
A	RFC5	P40937	NR5A1	Q13285	HI-union
A	RFC5	P40937	ZMAT1	Q5H9K5	HI-union
A	RFC5	P40937	ZNF19	P17023	HI-union
A	RFC5	P40937	ZNF426	Q9BUY5	HI-union
A	RGS17	Q9UGC6	CREB5	Q02930	HI-union
A	RGS17	Q9UGC6	HOXA1	P49639	HI-union
A	RGS17	Q9UGC6	OTX1	P32242	HI-union
A	RGS20	O76081	CREB5	Q02930	HI-union
A	RGS20	O76081	HOXA1	P49639	HI-union
A	RGS20	O76081	OTX1	P32242	HI-union + RF2-PPI final90
A	RGS3	P49796	PLSCR1	O15162	HI-union
A	RHNO1	Q9BSD3	BANP	Q8N9N5	HI-union
A	RHOB	P62745	PKN1	Q16512	RF2-PPI final90
A	RIDA	P52758	BANP	Q8N9N5	HI-union
A	RIPPLY2	Q5TAB7	PBX2	P40425	HI-union
A	RIPPLY2	Q5TAB7	PBX4	Q9BYU1	HI-union
A	RIPPLY3	P57055	MCRS1	Q96EZ8	HI-union
A	RMDN3	Q96TC7	YWHAB	P31946	RF2-PPI final90
A	RMI2	Q96E14	RMI1	Q9H9A7	RF2-PPI final90
A	RMND5A	Q9H871	MEOX2	P50222	HI-union
A	RMND5A	Q9H871	UBE2H	P62256	RF2-PPI final90
A	RNASEH2B	Q5TBB1	ZBTB14	O43829	HI-union
A	RNF11	Q9Y3C5	FOSL1	P15407	RF2-PPI final90
A	RNF11	Q9Y3C5	KLF15	Q9UIH9	RF2-PPI final90
A	RNF11	Q9Y3C5	TDG	Q13569	RF2-PPI final90
A	RNF11	Q9Y3C5	UBE2D1	P51668	HI-union + RF2-PPI final90
A	RNF11	Q9Y3C5	UBE2D3	P61077	RF2-PPI final90
A	RNF11	Q9Y3C5	UBE2E1	P51965	RF2-PPI final90
A	RNF11	Q9Y3C5	UBE2N	P61088	RF2-PPI final90
A	RNF114	Q9Y508	UBE2D1	P51668	RF2-PPI final90
A	RNF114	Q9Y508	UBE2D3	P61077	RF2-PPI final90
A	RNF114	Q9Y508	UBE2E1	P51965	RF2-PPI final90
A	RNF114	Q9Y508	UBE2H	P62256	RF2-PPI final90
A	RNF115	Q9Y4L5	UBE2D1	P51668	HI-union + RF2-PPI final90
A	RNF115	Q9Y4L5	UBE2D3	P61077	HI-union + RF2-PPI final90
A	RNF126	Q9BV68	UBE2D1	P51668	HI-union + RF2-PPI final90
A	RNF126	Q9BV68	UBE2D3	P61077	HI-union + RF2-PPI final90
A	RNF13	O43567	UBE2D1	P51668	RF2-PPI final90
A	RNF13	O43567	UBE2D3	P61077	RF2-PPI final90
A	RNF13	O43567	UBE2N	P61088	RF2-PPI final90
A	RNF146	Q9NTX7	UBE2D1	P51668	RF2-PPI final90
A	RNF146	Q9NTX7	UBE2D3	P61077	RF2-PPI final90
A	RNF34	Q969K3	UBE2D3	P61077	RF2-PPI final90
A	RNF34	Q969K3	UBE2H	P62256	RF2-PPI final90
A	RNF38	Q9H0F5	UBE2A	P49459	RF2-PPI final90
A	RNF38	Q9H0F5	UBE2D1	P51668	RF2-PPI final90
A	RNF38	Q9H0F5	UBE2D3	P61077	RF2-PPI final90
A	RNF38	Q9H0F5	UBE2E1	P51965	RF2-PPI final90
A	RNF38	Q9H0F5	UBE2N	P61088	RF2-PPI final90
A	RNF7	Q9UBF6	CUL5	Q93034	HI-union
A	RP9	Q8TA86	CIRSR	Q86X95	RF2-PPI final90
A	RPA1	P27694	ZUP1	Q96AP4	RF2-PPI final90
A	RPA2	P15927	TP53BP1	Q12888	RF2-PPI final90
A	RPA2	P15927	XPA	P23025	HI-union
A	RPL3	P39023	REXO4	Q9GZR2	RF2-PPI final90
A	RPP14	O95059	EXOSC8	Q96B26	HI-union
A	RPP14	O95059	ZNF277	Q9NRM2	HI-union
A	RPP25	Q9BUL9	BACH2	Q9BYV9	HI-union
A	RPP25	Q9BUL9	BANP	Q8N9N5	HI-union
A	RPP25	Q9BUL9	HOMEZ	Q8IX15	HI-union
A	RPP25	Q9BUL9	ZNF438	Q7Z4V0	HI-union
A	RPP30	P78346	HMG20A	Q9NP66	HI-union
A	RPP40	O75818	MEOX2	P50222	HI-union
A	RPS2	P15880	PRMT3	O60678	HI-union
A	RPS27A	P62979	LITAF	Q99732	HI-union
A	RRAGA	Q7L523	TFEB	P19484	RF2-PPI final90
A	RSL24D1	Q9UHA3	DNMT3L	Q9UJW3	HI-union
A	RTCA	O00442	OTX2	P32243	HI-union
A	RUSC1	Q9BVN2	AKAP8L	Q9ULX6	HI-union
A	RUSC1	Q9BVN2	CREM	Q03060	HI-union
A	RUSC1	Q9BVN2	DMRT3	Q9NQL9	HI-union
A	RUSC1	Q9BVN2	EXOSC8	Q96B26	HI-union
A	RUSC1	Q9BVN2	GCM2	O75603	HI-union
A	RUSC1	Q9BVN2	HMG20A	Q9NP66	HI-union
A	RUSC1	Q9BVN2	MEIS2	O14770	HI-union
A	RUSC1	Q9BVN2	OIP5	O43482	HI-union
A	RUSC1	Q9BVN2	PRDM14	Q9GZV8	HI-union
A	RUSC1	Q9BVN2	SMARCB1	Q12824	HI-union
A	RUSC1	Q9BVN2	SMYD1	Q8NB12	HI-union
A	RUSC1	Q9BVN2	SOHLH1	Q5JUK2	HI-union
A	RUSC1	Q9BVN2	ZIC1	Q15915	HI-union
A	RUSC1	Q9BVN2	ZNF34	Q8IZ26	HI-union
A	RUSC1	Q9BVN2	ZNF620	Q6ZNG0	HI-union
A	RUSC1	Q9BVN2	ZNF765	Q7L2R6	HI-union
A	RUSC1	Q9BVN2	ZNF77	Q15935	HI-union
A	SAAL1	Q96ER3	DMAP1	Q9NPF5	HI-union
A	SAAL1	Q96ER3	PRRX1	P54821	HI-union
A	SAAL1	Q96ER3	ZNF443	Q9Y2A4	HI-union
A	SAAL1	Q96ER3	ZNF57	Q68EA5	HI-union
A	SAAL1	Q96ER3	ZNF620	Q6ZNG0	HI-union
A	SAE1	Q9UBE0	CRX	O43186	HI-union
A	SAE1	Q9UBE0	MEOX2	P50222	HI-union
A	SAE1	Q9UBE0	NFYC	Q13952	HI-union
A	SAE1	Q9UBE0	PAX5	Q02548	HI-union
A	SAE1	Q9UBE0	PAX6	P26367	HI-union
A	SAE1	Q9UBE0	PAX8	Q06710	HI-union
A	SAMD1	Q6SPF0	L3MBTL3	Q96JM7	RF2-PPI final90
A	SAMD1	Q6SPF0	SFMBT1	Q9UHJ3	RF2-PPI final90
A	SAMD1	Q6SPF0	SFMBT2	Q5VUG0	RF2-PPI final90
A	SAMD7	Q7Z3H4	OIP5	O43482	HI-union
A	SAPCD2	Q86UD0	ATF4	P18848	HI-union
A	SCAF1	Q9H7N4	GSC2	O15499	HI-union
A	SCAF1	Q9H7N4	MEOX2	P50222	HI-union
A	SCML1	Q9UN30	PHC2	Q8IXK0	RF2-PPI final90
A	SCML1	Q9UN30	SFMBT2	Q5VUG0	HI-union + RF2-PPI final90
A	SCNM1	Q9BWG6	BACH2	Q9BYV9	HI-union
A	SCNM1	Q9BWG6	HMBOX1	Q6NT76	HI-union
A	SCNM1	Q9BWG6	HMG20A	Q9NP66	HI-union
A	SCNM1	Q9BWG6	HOMEZ	Q8IX15	HI-union
A	SCNM1	Q9BWG6	IKZF1	Q13422	HI-union
A	SCNM1	Q9BWG6	IKZF3	Q9UKT9	HI-union
A	SCNM1	Q9BWG6	KLF15	Q9UIH9	HI-union
A	SCNM1	Q9BWG6	LHX1	P48742	HI-union
A	SCNM1	Q9BWG6	LHX3	Q9UBR4	HI-union
A	SCNM1	Q9BWG6	MEOX2	P50222	HI-union
A	SCNM1	Q9BWG6	NAP1L2	Q9ULW6	HI-union
A	SCNM1	Q9BWG6	PBX4	Q9BYU1	HI-union
A	SCNM1	Q9BWG6	PLSCR1	O15162	HI-union
A	SCNM1	Q9BWG6	PRDM14	Q9GZV8	HI-union
A	SCNM1	Q9BWG6	RBAK	Q9NYW8	HI-union
A	SCNM1	Q9BWG6	RBM11	P57052	HI-union
A	SCNM1	Q9BWG6	REL	Q04864	HI-union
A	SCNM1	Q9BWG6	RORB	Q92753	HI-union
A	SCNM1	Q9BWG6	SMARCD1	Q96GM5	HI-union
A	SCNM1	Q9BWG6	TRIM27	P14373	HI-union
A	SCNM1	Q9BWG6	ZBTB1	Q9Y2K1	HI-union
A	SCNM1	Q9BWG6	ZBTB14	O43829	HI-union
A	SCNM1	Q9BWG6	ZGPAT	Q8N5A5	HI-union
A	SCNM1	Q9BWG6	ZIM2	Q9NZV7	HI-union
A	SCNM1	Q9BWG6	ZMAT1	Q5H9K5	HI-union
A	SCNM1	Q9BWG6	ZNF135	P52742	HI-union
A	SCNM1	Q9BWG6	ZNF19	P17023	HI-union
A	SCNM1	Q9BWG6	ZNF20	P17024	HI-union
A	SCNM1	Q9BWG6	ZNF202	O95125	HI-union
A	SCNM1	Q9BWG6	ZNF438	Q7Z4V0	HI-union
A	SCNM1	Q9BWG6	ZNF511	Q8NB15	HI-union + RF2-PPI final90
A	SCNM1	Q9BWG6	ZNF526	Q8TF50	HI-union
A	SCNM1	Q9BWG6	ZNF547	Q8IVP9	HI-union
A	SCNM1	Q9BWG6	ZNF552	Q9H707	HI-union
A	SCNM1	Q9BWG6	ZNF641	Q96N77	HI-union
A	SCNM1	Q9BWG6	ZNF688	P0C7X2	HI-union
A	SCNM1	Q9BWG6	ZNF76	P36508	HI-union
A	SCNM1	Q9BWG6	ZNF774	Q6NX45	HI-union
A	SCNM1	Q9BWG6	ZNF829	Q3KNS6	HI-union
A	SDCBP2	Q9H190	LYAR	Q9NX58	HI-union
A	SDCBP2	Q9H190	NPM2	Q86SE8	HI-union
A	SDCBP2	Q9H190	PHC1	P78364	HI-union
A	SDCBP2	Q9H190	RNPS1	Q15287	HI-union
A	SDCBP2	Q9H190	TNP1	P09430	HI-union
A	SDCBP2	Q9H190	VAX1	Q5SQQ9	HI-union
A	SDCBP2	Q9H190	YTHDC1	Q96MU7	HI-union
A	SDCBP2	Q9H190	ZNF581	Q9P0T4	HI-union
A	SDE2	Q6IQ49	CDC5L	Q99459	RF2-PPI final90
A	SEC13	P55735	NUP98	P52948	RF2-PPI final90
A	SELENBP1	Q13228	THAP12	O43422	HI-union
A	SEPHS1	P49903	PLAGL2	Q9UPG8	HI-union
A	SEPHS1	P49903	ZBTB25	P24278	HI-union
A	SEPHS1	P49903	ZNF202	O95125	HI-union
A	SEPHS1	P49903	ZNF276	Q8N554	HI-union
A	SEPHS1	P49903	ZNF474	Q6S9Z5	HI-union
A	SEPHS1	P49903	ZNF526	Q8TF50	HI-union
A	SERGEF	Q9UGK8	FOXH1	O75593	HI-union
A	SERGEF	Q9UGK8	PITX1	P78337	HI-union
A	SERGEF	Q9UGK8	PRMT6	Q96LA8	RF2-PPI final90
A	SF3A2	Q15428	LIN54	Q6MZP7	HI-union
A	SF3A2	Q15428	VEZF1	Q14119	HI-union
A	SF3A2	Q15428	YY1	P25490	HI-union
A	SF3A3	Q12874	TADA2A	O75478	HI-union
A	SF3A3	Q12874	ZNF212	Q9UDV6	HI-union
A	SF3B2	Q13435	KIN	O60870	RF2-PPI final90
A	SF3B2	Q13435	RBM11	P57052	RF2-PPI final90
A	SF3B4	Q15427	SS18L1	O75177	HI-union
A	SF3B4	Q15427	ZNF3	P17036	HI-union
A	SF3B4	Q15427	ZNF48	Q96MX3	HI-union
A	SFN	P31947	FOXO4	P98177	HI-union
A	SFN	P31947	PAX9	P55771	HI-union
A	SFN	P31947	YWHAB	P31946	RF2-PPI final90
A	SFN	P31947	YWHAE	P62258	RF2-PPI final90
A	SFN	P31947	YWHAZ	P63104	RF2-PPI final90
A	SGK2	Q9HBY8	HIRIP3	Q9BW71	HI-union
A	SGO2	Q562F6	SET	Q01105	HI-union
A	SGTA	O43765	CREB3L3	Q68CJ9	HI-union
A	SGTA	O43765	FERD3L	Q96RJ6	HI-union
A	SGTA	O43765	ZBTB8B	Q8NAP8	HI-union
A	SH3RF2	Q8TEC5	AKAP8L	Q9ULX6	HI-union
A	SH3RF2	Q8TEC5	BANP	Q8N9N5	HI-union
A	SH3RF2	Q8TEC5	HOMEZ	Q8IX15	HI-union
A	SH3RF2	Q8TEC5	NEK6	Q9HC98	HI-union
A	SHFL	Q9NUL5	IKZF1	Q13422	HI-union
A	SHFL	Q9NUL5	KLF15	Q9UIH9	HI-union
A	SHFL	Q9NUL5	MEOX2	P50222	HI-union
A	SHFL	Q9NUL5	TCF4	P15884	HI-union
A	SHFL	Q9NUL5	ZNF835	Q9Y2P0	HI-union
A	SHMT2	P34897	CREB3	O43889	HI-union
A	SIAH1	Q8IUQ4	AFF4	Q9UHB7	HI-union
A	SIAH1	Q8IUQ4	BCL6	P41182	HI-union
A	SIAH1	Q8IUQ4	FLI1	Q01543	HI-union
A	SIAH1	Q8IUQ4	PHC1	P78364	HI-union
A	SIAH1	Q8IUQ4	PHC2	Q8IXK0	HI-union
A	SIAH1	Q8IUQ4	PRPF31	Q8WWY3	HI-union
A	SIAH1	Q8IUQ4	PUF60	Q9UHX1	HI-union
A	SIAH1	Q8IUQ4	RAD54L2	Q9Y4B4	HI-union
A	SIAH1	Q8IUQ4	RXRB	P28702	HI-union
A	SIAH1	Q8IUQ4	SFMBT2	Q5VUG0	HI-union
A	SIAH1	Q8IUQ4	TRIM27	P14373	HI-union
A	SIAH1	Q8IUQ4	ZNF148	Q9UQR1	HI-union
A	SIAH1	Q8IUQ4	ZNF512B	Q96KM6	HI-union
A	SIAH1	Q8IUQ4	ZNF671	Q8TAW3	HI-union
A	SIK1	P57059	DMBX1	Q8NFW5	RF2-PPI final90
A	SINHCAF	Q9NP50	ING2	Q9H160	RF2-PPI final90
A	SINHCAF	Q9NP50	SIN3A	Q96ST3	RF2-PPI final90
A	SINHCAF	Q9NP50	ZFP41	Q8N8Y5	HI-union
A	SKIC2	Q15477	PRKAA2	P54646	HI-union
A	SKIC8	Q9GZS3	CTR9	Q6PD62	RF2-PPI final90
A	SLC39A9	Q9NUM3	CREB3L1	Q96BA8	HI-union
A	SLC39A9	Q9NUM3	CREB3L3	Q68CJ9	HI-union
A	SLC4A1AP	Q9BWU0	TCF4	P15884	HI-union
A	SLF2	Q8IX21	SFMBT2	Q5VUG0	HI-union
A	SLF2	Q8IX21	SLF1	Q9BQI6	RF2-PPI final90
A	SLIRP	Q9GZT3	WTAP	Q15007	HI-union
A	SMC6	Q96SB8	PWWP3A	Q2TAK8	RF2-PPI final90
A	SMC6	Q96SB8	SLF1	Q9BQI6	RF2-PPI final90
A	SMG5	Q9UPR3	NCOR1	O75376	RF2-PPI final90
A	SMG6	Q86US8	MEOX2	P50222	HI-union
A	SMN1	Q16637	CHTOP	Q9Y3Y2	HI-union
A	SMN1	Q16637	HDAC11	Q96DB2	RF2-PPI final90
A	SMN1	Q16637	PRMT5	O14744	RF2-PPI final90
A	SMNDC1	O75940	PUF60	Q9UHX1	RF2-PPI final90
A	SMTNL1	A8MU46	ALX3	O95076	RF2-PPI final90
A	SMUG1	Q53HV7	CRX	O43186	HI-union
A	SMUG1	Q53HV7	NEK6	Q9HC98	HI-union
A	SMUG1	Q53HV7	PATZ1	Q9HBE1	HI-union
A	SMUG1	Q53HV7	PITX2	Q99697	HI-union
A	SMUG1	Q53HV7	POGZ	Q7Z3K3	HI-union
A	SMUG1	Q53HV7	PRKAB2	O43741	HI-union
A	SMUG1	Q53HV7	PROP1	O75360	HI-union
A	SMUG1	Q53HV7	SKIL	P12757	HI-union
A	SMUG1	Q53HV7	SMARCD1	Q96GM5	HI-union
A	SMUG1	Q53HV7	TCF7L2	Q9NQB0	HI-union
A	SMUG1	Q53HV7	VENTX	O95231	HI-union
A	SMUG1	Q53HV7	ZIC1	Q15915	HI-union
A	SNAPC1	Q16533	HAT1	O14929	HI-union
A	SNAPC1	Q16533	KDM1A	O60341	RF2-PPI final90
A	SNAPC1	Q16533	SNAPC4	Q5SXM2	RF2-PPI final90
A	SNAPC3	Q92966	SNAPC4	Q5SXM2	RF2-PPI final90
A	SNAPC3	Q92966	ZNF620	Q6ZNG0	HI-union
A	SNCA	P37840	TERF2	Q15554	RF2-PPI final90
A	SNRNP25	Q9BV90	LHX3	Q9UBR4	HI-union
A	SNRNP25	Q9BV90	LHX4	Q969G2	HI-union
A	SNRNP25	Q9BV90	OIP5	O43482	HI-union
A	SNRNP25	Q9BV90	REL	Q04864	HI-union
A	SNRNP25	Q9BV90	TDRKH	Q9Y2W6	HI-union
A	SNRPA1	P09661	IKZF1	Q13422	HI-union
A	SNRPA1	P09661	ZGPAT	Q8N5A5	HI-union
A	SNRPB	P14678	BANP	Q8N9N5	HI-union
A	SNRPB	P14678	CLNS1A	P54105	HI-union
A	SNRPB	P14678	CREM	Q03060	HI-union
A	SNRPB	P14678	EXOSC8	Q96B26	HI-union
A	SNRPB	P14678	HOXA1	P49639	HI-union
A	SNRPB	P14678	L3MBTL3	Q96JM7	HI-union
A	SNRPB	P14678	OIP5	O43482	HI-union
A	SNRPB	P14678	RFX6	Q8HWS3	HI-union
A	SNRPB	P14678	SP3	Q02447	HI-union
A	SNRPB	P14678	SS18L1	O75177	HI-union
A	SNRPB	P14678	ZNF143	P52747	HI-union
A	SNRPB2	P08579	GABPB1	Q06547	HI-union
A	SNRPB2	P08579	GABPB2	Q8TAK5	HI-union
A	SNRPB2	P08579	HMBOX1	Q6NT76	HI-union
A	SNRPB2	P08579	HOMEZ	Q8IX15	HI-union
A	SNRPB2	P08579	TRIM27	P14373	HI-union
A	SNRPB2	P08579	ZBTB14	O43829	HI-union
A	SNRPD1	P62314	CLNS1A	P54105	HI-union + RF2-PPI final90
A	SNRPD2	P62316	CLNS1A	P54105	HI-union
A	SNRPD3	P62318	CLNS1A	P54105	HI-union + RF2-PPI final90
A	SNRPF	P62306	CLNS1A	P54105	RF2-PPI final90
A	SNRPF	P62306	IKZF1	Q13422	HI-union
A	SNRPF	P62306	MEOX2	P50222	HI-union
A	SNRPG	P62308	CLNS1A	P54105	HI-union
A	SNX20	Q7Z614	SPDEF	O95238	HI-union
A	SOCS7	O14512	EXOSC8	Q96B26	HI-union
A	SORBS1	Q9BX66	PAK2	Q13177	RF2-PPI final90
A	SPANXB1	Q9NS25	ARID4B	Q4LE39	HI-union
A	SPANXB1	Q9NS25	TP53BP1	Q12888	RF2-PPI final90
A	SPANXD	Q9BXN6	SETBP1	Q9Y6X0	HI-union
A	SPATA2	Q9UM82	CHUK	O15111	RF2-PPI final90
A	SPATA2	Q9UM82	KAT5	Q92993	HI-union
A	SPATA2	Q9UM82	TRIM27	P14373	HI-union
A	SPATA2	Q9UM82	ZNF835	Q9Y2P0	HI-union
A	SPATA24	Q86W54	OIP5	O43482	HI-union
A	SPATA46	Q5T0L3	HLCS	P50747	HI-union
A	SPATA46	Q5T0L3	TLX3	O43711	HI-union
A	SPC24	Q8NBT2	CENPT	Q96BT3	RF2-PPI final90
A	SPC24	Q8NBT2	NSL1	Q96IY1	RF2-PPI final90
A	SPC25	Q9HBM1	CENPT	Q96BT3	RF2-PPI final90
A	SPC25	Q9HBM1	FOSB	P53539	RF2-PPI final90
A	SPDL1	Q96EA4	USP15	Q9Y4E8	HI-union
A	SPDYA	Q5MJ70	CDK1	P06493	RF2-PPI final90
A	SPDYA	Q5MJ70	CDK5	Q00535	HI-union
A	SPMIP6	Q8NCR6	A1CF	Q9NQ94	HI-union
A	SPMIP6	Q8NCR6	BCL6	P41182	HI-union
A	SPMIP6	Q8NCR6	MEIS2	O14770	HI-union
A	SPMIP6	Q8NCR6	PROP1	O75360	HI-union
A	SPMIP9	Q96LM6	FOXD2	O60548	HI-union
A	SPMIP9	Q96LM6	HOXC9	P31274	HI-union
A	SPMIP9	Q96LM6	OTX1	P32242	HI-union
A	SPMIP9	Q96LM6	PITX2	Q99697	HI-union
A	SPMIP9	Q96LM6	RBFOX1	Q9NWB1	HI-union
A	SPMIP9	Q96LM6	SOX14	O95416	HI-union
A	SPMIP9	Q96LM6	TFAP2D	Q7Z6R9	HI-union
A	SPMIP9	Q96LM6	TLX3	O43711	HI-union
A	SPMIP9	Q96LM6	ZBTB32	Q9Y2Y4	HI-union
A	SPO11	Q9Y5K1	TCF4	P15884	HI-union
A	SPOPL	Q6IQ16	ATF2	P15336	HI-union
A	SPOPL	Q6IQ16	CREB5	Q02930	HI-union
A	SPOPL	Q6IQ16	RXRB	P28702	HI-union
A	SPOPL	Q6IQ16	SPOP	O43791	RF2-PPI final90
A	SPRED1	Q7Z699	CREB5	Q02930	HI-union
A	SPRED1	Q7Z699	MEOX2	P50222	HI-union
A	SPRED1	Q7Z699	ZNF408	Q9H9D4	HI-union
A	SPRED1	Q7Z699	ZNF417	Q8TAU3	HI-union
A	SPRED1	Q7Z699	ZNF587	Q96SQ5	HI-union
A	SPRED1	Q7Z699	ZNF655	Q8N720	HI-union
A	SPRTN	Q9H040	NPM1	P06748	RF2-PPI final90
A	SPSB3	Q6PJ21	ZNF396	Q96N95	HI-union
A	SRGAP2	O75044	ACTB	P60709	RF2-PPI final90
A	SRGAP2	O75044	PRMT5	O14744	RF2-PPI final90
A	SRPK1	Q96SB4	HDGFL2	Q7Z4V5	RF2-PPI final90
A	SRPK1	Q96SB4	SSRP1	Q08945	RF2-PPI final90
A	SRSF4	Q08170	SRSF6	Q13247	HI-union
A	SRSF4	Q08170	TRA2B	P62995	HI-union
A	SSBP4	Q9BWG4	PIN1	Q13526	HI-union
A	SSU72L4	A0A1W2PQC6	CDX2	Q99626	RF2-PPI final90
A	SSUH2	Q9Y2M2	HOXA1	P49639	HI-union
A	SSUH2	Q9Y2M2	L3MBTL2	Q969R5	HI-union
A	SSUH2	Q9Y2M2	POU6F2	P78424	HI-union
A	SSX2IP	Q9Y2D8	CHCHD3	Q9NX63	HI-union
A	SSX2IP	Q9Y2D8	DAXX	Q9UER7	HI-union
A	SSX2IP	Q9Y2D8	HDAC4	P56524	HI-union
A	SSX2IP	Q9Y2D8	INO80B	Q9C086	HI-union
A	SSX2IP	Q9Y2D8	KAT5	Q92993	HI-union
A	SSX2IP	Q9Y2D8	PHC2	Q8IXK0	HI-union
A	SSX2IP	Q9Y2D8	PKN1	Q16512	HI-union
A	SSX2IP	Q9Y2D8	PRKAA1	Q13131	HI-union
A	SSX2IP	Q9Y2D8	PRPF31	Q8WWY3	HI-union
A	SSX2IP	Q9Y2D8	TBP	P20226	HI-union
A	SSX2IP	Q9Y2D8	TEAD4	Q15561	HI-union
A	SSX2IP	Q9Y2D8	WDR5	P61964	HI-union
A	SSX2IP	Q9Y2D8	ZBTB24	O43167	HI-union
A	SSX2IP	Q9Y2D8	ZGPAT	Q8N5A5	HI-union
A	SSX2IP	Q9Y2D8	ZNF124	Q15973	HI-union
A	SSX2IP	Q9Y2D8	ZNF202	O95125	HI-union
A	SSX2IP	Q9Y2D8	ZNF250	P15622	HI-union
A	SSX2IP	Q9Y2D8	ZNF3	P17036	HI-union
A	SSX2IP	Q9Y2D8	ZNF408	Q9H9D4	HI-union
A	SSX2IP	Q9Y2D8	ZNF417	Q8TAU3	HI-union
A	SSX2IP	Q9Y2D8	ZNF438	Q7Z4V0	HI-union
A	SSX2IP	Q9Y2D8	ZNF587	Q96SQ5	HI-union
A	SSX2IP	Q9Y2D8	ZNF648	Q5T619	HI-union
A	SSX2IP	Q9Y2D8	ZNF688	P0C7X2	HI-union
A	SSX2IP	Q9Y2D8	ZNF71	Q9NQZ8	HI-union
A	SSX2IP	Q9Y2D8	ZNF792	Q3KQV3	HI-union
A	SSX2IP	Q9Y2D8	ZSCAN12	O43309	HI-union
A	STAMBP	O95630	APOBEC3A	P31941	HI-union
A	STEEP1	Q9H5V9	CDC5L	Q99459	RF2-PPI final90
A	STEEP1	Q9H5V9	HAT1	O14929	HI-union
A	STH	Q8IWL8	PITX1	P78337	HI-union
A	STH	Q8IWL8	POGZ	Q7Z3K3	HI-union
A	STH	Q8IWL8	SMARCD1	Q96GM5	HI-union
A	STH	Q8IWL8	SOHLH1	Q5JUK2	HI-union
A	STH	Q8IWL8	TLX3	O43711	HI-union
A	STIP1	P31948	HSPA1A	P0DMV8	RF2-PPI final90
A	STIP1	P31948	HSPA1B	P0DMV9	RF2-PPI final90
A	STK40	Q8N2I9	ATAD2	Q6PL18	RF2-PPI final90
A	STK40	Q8N2I9	FOSL2	P15408	RF2-PPI final90
A	STN1	Q9H668	RCOR3	Q9P2K3	HI-union
A	STRA8	Q7Z7C7	MEIOSIN	C9JSJ3	RF2-PPI final90
A	STRA8	Q7Z7C7	MEOX2	P50222	HI-union
A	STRA8	Q7Z7C7	POU6F2	P78424	HI-union
A	STYX	Q8WUJ0	SKP1	P63208	RF2-PPI final90
A	SULT2B1	O00204	REL	Q04864	HI-union
A	SULT2B1	O00204	ZNF497	Q6ZNH5	HI-union
A	SUMO1P1	G2XKQ0	PIAS1	O75925	RF2-PPI final90
A	SUMO1P1	G2XKQ0	PIAS2	O75928	RF2-PPI final90
A	SUMO1P1	G2XKQ0	PIAS3	Q9Y6X2	RF2-PPI final90
A	SUMO1P1	G2XKQ0	PIAS4	Q8N2W9	RF2-PPI final90
A	SUMO1P1	G2XKQ0	SENP1	Q9P0U3	RF2-PPI final90
A	SUMO1P1	G2XKQ0	SENP3	Q9H4L4	RF2-PPI final90
A	SUMO2	P61956	HOMEZ	Q8IX15	HI-union
A	SUMO2	P61956	PIAS1	O75925	RF2-PPI final90
A	SUMO2	P61956	PIAS2	O75928	RF2-PPI final90
A	SUMO2	P61956	PIAS3	Q9Y6X2	RF2-PPI final90
A	SUMO2	P61956	PIAS4	Q8N2W9	RF2-PPI final90
A	SUMO2	P61956	RHOXF2B	P0C7M4	RF2-PPI final90
A	SUMO2	P61956	SENP1	Q9P0U3	HI-union + RF2-PPI final90
A	SUMO2	P61956	SENP3	Q9H4L4	RF2-PPI final90
A	SUMO2	P61956	SP100	P23497	HI-union
A	SUMO2	P61956	TOPORS	Q9NS56	RF2-PPI final90
A	SUMO2	P61956	ZBTB33	Q86T24	HI-union
A	SUMO2	P61956	ZBTB39	O15060	HI-union
A	SUMO2	P61956	ZNF496	Q96IT1	HI-union
A	SUMO3	P55854	HOMEZ	Q8IX15	HI-union
A	SUMO3	P55854	HOXC8	P31273	RF2-PPI final90
A	SUMO3	P55854	ISX	Q2M1V0	RF2-PPI final90
A	SUMO3	P55854	PIAS1	O75925	RF2-PPI final90
A	SUMO3	P55854	PIAS2	O75928	RF2-PPI final90
A	SUMO3	P55854	PIAS3	Q9Y6X2	RF2-PPI final90
A	SUMO3	P55854	PIAS4	Q8N2W9	RF2-PPI final90
A	SUMO3	P55854	RHOXF2	Q9BQY4	RF2-PPI final90
A	SUMO3	P55854	SENP1	Q9P0U3	RF2-PPI final90
A	SUMO3	P55854	SENP3	Q9H4L4	RF2-PPI final90
A	SUMO3	P55854	TOPORS	Q9NS56	RF2-PPI final90
A	SUMO3	P55854	ZBTB33	Q86T24	HI-union
A	SUMO3	P55854	ZBTB39	O15060	HI-union
A	SUMO3	P55854	ZNF496	Q96IT1	HI-union
A	SWAP70	Q9UH65	ZBTB5	O15062	HI-union
A	SYCE1	Q8N0S2	HMG20B	Q9P0W2	HI-union
A	SYCE1	Q8N0S2	KAT5	Q92993	HI-union
A	SYCE1	Q8N0S2	MBD3	O95983	HI-union
A	SYCE1	Q8N0S2	RBCK1	Q9BYM8	HI-union
A	SYCE1	Q8N0S2	SMARCE1	Q969G3	HI-union
A	SYCE1	Q8N0S2	ZNF124	Q15973	HI-union
A	SYCE3	A1L190	PKN1	Q16512	HI-union
A	SYCE3	A1L190	SGF29	Q96ES7	HI-union
A	SYNE2	Q8WXH0	MEOX2	P50222	HI-union
A	SYNE4	Q8N205	ZNF250	P15622	HI-union
A	SYNE4	Q8N205	ZNF648	Q5T619	HI-union
A	TARDBP	Q13148	HOMEZ	Q8IX15	HI-union
A	TARS3	A2RTX5	ATF4	P18848	HI-union
A	TBC1D1	Q86TI0	HOXC8	P31273	HI-union
A	TBC1D1	Q86TI0	L3MBTL3	Q96JM7	HI-union
A	TBC1D1	Q86TI0	LHX8	Q68G74	HI-union
A	TBC1D1	Q86TI0	MCRS1	Q96EZ8	HI-union
A	TBC1D1	Q86TI0	ZFP1	Q6P2D0	HI-union
A	TBL3	Q12788	NPM1	P06748	RF2-PPI final90
A	TBL3	Q12788	USP36	Q9P275	RF2-PPI final90
A	TBRG1	Q3YBR2	INO80	Q9ULG1	RF2-PPI final90
A	TBRG1	Q3YBR2	INO80E	Q8NBZ0	HI-union + RF2-PPI final90
A	TBRG1	Q3YBR2	NFRKB	Q6P4R8	RF2-PPI final90
A	TBRG1	Q3YBR2	SMYD1	Q8NB12	HI-union
A	TCEA3	O75764	LEO1	Q8WVC0	HI-union
A	TCL1A	P56279	DNMT3A	Q9Y6K1	HI-union
A	TCL1A	P56279	REL	Q04864	HI-union
A	TCL1A	P56279	TCF4	P15884	HI-union
A	TENM4	Q6N022	HOXB9	P17482	HI-union
A	TENM4	Q6N022	ZNF587	Q96SQ5	HI-union
A	TENM4	Q6N022	ZNF696	Q9H7X3	HI-union
A	TENT5B	Q96A09	AKAP8L	Q9ULX6	HI-union
A	TENT5B	Q96A09	BHLHE40	O14503	HI-union
A	TENT5B	Q96A09	FOS	P01100	HI-union
A	TENT5B	Q96A09	FOSB	P53539	HI-union
A	TENT5B	Q96A09	FOXI1	Q12951	HI-union
A	TENT5B	Q96A09	HIVEP1	P15822	HI-union
A	TENT5B	Q96A09	NR1D2	Q14995	HI-union
A	TENT5B	Q96A09	OTX2	P32243	HI-union
A	TENT5B	Q96A09	POU2AF1	Q16633	HI-union
A	TENT5B	Q96A09	POU6F2	P78424	HI-union
A	TENT5B	Q96A09	PROP1	O75360	HI-union
A	TENT5B	Q96A09	RFX6	Q8HWS3	HI-union
A	TENT5B	Q96A09	RHOXF2	Q9BQY4	HI-union
A	TENT5B	Q96A09	SOHLH1	Q5JUK2	HI-union
A	TENT5B	Q96A09	SOX5	P35711	HI-union
A	TENT5B	Q96A09	TBX6	O95947	HI-union
A	TENT5B	Q96A09	ZBTB2	Q8N680	HI-union
A	TENT5B	Q96A09	ZNF503	Q96F45	HI-union
A	TENT5B	Q96A09	ZNF620	Q6ZNG0	HI-union
A	TENT5B	Q96A09	ZNF688	P0C7X2	HI-union
A	TENT5C	Q5VWP2	RHOXF2	Q9BQY4	HI-union
A	TEP1	Q99973	RHOXF2	Q9BQY4	HI-union
A	TERB2	Q8NHR7	TERB1	Q8NA31	RF2-PPI final90
A	TESMIN	Q9Y4I5	KDM2A	Q9Y2K7	RF2-PPI final90
A	TESMIN	Q9Y4I5	NRF1	Q16656	HI-union
A	TEX264	Q9Y6I9	CREB3L1	Q96BA8	HI-union
A	TH	P07101	NFIC	P08651	HI-union
A	TH	P07101	PIAS2	O75928	HI-union
A	TH	P07101	PUF60	Q9UHX1	HI-union
A	TH	P07101	RBMY1A1	P0DJD3	HI-union
A	TH	P07101	ZNF569	Q5MCW4	HI-union
A	TIAL1	Q01085	AKAP8L	Q9ULX6	HI-union
A	TIAL1	Q01085	CELF4	Q9BZC1	HI-union
A	TIAL1	Q01085	KLF1	Q13351	HI-union
A	TIAL1	Q01085	MBNL2	Q5VZF2	HI-union
A	TINF2	Q9BSI4	TERF2	Q15554	RF2-PPI final90
A	TIPIN	Q9BVW5	GSC2	O15499	HI-union
A	TMC6	Q7Z403	ZBTB2	Q8N680	HI-union
A	TMEM120B	A0PK00	CREB3L1	Q96BA8	HI-union
A	TMEM147	Q9BVK8	CREB3L1	Q96BA8	HI-union
A	TMEM147	Q9BVK8	LEUTX	A8MZ59	HI-union
A	TMEM201	Q5SNT2	DNAJC1	Q96KC8	HI-union
A	TMEM97	Q5BJF2	LEUTX	A8MZ59	HI-union
A	TNFAIP1	Q13829	CUL3	Q13618	HI-union
A	TNFAIP1	Q13829	EXOSC5	Q9NQT4	HI-union
A	TNFAIP1	Q13829	HAT1	O14929	HI-union
A	TNFAIP1	Q13829	PRKAG1	P54619	HI-union
A	TNK2	Q07912	NEK6	Q9HC98	HI-union
A	TNMD	Q9H2S6	CREB3L1	Q96BA8	HI-union
A	TNPO2	O14787	FTO	Q9C0B1	HI-union
A	TNPO2	O14787	GSC2	O15499	HI-union
A	TNPO2	O14787	OTX2	P32243	HI-union
A	TNPO2	O14787	POU6F2	P78424	HI-union
A	TNPO2	O14787	PRMT8	Q9NR22	HI-union
A	TNPO2	O14787	TBX2	Q13207	HI-union
A	TNPO2	O14787	THAP6	Q8TBB0	HI-union
A	TNPO2	O14787	ZBTB32	Q9Y2Y4	HI-union
A	TOPBP1	Q92547	NBN	O60934	RF2-PPI final90
A	TOPBP1	Q92547	PHF8	Q9UPP1	RF2-PPI final90
A	TOPBP1	Q92547	RNF8	O76064	RF2-PPI final90
A	TP53BP2	Q13625	CDC5L	Q99459	HI-union
A	TP53BP2	Q13625	HHEX	Q03014	HI-union
A	TP53BP2	Q13625	KDM1A	O60341	HI-union
A	TP53BP2	Q13625	LHX4	Q969G2	HI-union
A	TP53BP2	Q13625	NAP1L2	Q9ULW6	HI-union
A	TP53BP2	Q13625	PHF1	O43189	HI-union
A	TP53BP2	Q13625	PRPF31	Q8WWY3	HI-union
A	TP53BP2	Q13625	RXRB	P28702	HI-union
A	TP53BP2	Q13625	SETD5	Q9C0A6	HI-union
A	TP53BP2	Q13625	ZBTB4	Q9P1Z0	HI-union
A	TP53BP2	Q13625	ZFP91	Q96JP5	HI-union
A	TP53BP2	Q13625	ZGPAT	Q8N5A5	HI-union
A	TP53BP2	Q13625	ZNF26	P17031	HI-union
A	TP53BP2	Q13625	ZNF438	Q7Z4V0	HI-union
A	TP53BP2	Q13625	ZNF552	Q9H707	HI-union
A	TP53BP2	Q13625	ZNF575	Q86XF7	HI-union
A	TPPP	O94811	ZNF114	Q8NC26	HI-union
A	TPRKB	Q9Y3C4	TRIM27	P14373	HI-union
A	TRA2A	Q13595	RNPS1	Q15287	HI-union
A	TRAF4	Q9BUZ4	ALKBH4	Q9NXW9	HI-union
A	TRAF4	Q9BUZ4	BACH2	Q9BYV9	HI-union
A	TRAF4	Q9BUZ4	BAHD1	Q8TBE0	HI-union
A	TRAF4	Q9BUZ4	BANP	Q8N9N5	HI-union
A	TRAF4	Q9BUZ4	BCL6B	Q8N143	HI-union
A	TRAF4	Q9BUZ4	EYA2	O00167	HI-union
A	TRAF4	Q9BUZ4	HEY2	Q9UBP5	HI-union
A	TRAF4	Q9BUZ4	HMG20A	Q9NP66	HI-union
A	TRAF4	Q9BUZ4	HOMEZ	Q8IX15	HI-union
A	TRAF4	Q9BUZ4	HOXA1	P49639	HI-union
A	TRAF4	Q9BUZ4	HOXB5	P09067	HI-union
A	TRAF4	Q9BUZ4	KANSL1	Q7Z3B3	HI-union
A	TRAF4	Q9BUZ4	KDM1A	O60341	HI-union
A	TRAF4	Q9BUZ4	PLAGL2	Q9UPG8	HI-union
A	TRAF4	Q9BUZ4	RAD54L2	Q9Y4B4	HI-union
A	TRAF4	Q9BUZ4	TFAP4	Q01664	HI-union
A	TRAF4	Q9BUZ4	TRIM27	P14373	HI-union
A	TRAF4	Q9BUZ4	ZBTB16	Q05516	HI-union
A	TRAF4	Q9BUZ4	ZBTB26	Q9HCK0	HI-union
A	TRAF4	Q9BUZ4	ZNF177	Q13360	HI-union
A	TRAF4	Q9BUZ4	ZNF275	Q9NSD4	HI-union
A	TRAF4	Q9BUZ4	ZNF3	P17036	HI-union
A	TRAF4	Q9BUZ4	ZNF581	Q9P0T4	HI-union
A	TRAF4	Q9BUZ4	ZNF620	Q6ZNG0	HI-union
A	TRAF4	Q9BUZ4	ZNF688	P0C7X2	HI-union
A	TRAF4	Q9BUZ4	ZNF784	Q8NCA9	HI-union
A	TRAF4	Q9BUZ4	ZNF835	Q9Y2P0	HI-union
A	TRAF7	Q6Q0C0	OGT	O15294	HI-union
A	TRAPPC12	Q8WVT3	BMAL1	O00327	HI-union
A	TRAPPC12	Q8WVT3	TFCP2	Q12800	HI-union
A	TRAPPC2B	P0DI82	SNAPC5	O75971	HI-union
A	TRAPPC2B	P0DI82	ZBED1	O96006	HI-union
A	TRAPPC2B	P0DI82	ZNF438	Q7Z4V0	HI-union
A	TRAPPC2B	P0DI82	ZNF655	Q8N720	HI-union
A	TRIM26	Q12899	THAP1	Q9NVV9	HI-union
A	TRIM35	Q9UPQ4	BANP	Q8N9N5	HI-union
A	TRIM35	Q9UPQ4	NRF1	Q16656	HI-union
A	TRIM35	Q9UPQ4	PPP2CA	P67775	HI-union
A	TRIM35	Q9UPQ4	PRKAB2	O43741	HI-union
A	TRIM35	Q9UPQ4	SMARCB1	Q12824	HI-union
A	TRIM35	Q9UPQ4	ZNF410	Q86VK4	HI-union
A	TRIM39	Q9HCM9	HINFP	Q9BQA5	HI-union
A	TRIM39	Q9HCM9	KDM1A	O60341	HI-union
A	TRIM39	Q9HCM9	UBE2D1	P51668	HI-union
A	TRIM39	Q9HCM9	UBE2D3	P61077	HI-union
A	TRIM39	Q9HCM9	ZKSCAN4	Q969J2	HI-union
A	TRIM39	Q9HCM9	ZNF26	P17031	HI-union
A	TRIM41	Q8WV44	CHD2	O14647	HI-union
A	TRIM41	Q8WV44	CSNK2A1	P68400	HI-union
A	TRIM41	Q8WV44	JRK	O75564	HI-union
A	TRIM41	Q8WV44	MCRS1	Q96EZ8	HI-union
A	TRIM41	Q8WV44	MEOX1	P50221	HI-union
A	TRIM41	Q8WV44	MEOX2	P50222	HI-union
A	TRIM41	Q8WV44	MORF4L1	Q9UBU8	HI-union
A	TRIM41	Q8WV44	MORF4L2	Q15014	HI-union
A	TRIM41	Q8WV44	PBX4	Q9BYU1	HI-union
A	TRIM41	Q8WV44	PHC2	Q8IXK0	HI-union
A	TRIM41	Q8WV44	PLAGL2	Q9UPG8	HI-union
A	TRIM41	Q8WV44	PRDM14	Q9GZV8	HI-union
A	TRIM41	Q8WV44	RBAK	Q9NYW8	HI-union
A	TRIM41	Q8WV44	RNPS1	Q15287	HI-union
A	TRIM41	Q8WV44	SUV39H1	O43463	HI-union
A	TRIM41	Q8WV44	ZBTB24	O43167	HI-union
A	TRIM41	Q8WV44	ZBTB26	Q9HCK0	HI-union
A	TRIM41	Q8WV44	ZBTB39	O15060	HI-union
A	TRIM41	Q8WV44	ZBTB48	P10074	HI-union
A	TRIM41	Q8WV44	ZBTB8A	Q96BR9	HI-union
A	TRIM41	Q8WV44	ZFP1	Q6P2D0	HI-union
A	TRIM41	Q8WV44	ZFP2	Q6ZN57	HI-union
A	TRIM41	Q8WV44	ZFP64	Q9NTW7	HI-union
A	TRIM41	Q8WV44	ZNF121	P58317	HI-union
A	TRIM41	Q8WV44	ZNF134	P52741	HI-union
A	TRIM41	Q8WV44	ZNF138	P52744	HI-union
A	TRIM41	Q8WV44	ZNF165	P49910	HI-union
A	TRIM41	Q8WV44	ZNF2	Q9BSG1	HI-union
A	TRIM41	Q8WV44	ZNF219	Q9P2Y4	HI-union
A	TRIM41	Q8WV44	ZNF24	P17028	HI-union
A	TRIM41	Q8WV44	ZNF250	P15622	HI-union
A	TRIM41	Q8WV44	ZNF251	Q9BRH9	HI-union
A	TRIM41	Q8WV44	ZNF26	P17031	HI-union
A	TRIM41	Q8WV44	ZNF263	O14978	HI-union
A	TRIM41	Q8WV44	ZNF264	O43296	HI-union
A	TRIM41	Q8WV44	ZNF266	Q14584	HI-union
A	TRIM41	Q8WV44	ZNF275	Q9NSD4	HI-union
A	TRIM41	Q8WV44	ZNF286A	Q9HBT8	HI-union
A	TRIM41	Q8WV44	ZNF319	Q9P2F9	HI-union
A	TRIM41	Q8WV44	ZNF329	Q86UD4	HI-union
A	TRIM41	Q8WV44	ZNF343	Q6P1L6	HI-union
A	TRIM41	Q8WV44	ZNF398	Q8TD17	HI-union
A	TRIM41	Q8WV44	ZNF408	Q9H9D4	HI-union
A	TRIM41	Q8WV44	ZNF417	Q8TAU3	HI-union
A	TRIM41	Q8WV44	ZNF439	Q8NDP4	HI-union
A	TRIM41	Q8WV44	ZNF460	Q14592	HI-union
A	TRIM41	Q8WV44	ZNF473	Q8WTR7	HI-union
A	TRIM41	Q8WV44	ZNF48	Q96MX3	HI-union
A	TRIM41	Q8WV44	ZNF490	Q9ULM2	HI-union
A	TRIM41	Q8WV44	ZNF497	Q6ZNH5	HI-union
A	TRIM41	Q8WV44	ZNF526	Q8TF50	HI-union
A	TRIM41	Q8WV44	ZNF552	Q9H707	HI-union
A	TRIM41	Q8WV44	ZNF564	Q8TBZ8	HI-union
A	TRIM41	Q8WV44	ZNF575	Q86XF7	HI-union
A	TRIM41	Q8WV44	ZNF587	Q96SQ5	HI-union
A	TRIM41	Q8WV44	ZNF629	Q9UEG4	HI-union
A	TRIM41	Q8WV44	ZNF648	Q5T619	HI-union
A	TRIM41	Q8WV44	ZNF653	Q96CK0	HI-union
A	TRIM41	Q8WV44	ZNF655	Q8N720	HI-union
A	TRIM41	Q8WV44	ZNF670	Q9BS34	HI-union
A	TRIM41	Q8WV44	ZNF691	Q5VV52	HI-union
A	TRIM41	Q8WV44	ZNF696	Q9H7X3	HI-union
A	TRIM41	Q8WV44	ZNF71	Q9NQZ8	HI-union
A	TRIM41	Q8WV44	ZNF773	Q6PK81	HI-union
A	TRIM41	Q8WV44	ZNF780A	O75290	HI-union
A	TRIM41	Q8WV44	ZNF784	Q8NCA9	HI-union
A	TRIM41	Q8WV44	ZNF792	Q3KQV3	HI-union
A	TRIM41	Q8WV44	ZNF835	Q9Y2P0	HI-union
A	TRIM41	Q8WV44	ZNF837	Q96EG3	HI-union
A	TRIM41	Q8WV44	ZSCAN16	Q9H4T2	HI-union
A	TRIM41	Q8WV44	ZSCAN21	Q9Y5A6	HI-union
A	TRIM41	Q8WV44	ZSCAN26	Q16670	HI-union
A	TRIM45	Q9H8W5	MEOX2	P50222	HI-union
A	TRIM68	Q6AZZ1	REL	Q04864	HI-union
A	TRIM68	Q6AZZ1	TCF4	P15884	HI-union
A	TRIM68	Q6AZZ1	ZBTB42	B2RXF5	HI-union
A	TRIM69	Q86WT6	ZNF483	Q8TF39	HI-union
A	TSN	Q15631	MORF4L2	Q15014	HI-union
A	TSNAX	Q99598	GADD45G	O95257	HI-union
A	TSNAX	Q99598	HMGB2	P26583	HI-union
A	TSNAX	Q99598	TCF12	Q99081	HI-union
A	TSPY10	P0CW01	DPY30	Q9C005	HI-union
A	TSPY2	A6NKD2	DPY30	Q9C005	HI-union
A	TSPY3	P0CV98	DPY30	Q9C005	HI-union
A	TSPYL1	Q9H0U9	L3MBTL2	Q969R5	HI-union
A	TSPYL1	Q9H0U9	SET	Q01105	RF2-PPI final90
A	TSPYL1	Q9H0U9	ZBTB9	Q96C00	HI-union
A	TSSC4	Q9Y5U2	REL	Q04864	HI-union
A	TSSC4	Q9Y5U2	TCF4	P15884	HI-union
A	TTC4	O95801	ZBTB16	Q05516	RF2-PPI final90
A	TTC5	Q8N0Z6	HDX	Q7Z353	HI-union
A	TXNDC9	O14530	EXOSC8	Q96B26	HI-union
A	TXNDC9	O14530	KLF11	O14901	HI-union
A	TXNDC9	O14530	MYOG	P15173	HI-union
A	TXNDC9	O14530	PBX4	Q9BYU1	HI-union
A	TXNDC9	O14530	TRIM27	P14373	HI-union
A	TXNDC9	O14530	ZNF655	Q8N720	HI-union
A	TXNL4B	Q9NX01	ALKBH4	Q9NXW9	HI-union
A	TXNL4B	Q9NX01	BHLHE40	O14503	HI-union
A	TXNL4B	Q9NX01	MEOX1	P50221	HI-union
A	TXNL4B	Q9NX01	MEOX2	P50222	HI-union
A	TXNL4B	Q9NX01	PRPF31	Q8WWY3	RF2-PPI final90
A	TXNL4B	Q9NX01	REL	Q04864	HI-union
A	TXNL4B	Q9NX01	TCF4	P15884	HI-union
A	U2AF1L4	Q8WU68	U2AF2	P26368	RF2-PPI final90
A	U2SURP	O15042	RBM17	Q96I25	RF2-PPI final90
A	UBA2	Q9UBT2	MEOX2	P50222	HI-union
A	UBA52	P62987	LITAF	Q99732	HI-union
A	UBAP2	Q5T6F2	BANP	Q8N9N5	HI-union
A	UBAP2	Q5T6F2	CREM	Q03060	HI-union
A	UBAP2	Q5T6F2	FOXH1	O75593	HI-union
A	UBAP2	Q5T6F2	ISX	Q2M1V0	HI-union
A	UBAP2	Q5T6F2	NPAS2	Q99743	HI-union
A	UBAP2	Q5T6F2	OTX1	P32242	HI-union
A	UBAP2	Q5T6F2	PPP2CA	P67775	HI-union
A	UBAP2	Q5T6F2	RHOXF2	Q9BQY4	HI-union
A	UBAP2	Q5T6F2	TP53BP1	Q12888	HI-union
A	UBAP2	Q5T6F2	VENTX	O95231	HI-union
A	UBAP2	Q5T6F2	ZNF34	Q8IZ26	HI-union
A	UBAP2L	Q14157	KDM5A	P29375	RF2-PPI final90
A	UBAP2L	Q14157	KDM6B	O15054	RF2-PPI final90
A	UBAP2L	Q14157	PCGF1	Q9BSM1	RF2-PPI final90
A	UBASH3A	P57075	PRDM6	Q9NQX0	HI-union
A	UBASH3A	P57075	REL	Q04864	HI-union
A	UBASH3A	P57075	TP63	Q9H3D4	HI-union
A	UBASH3A	P57075	TRIM27	P14373	HI-union
A	UBASH3A	P57075	ZBTB42	B2RXF5	HI-union
A	UBASH3A	P57075	ZNF219	Q9P2Y4	HI-union
A	UBASH3A	P57075	ZNF474	Q6S9Z5	HI-union
A	UBASH3B	Q8TF42	DMRT3	Q9NQL9	HI-union + RF2-PPI final90
A	UBASH3B	Q8TF42	HOXB2	P14652	HI-union
A	UBASH3B	Q8TF42	KAT5	Q92993	HI-union
A	UBASH3B	Q8TF42	KDM1A	O60341	HI-union
A	UBASH3B	Q8TF42	PIAS2	O75928	HI-union
A	UBASH3B	Q8TF42	REL	Q04864	HI-union
A	UBASH3B	Q8TF42	TCF4	P15884	HI-union
A	UBE2E3	Q969T4	RNF2	Q99496	HI-union + RF2-PPI final90
A	UBE2O	Q9C0C9	SFMBT2	Q5VUG0	HI-union
A	UBE2V1	Q13404	UBE2N	P61088	RF2-PPI final90
A	UBE2V1	Q13404	XBP1	P17861	HI-union
A	UBE2Z	Q9H832	HMBOX1	Q6NT76	HI-union
A	UBE2Z	Q9H832	REL	Q04864	HI-union
A	UBE3A	Q05086	NR4A3	Q92570	HI-union
A	UBE3A	Q05086	UBE2D1	P51668	RF2-PPI final90
A	UBE3A	Q05086	UBE2D3	P61077	RF2-PPI final90
A	UBE3A	Q05086	USP11	P51784	RF2-PPI final90
A	UBIAD1	Q9Y5Z9	CREB3L1	Q96BA8	HI-union
A	UBL4A	P11441	MEOX2	P50222	HI-union
A	UBL5	Q9BZL1	HESX1	Q9UBX0	HI-union
A	UBL5	Q9BZL1	HOXA1	P49639	HI-union
A	UBL5	Q9BZL1	NFYA	P23511	HI-union
A	UBL5	Q9BZL1	PAX4	O43316	HI-union
A	UBL5	Q9BZL1	PRMT8	Q9NR22	HI-union
A	UBL5	Q9BZL1	RYBP	Q8N488	RF2-PPI final90
A	UBL5	Q9BZL1	THAP3	Q8WTV1	HI-union
A	UBL5	Q9BZL1	TRIM27	P14373	HI-union
A	UBL5	Q9BZL1	YAF2	Q8IY57	RF2-PPI final90
A	UBL5	Q9BZL1	ZFP41	Q8N8Y5	HI-union
A	UBL5	Q9BZL1	ZNF124	Q15973	HI-union
A	UBL5	Q9BZL1	ZNF618	Q5T7W0	HI-union
A	UBLCP1	Q8WVY7	TSC22D4	Q9Y3Q8	HI-union
A	UBQLN1	Q9UMX0	ASCL1	P50553	HI-union
A	UBQLN1	Q9UMX0	LHX4	Q969G2	HI-union
A	UBQLN1	Q9UMX0	LITAF	Q99732	HI-union
A	UBQLN1	Q9UMX0	MLLT6	P55198	HI-union
A	UBQLN1	Q9UMX0	PIAS2	O75928	HI-union
A	UBQLN1	Q9UMX0	SCMH1	Q96GD3	HI-union
A	UBQLN1	Q9UMX0	ZBTB8B	Q8NAP8	HI-union
A	UBQLN1	Q9UMX0	ZNF343	Q6P1L6	HI-union
A	UBQLN2	Q9UHD9	ASCL1	P50553	HI-union
A	UBQLN2	Q9UHD9	LITAF	Q99732	HI-union
A	UBQLN2	Q9UHD9	PIN1	Q13526	HI-union
A	UBQLN2	Q9UHD9	RBM24	Q9BX46	HI-union
A	UBQLN2	Q9UHD9	VENTX	O95231	HI-union
A	UBQLN2	Q9UHD9	ZNF205	O95201	HI-union
A	UBXN2B	Q14CS0	CRX	O43186	HI-union
A	UBXN2B	Q14CS0	MEOX1	P50221	HI-union
A	UBXN2B	Q14CS0	MEOX2	P50222	HI-union
A	UBXN2B	Q14CS0	PAX5	Q02548	HI-union
A	UBXN2B	Q14CS0	PAX6	P26367	HI-union
A	UBXN2B	Q14CS0	PIN1	Q13526	HI-union
A	UBXN7	O94888	BRWD3	Q6RI45	RF2-PPI final90
A	UBXN7	O94888	CRX	O43186	HI-union
A	UBXN7	O94888	MEOX1	P50221	HI-union
A	UBXN7	O94888	NFYC	Q13952	HI-union
A	UBXN7	O94888	PAX5	Q02548	HI-union
A	UBXN7	O94888	PAX6	P26367	HI-union
A	UBXN7	O94888	PHIP	Q8WWQ0	RF2-PPI final90
A	UBXN7	O94888	REL	Q04864	HI-union
A	UFSP2	Q9NUQ7	APOBEC1	P41238	HI-union
A	UNC45A	Q9H3U1	MAX	P61244	HI-union
A	UNC45A	Q9H3U1	MEOX1	P50221	HI-union
A	UNC45A	Q9H3U1	MEOX2	P50222	HI-union
A	UNC50	Q53HI1	CREB3	O43889	HI-union
A	UNKL	Q9H9P5	CREB5	Q02930	HI-union
A	UNKL	Q9H9P5	HOXA1	P49639	HI-union
A	UPRT	Q96BW1	KAT5	Q92993	HI-union
A	USH1G	Q495M9	CBX8	Q9HC52	HI-union
A	USH1G	Q495M9	DAXX	Q9UER7	HI-union
A	USH1G	Q495M9	HOXB5	P09067	HI-union
A	USH1G	Q495M9	INO80B	Q9C086	HI-union
A	USH1G	Q495M9	PRKAA2	P54646	HI-union
A	USH1G	Q495M9	PRPF31	Q8WWY3	HI-union
A	USP27X	A6NNY8	ATXN7	O15265	RF2-PPI final90
A	USP27X	A6NNY8	ATXN7L3	Q14CW9	RF2-PPI final90
A	USP28	Q96RU2	TP53BP1	Q12888	RF2-PPI final90
A	USP37	Q86T82	CHEK1	O14757	RF2-PPI final90
A	USP38	Q8NB14	ZXDC	Q2QGD7	RF2-PPI final90
A	USP48	Q86UV5	BCL6	P41182	RF2-PPI final90
A	USP5	P45974	TADA3	O75528	HI-union
A	UTP14A	Q9BVJ6	SMYD1	Q8NB12	HI-union
A	UTP14C	Q5TAP6	EXOSC4	Q9NPD3	RF2-PPI final90
A	UTP14C	Q5TAP6	JRK	O75564	HI-union
A	UTP14C	Q5TAP6	MEOX2	P50222	HI-union
A	UTP14C	Q5TAP6	TRIM27	P14373	HI-union
A	UTP23	Q9BRU9	MEOX2	P50222	HI-union
A	UTP23	Q9BRU9	TCF4	P15884	HI-union
A	UTP23	Q9BRU9	TRIM27	P14373	HI-union
A	UTP25	Q68CQ4	MEOX2	P50222	HI-union
A	UTP25	Q68CQ4	ZBTB10	Q96DT7	HI-union
A	UTP3	Q9NQZ2	DNTTIP2	Q5QJE6	RF2-PPI final90
A	UTP6	Q9NYH9	BCL6	P41182	RF2-PPI final90
A	UTP6	Q9NYH9	DNTTIP2	Q5QJE6	RF2-PPI final90
A	UTP6	Q9NYH9	KLF11	O14901	RF2-PPI final90
A	UTP6	Q9NYH9	RHOXF2	Q9BQY4	HI-union
A	VAPA	Q9P0L0	ZBTB22	O15209	HI-union
A	VBP1	P61758	GLIS2	Q9BZE0	HI-union
A	VBP1	P61758	IKZF3	Q9UKT9	HI-union
A	VBP1	P61758	MEOX2	P50222	HI-union
A	VBP1	P61758	PRKAB2	O43741	HI-union
A	VBP1	P61758	TSC22D4	Q9Y3Q8	HI-union
A	VBP1	P61758	VEZF1	Q14119	HI-union
A	VBP1	P61758	ZNF410	Q86VK4	HI-union
A	VBP1	P61758	ZNF576	Q9H609	HI-union
A	VCP	P55072	RNF8	O76064	HI-union
A	VCP	P55072	ZBTB25	P24278	HI-union
A	VEZT	Q9HBM0	CREB3L1	Q96BA8	HI-union
A	VIM	P08670	CBX8	Q9HC52	HI-union
A	VIM	P08670	KAT7	O95251	HI-union
A	VIM	P08670	PKN1	Q16512	HI-union
A	VIM	P08670	ZNF572	Q7Z3I7	HI-union
A	VPS25	Q9BRG1	REL	Q04864	HI-union
A	VPS25	Q9BRG1	RHOXF2	Q9BQY4	HI-union
A	VPS25	Q9BRG1	TADA2A	O75478	HI-union
A	VPS25	Q9BRG1	TRIM27	P14373	HI-union
A	VRTN	Q9H8Y1	CTBP2	P56545	HI-union
A	VRTN	Q9H8Y1	EIF4A3	P38919	HI-union
A	VXN	Q8TAG6	ZNF76	P36508	HI-union
A	WDFY3	Q8IZQ1	ZBTB44	Q8NCP5	HI-union
A	WDR18	Q9BV38	LAS1L	Q9Y4W2	RF2-PPI final90
A	WDR18	Q9BV38	PELP1	Q8IZL8	RF2-PPI final90
A	WDR20	Q8TBZ3	USP12	O75317	HI-union + RF2-PPI final90
A	WDR20	Q8TBZ3	USP46	P62068	HI-union + RF2-PPI final90
A	WDR3	Q9UNX4	RSRC1	Q96IZ7	RF2-PPI final90
A	WDR3	Q9UNX4	USP36	Q9P275	RF2-PPI final90
A	WDR3	Q9UNX4	ZNF746	Q6NUN9	RF2-PPI final90
A	WDR37	Q9Y2I8	MEOX2	P50222	HI-union
A	WDR48	Q8TAF3	USP12	O75317	RF2-PPI final90
A	WDR48	Q8TAF3	USP46	P62068	RF2-PPI final90
A	WDR55	Q9H6Y2	RBM11	P57052	RF2-PPI final90
A	WDR5B	Q86VZ2	CXXC1	Q9P0U4	RF2-PPI final90
A	WDR5B	Q86VZ2	RBBP5	Q15291	RF2-PPI final90
A	WDR5B	Q86VZ2	SETD1B	Q9UPS6	RF2-PPI final90
A	WDR83	Q9BRX9	BCL6	P41182	HI-union
A	WDR83	Q9BRX9	HOXA1	P49639	HI-union
A	WDR83	Q9BRX9	KEAP1	Q14145	HI-union
A	WDR83	Q9BRX9	PRKAB2	O43741	HI-union
A	WDR83	Q9BRX9	TLX3	O43711	HI-union
A	WDR83	Q9BRX9	ZNF76	P36508	HI-union
A	WEE1	P30291	RNF168	Q8IYW5	RF2-PPI final90
A	WHR1	P49842	BHLHE40	O14503	HI-union
A	XAB2	Q9HCS7	CDC5L	Q99459	RF2-PPI final90
A	XAB2	Q9HCS7	ZNF830	Q96NB3	RF2-PPI final90
A	XRCC2	O43543	MEOX2	P50222	HI-union
A	XRCC3	O43542	ATRX	P46100	RF2-PPI final90
A	XRCC3	O43542	RAD51	Q06609	RF2-PPI final90
A	XRCC4	Q13426	GSC2	O15499	HI-union
A	YJU2B	P13994	SMARCD1	Q96GM5	HI-union
A	YJU2B	P13994	ZFP3	Q96NJ6	HI-union
A	YJU2B	P13994	ZNF165	P49910	HI-union
A	YJU2B	P13994	ZNF17	P17021	HI-union
A	YJU2B	P13994	ZNF24	P17028	HI-union
A	YJU2B	P13994	ZNF250	P15622	HI-union
A	YJU2B	P13994	ZNF3	P17036	HI-union
A	YJU2B	P13994	ZNF329	Q86UD4	HI-union
A	YJU2B	P13994	ZNF35	P13682	HI-union
A	YJU2B	P13994	ZNF572	Q7Z3I7	HI-union
A	YJU2B	P13994	ZNF629	Q9UEG4	HI-union
A	YJU2B	P13994	ZNF774	Q6NX45	HI-union
A	YJU2B	P13994	ZNF79	Q15937	HI-union
A	YJU2B	P13994	ZNF835	Q9Y2P0	HI-union
A	YJU2B	P13994	ZSCAN23	Q3MJ62	HI-union
A	YPEL3	P61236	DMRT3	Q9NQL9	HI-union
A	YPEL3	P61236	EID2B	Q96D98	HI-union
A	YPEL3	P61236	GCM2	O75603	HI-union
A	YPEL3	P61236	HDAC7	Q8WUI4	HI-union
A	YPEL3	P61236	HOXA1	P49639	HI-union
A	YPEL3	P61236	HR	O43593	HI-union
A	YPEL3	P61236	NRF1	Q16656	HI-union
A	YPEL3	P61236	OTX1	P32242	HI-union
A	YPEL3	P61236	PITX1	P78337	HI-union
A	YPEL3	P61236	POU2AF1	Q16633	HI-union
A	YPEL3	P61236	PPP2CA	P67775	HI-union
A	YPEL3	P61236	PRKAA2	P54646	HI-union
A	YPEL3	P61236	PRKAB2	O43741	HI-union
A	YPEL3	P61236	TBX6	O95947	HI-union
A	YPEL3	P61236	TLX3	O43711	HI-union
A	YPEL3	P61236	TOX2	Q96NM4	HI-union
A	YPEL3	P61236	VENTX	O95231	HI-union
A	YPEL3	P61236	ZIC1	Q15915	HI-union
A	YPEL3	P61236	ZNF441	Q8N8Z8	HI-union
A	YPEL3	P61236	ZNF76	P36508	HI-union
A	YPEL3	P61236	ZNF765	Q7L2R6	HI-union
A	YPEL5	P62699	GSC2	O15499	HI-union + RF2-PPI final90
A	YPEL5	P62699	JMJD1C	Q15652	RF2-PPI final90
A	YPEL5	P62699	PLAGL2	Q9UPG8	HI-union
A	YPEL5	P62699	ZNF655	Q8N720	HI-union
A	YTHDF2	Q9Y5A9	IRX5	P78411	RF2-PPI final90
A	ZC3H10	Q96K80	ARID5A	Q03989	HI-union
A	ZC3H10	Q96K80	CRX	O43186	HI-union
A	ZC3H10	Q96K80	FOSB	P53539	HI-union
A	ZC3H10	Q96K80	FOXH1	O75593	HI-union
A	ZC3H10	Q96K80	HIVEP1	P15822	HI-union
A	ZC3H10	Q96K80	MSX2	P35548	HI-union
A	ZC3H10	Q96K80	NFYA	P23511	HI-union
A	ZC3H10	Q96K80	OTX2	P32243	HI-union
A	ZC3H10	Q96K80	PIAS2	O75928	HI-union
A	ZC3H10	Q96K80	POU2F1	P14859	HI-union
A	ZC3H10	Q96K80	ZNF34	Q8IZ26	HI-union
A	ZC3H14	Q6PJT7	DDIT3	P35638	HI-union
A	ZC3H15	Q8WU90	DNAJC2	Q99543	RF2-PPI final90
A	ZC3H7A	Q8IWR0	MORF4L1	Q9UBU8	HI-union
A	ZC4H2	Q9NQZ6	HOXB5	P09067	HI-union
A	ZC4H2	Q9NQZ6	ZNF223	Q9UK11	HI-union
A	ZC4H2	Q9NQZ6	ZNF250	P15622	HI-union
A	ZC4H2	Q9NQZ6	ZNF408	Q9H9D4	HI-union
A	ZC4H2	Q9NQZ6	ZNF490	Q9ULM2	HI-union
A	ZC4H2	Q9NQZ6	ZNF524	Q96C55	HI-union
A	ZC4H2	Q9NQZ6	ZNF669	Q96BR6	HI-union
A	ZC4H2	Q9NQZ6	ZNF688	P0C7X2	HI-union
A	ZC4H2	Q9NQZ6	ZNF76	P36508	HI-union
A	ZCCHC17	Q9NP64	ZNF16	P17020	HI-union
A	ZCCHC7	Q8N3Z6	NEK6	Q9HC98	HI-union
A	ZCCHC7	Q8N3Z6	PHC1	P78364	HI-union
A	ZCCHC7	Q8N3Z6	ZNF250	P15622	HI-union
A	ZCCHC8	Q6NZY4	RBM11	P57052	RF2-PPI final90
A	ZCCHC8	Q6NZY4	RBM7	Q9Y580	RF2-PPI final90
A	ZCCHC9	Q8N567	UBTFL1	P0CB47	HI-union
A	ZFC3H1	O60293	TRIM27	P14373	HI-union
A	ZFP36L2	P47974	SUPT16H	Q9Y5B9	RF2-PPI final90
A	ZFP36L2	P47974	YWHAB	P31946	RF2-PPI final90
A	ZFP36L2	P47974	YWHAE	P62258	RF2-PPI final90
A	ZFP36L2	P47974	YWHAZ	P63104	RF2-PPI final90
A	ZMAT5	Q9UDW3	CREB5	Q02930	HI-union
A	ZMAT5	Q9UDW3	HOXC8	P31273	HI-union
A	ZMAT5	Q9UDW3	SMARCD1	Q96GM5	HI-union
A	ZMAT5	Q9UDW3	ZNF417	Q8TAU3	HI-union
A	ZMYM6	O95789	BANP	Q8N9N5	HI-union
A	ZMYM6	O95789	CTCF	P49711	HI-union
A	ZMYM6	O95789	NFYC	Q13952	HI-union
A	ZMYM6	O95789	NRF1	Q16656	HI-union
A	ZMYM6	O95789	POU2F1	P14859	HI-union
A	ZMYM6	O95789	ZBTB24	O43167	HI-union
A	ZMYM6	O95789	ZNF76	P36508	HI-union
A	ZNF330	Q9Y3S2	CREB5	Q02930	HI-union
A	ZNF330	Q9Y3S2	KLF15	Q9UIH9	HI-union
A	ZNF330	Q9Y3S2	MEOX2	P50222	HI-union
A	ZNF330	Q9Y3S2	NR4A3	Q92570	HI-union
A	ZNF330	Q9Y3S2	OTX1	P32242	HI-union + RF2-PPI final90
A	ZNF330	Q9Y3S2	PBX4	Q9BYU1	HI-union
A	ZNF330	Q9Y3S2	RBAK	Q9NYW8	HI-union
A	ZNF330	Q9Y3S2	ZBTB42	B2RXF5	HI-union
A	ZNF330	Q9Y3S2	ZNF23	P17027	HI-union
A	ZNF330	Q9Y3S2	ZNF250	P15622	HI-union
A	ZNF330	Q9Y3S2	ZNF408	Q9H9D4	HI-union
A	ZNF330	Q9Y3S2	ZNF426	Q9BUY5	HI-union
A	ZNF330	Q9Y3S2	ZNF440	Q8IYI8	HI-union
A	ZNF330	Q9Y3S2	ZNF460	Q14592	HI-union
A	ZNF330	Q9Y3S2	ZNF547	Q8IVP9	HI-union
A	ZNF330	Q9Y3S2	ZNF587	Q96SQ5	HI-union
A	ZNF330	Q9Y3S2	ZNF655	Q8N720	HI-union
A	ZNF330	Q9Y3S2	ZNF664	Q8N3J9	HI-union
A	ZNF330	Q9Y3S2	ZNF669	Q96BR6	HI-union
A	ZNF330	Q9Y3S2	ZNF683	Q8IZ20	HI-union
A	ZNF330	Q9Y3S2	ZNF688	P0C7X2	HI-union
A	ZNF330	Q9Y3S2	ZNF764	Q96H86	HI-union
A	ZNF330	Q9Y3S2	ZNF768	Q9H5H4	HI-union
A	ZNF330	Q9Y3S2	ZNF837	Q96EG3	HI-union
A	ZRANB1	Q9UGI0	BAHD1	Q8TBE0	HI-union
A	ZRANB1	Q9UGI0	BRD1	O95696	HI-union
A	ZRANB1	Q9UGI0	CBX7	O95931	HI-union
A	ZRANB1	Q9UGI0	CBX8	Q9HC52	HI-union
A	ZRANB1	Q9UGI0	CDC5L	Q99459	HI-union
A	ZRANB1	Q9UGI0	E2F7	Q96AV8	RF2-PPI final90
A	ZRANB1	Q9UGI0	ERF	P50548	HI-union
A	ZRANB1	Q9UGI0	GLIS2	Q9BZE0	HI-union
A	ZRANB1	Q9UGI0	HOXB5	P09067	HI-union
A	ZRANB1	Q9UGI0	HOXC8	P31273	HI-union
A	ZRANB1	Q9UGI0	INO80B	Q9C086	HI-union
A	ZRANB1	Q9UGI0	JRK	O75564	HI-union
A	ZRANB1	Q9UGI0	MAGOH	P61326	HI-union
A	ZRANB1	Q9UGI0	MCRS1	Q96EZ8	HI-union
A	ZRANB1	Q9UGI0	METTL13	Q8N6R0	RF2-PPI final90
A	ZRANB1	Q9UGI0	METTL21A	Q8WXB1	HI-union
A	ZRANB1	Q9UGI0	MYEF2	Q9P2K5	HI-union
A	ZRANB1	Q9UGI0	NEK6	Q9HC98	HI-union
A	ZRANB1	Q9UGI0	PHF1	O43189	HI-union
A	ZRANB1	Q9UGI0	PHF19	Q5T6S3	HI-union
A	ZRANB1	Q9UGI0	PKN1	Q16512	HI-union
A	ZRANB1	Q9UGI0	PRPF31	Q8WWY3	HI-union
A	ZRANB1	Q9UGI0	RNPS1	Q15287	HI-union
A	ZRANB1	Q9UGI0	SUV39H1	O43463	HI-union
A	ZRANB1	Q9UGI0	THAP7	Q9BT49	HI-union
A	ZRANB1	Q9UGI0	VEZF1	Q14119	HI-union
A	ZRANB1	Q9UGI0	WT1	P19544	HI-union
A	ZRANB1	Q9UGI0	ZBTB24	O43167	HI-union
A	ZRANB1	Q9UGI0	ZBTB47	Q9UFB7	HI-union
A	ZRANB1	Q9UGI0	ZNF124	Q15973	HI-union
A	ZRANB1	Q9UGI0	ZNF17	P17021	HI-union
A	ZRANB1	Q9UGI0	ZNF250	P15622	HI-union
A	ZRANB1	Q9UGI0	ZNF408	Q9H9D4	HI-union
A	ZRANB1	Q9UGI0	ZNF417	Q8TAU3	HI-union
A	ZRANB1	Q9UGI0	ZNF438	Q7Z4V0	HI-union
A	ZRANB1	Q9UGI0	ZNF490	Q9ULM2	HI-union
A	ZRANB1	Q9UGI0	ZNF497	Q6ZNH5	HI-union
A	ZRANB1	Q9UGI0	ZNF552	Q9H707	HI-union
A	ZRANB1	Q9UGI0	ZNF575	Q86XF7	HI-union
A	ZRANB1	Q9UGI0	ZNF581	Q9P0T4	HI-union
A	ZRANB1	Q9UGI0	ZNF587	Q96SQ5	HI-union
A	ZRANB1	Q9UGI0	ZNF599	Q96NL3	HI-union
A	ZRANB1	Q9UGI0	ZNF629	Q9UEG4	HI-union
A	ZRANB1	Q9UGI0	ZNF648	Q5T619	HI-union
A	ZRANB1	Q9UGI0	ZNF764	Q96H86	HI-union
A	ZRANB1	Q9UGI0	ZNF775	Q96BV0	HI-union
A	ZRANB1	Q9UGI0	ZNF792	Q3KQV3	HI-union
A	ZRANB1	Q9UGI0	ZNF837	Q96EG3	HI-union
A	ZRSR2P1	Q15695	MYOG	P15173	RF2-PPI final90
A	ZRSR2P1	Q15695	SRRM4	A7MD48	HI-union
A	ZRSR2P1	Q15695	U2AF2	P26368	HI-union + RF2-PPI final90
A	ZWINT	O95229	MSGN1	A6NI15	HI-union
A	ZYX	Q15942	PHF21A	Q96BD5	HI-union
A	ZYX	Q15942	ZNF512B	Q96KM6	HI-union
B1		A6NJR5	CDK1	P06493	RF2-PPI final80
B1		A8MVJ9	PARP2	Q9UGN5	RF2-PPI final80
B1	AAMP	Q13685	BHLHE40	O14503	HI-union
B1	AAMP	Q13685	PAXIP1	Q6ZW49	RF2-PPI final80
B1	ABTB1	Q969K4	CUL3	Q13618	HI-union + RF2-PPI final80
B1	ACTG1	P63261	ACTB	P60709	HI-union
B1	ACTR10	Q9NZ32	HOMEZ	Q8IX15	HI-union
B1	ACY3	Q96HD9	PIAS2	O75928	HI-union
B1	AGGF1	Q8N302	MCRS1	Q96EZ8	HI-union
B1	AGGF1	Q8N302	NR0B1	P51843	RF2-PPI final80
B1	AIP	O00170	BCL6	P41182	RF2-PPI final80
B1	AKAP14	Q86UN6	DPY30	Q9C005	HI-union
B1	ALG13	Q9NP73	HOXA1	P49639	HI-union
B1	AMD1	P17707	THAP4	Q8WY91	HI-union
B1	ANAPC2	Q9UJX6	MEOX1	P50221	HI-union
B1	ANAPC2	Q9UJX6	WDR5	P61964	HI-union
B1	ANKHD1	Q8IWZ3	EN1	Q05925	RF2-PPI final80
B1	ANKHD1	Q8IWZ3	ZNF34	Q8IZ26	HI-union
B1	ANKRA2	Q9H9E1	HDAC4	P56524	HI-union
B1	ANKRA2	Q9H9E1	NEK6	Q9HC98	RF2-PPI final80
B1	ANKRA2	Q9H9E1	RFX5	P48382	RF2-PPI final80
B1	ANKRA2	Q9H9E1	TSHZ3	Q63HK5	HI-union
B1	ANKRD10	Q9NXR5	FOXI1	Q12951	HI-union
B1	ANKRD10	Q9NXR5	OTX1	P32242	HI-union
B1	ANKRD10	Q9NXR5	PATZ1	Q9HBE1	HI-union
B1	ANKRD10	Q9NXR5	PITX1	P78337	HI-union
B1	ANKRD10	Q9NXR5	PITX2	Q99697	HI-union
B1	ANKRD10	Q9NXR5	POGZ	Q7Z3K3	HI-union
B1	ANKRD10	Q9NXR5	POU6F2	P78424	HI-union
B1	ANKRD10	Q9NXR5	TLX3	O43711	HI-union
B1	ANKRD10	Q9NXR5	ZIC1	Q15915	HI-union
B1	ANKRD40	Q6AI12	PIN1	Q13526	HI-union
B1	ARL14EP	Q8N8R7	ATF7IP	Q6VMQ6	RF2-PPI final80
B1	ARL14EP	Q8N8R7	SETDB1	Q15047	RF2-PPI final80
B1	ARL14EP	Q8N8R7	SETDB2	Q96T68	HI-union + RF2-PPI final80
B1	ARL14EPL	P0DKL9	SETDB1	Q15047	RF2-PPI final80
B1	ARL14EPL	P0DKL9	SETDB2	Q96T68	RF2-PPI final80
B1	ARMC7	Q9H6L4	CHCHD3	Q9NX63	HI-union
B1	ARMC7	Q9H6L4	GATA1	P15976	HI-union
B1	ARMC7	Q9H6L4	HOXA1	P49639	HI-union
B1	ARMC7	Q9H6L4	IKZF1	Q13422	HI-union
B1	ARMC7	Q9H6L4	IKZF3	Q9UKT9	HI-union
B1	ARMC7	Q9H6L4	REL	Q04864	HI-union
B1	ARMC7	Q9H6L4	TCF4	P15884	HI-union
B1	ARMC7	Q9H6L4	TRIM27	P14373	HI-union
B1	ARMC7	Q9H6L4	ZBTB8A	Q96BR9	HI-union
B1	ARMC7	Q9H6L4	ZNF140	P52738	HI-union
B1	ARMC7	Q9H6L4	ZNF426	Q9BUY5	HI-union
B1	ARMC7	Q9H6L4	ZNF669	Q96BR6	HI-union
B1	ARMC7	Q9H6L4	ZNF764	Q96H86	HI-union
B1	ARPC5L	Q9BPX5	GADD45G	O95257	HI-union
B1	ARPIN	Q7Z6K5	TRIM27	P14373	HI-union
B1	ATG4B	Q9Y4P1	MYC	P01106	RF2-PPI final80
B1	ATXN7L1	Q9ULK2	ATXN7L3	Q14CW9	RF2-PPI final80
B1	ATXN7L1	Q9ULK2	PHF1	O43189	HI-union
B1	ATXN7L1	Q9ULK2	SP4	Q02446	HI-union
B1	ATXN7L1	Q9ULK2	USP22	Q9UPT9	RF2-PPI final80
B1	ATXN7L1	Q9ULK2	VENTX	O95231	HI-union
B1	ATXN7L1	Q9ULK2	VEZF1	Q14119	HI-union
B1	ATXN7L2	Q5T6C5	ATXN7L3	Q14CW9	RF2-PPI final80
B1	ATXN7L2	Q5T6C5	BANP	Q8N9N5	HI-union
B1	ATXN7L2	Q5T6C5	CBX1	P83916	HI-union
B1	ATXN7L2	Q5T6C5	IKZF3	Q9UKT9	HI-union
B1	ATXN7L2	Q5T6C5	PRDM6	Q9NQX0	HI-union
B1	ATXN7L2	Q5T6C5	USP22	Q9UPT9	RF2-PPI final80
B1	ATXN7L2	Q5T6C5	ZNF526	Q8TF50	HI-union
B1	AVPI1	Q5T686	PHF1	O43189	HI-union
B1	AVPI1	Q5T686	PRKAA2	P54646	HI-union
B1	BAG5	Q9UL15	BANP	Q8N9N5	HI-union
B1	BAG5	Q9UL15	THAP1	Q9NVV9	HI-union
B1	BAG5	Q9UL15	TRIM27	P14373	HI-union
B1	BCDIN3D	Q7Z5W3	ZFP2	Q6ZN57	HI-union
B1	BCL2L15	Q5TBC7	MEOX2	P50222	HI-union
B1	BCL2L15	Q5TBC7	PAX6	P26367	HI-union
B1	BCL2L15	Q5TBC7	REL	Q04864	HI-union
B1	BCL2L15	Q5TBC7	TCF4	P15884	HI-union
B1	BCL2L15	Q5TBC7	TEAD2	Q15562	HI-union
B1	BCL7A	Q4VC05	ACTL6B	O94805	RF2-PPI final80
B1	BCL7A	Q4VC05	DPF1	Q92782	RF2-PPI final80
B1	BCL7A	Q4VC05	DPF2	Q92785	RF2-PPI final80
B1	BCL7A	Q4VC05	DPF3	Q92784	RF2-PPI final80
B1	BCL7A	Q4VC05	PHF10	Q8WUB8	RF2-PPI final80
B1	BCL7B	Q9BQE9	SMARCE1	Q969G3	RF2-PPI final80
B1	BCL7C	Q8WUZ0	SMARCA2	P51531	RF2-PPI final80
B1	BCL7C	Q8WUZ0	SMARCA4	P51532	RF2-PPI final80
B1	BCL7C	Q8WUZ0	SMARCE1	Q969G3	RF2-PPI final80
B1	BEND5	Q7L4P6	PRKAB2	O43741	HI-union
B1	BEND5	Q7L4P6	SMARCD1	Q96GM5	HI-union
B1	BEND5	Q7L4P6	ZGPAT	Q8N5A5	HI-union
B1	BEND5	Q7L4P6	ZNF417	Q8TAU3	HI-union
B1	BEND5	Q7L4P6	ZNF688	P0C7X2	HI-union
B1	BEND7	Q8N7W2	ANP32B	Q92688	HI-union
B1	BEND7	Q8N7W2	CHD2	O14647	HI-union
B1	BEND7	Q8N7W2	CSNK2A1	P68400	HI-union
B1	BEND7	Q8N7W2	GADD45G	O95257	HI-union
B1	BEND7	Q8N7W2	HMBOX1	Q6NT76	HI-union
B1	BEND7	Q8N7W2	L3MBTL2	Q969R5	HI-union
B1	BEND7	Q8N7W2	LYAR	Q9NX58	HI-union
B1	BEND7	Q8N7W2	MLX	Q9UH92	HI-union
B1	BEND7	Q8N7W2	MORF4L1	Q9UBU8	HI-union
B1	BEND7	Q8N7W2	MORF4L2	Q15014	HI-union
B1	BEND7	Q8N7W2	NEK6	Q9HC98	HI-union
B1	BEND7	Q8N7W2	PRMT3	O60678	HI-union
B1	BEND7	Q8N7W2	SMARCA2	P51531	HI-union
B1	BEND7	Q8N7W2	THAP1	Q9NVV9	HI-union
B1	BEND7	Q8N7W2	TLK1	Q9UKI8	HI-union
B1	BEND7	Q8N7W2	U2AF2	P26368	HI-union
B1	BEX5	Q5H9J7	FOXD4L3	Q6VB84	HI-union
B1	BEX5	Q5H9J7	ING3	Q9NXR8	HI-union
B1	BEX5	Q5H9J7	MORF4L1	Q9UBU8	HI-union
B1	BEX5	Q5H9J7	MORF4L2	Q15014	HI-union
B1	BICRAL	Q6AI39	BANP	Q8N9N5	HI-union
B1	BICRAL	Q6AI39	BRD9	Q9H8M2	RF2-PPI final80
B1	BICRAL	Q6AI39	NRF1	Q16656	HI-union
B1	BICRAL	Q6AI39	SS18L1	O75177	HI-union
B1	BMF	Q96LC9	REL	Q04864	HI-union
B1	BOD1	Q96IK1	SETD1A	O15047	RF2-PPI final80
B1	BOD1	Q96IK1	SETD1B	Q9UPS6	RF2-PPI final80
B1	BOD1L2	Q8IYS8	CRX	O43186	HI-union
B1	BOD1L2	Q8IYS8	LHX4	Q969G2	HI-union
B1	BOD1L2	Q8IYS8	MEOX2	P50222	HI-union
B1	BOD1L2	Q8IYS8	SETD1A	O15047	RF2-PPI final80
B1	BOD1L2	Q8IYS8	SETD1B	Q9UPS6	RF2-PPI final80
B1	BOLL	Q8N9W6	ARID5A	Q03989	HI-union
B1	BOLL	Q8N9W6	CBX2	Q14781	HI-union
B1	BOLL	Q8N9W6	FOXD4L1	Q9NU39	HI-union
B1	BOLL	Q8N9W6	INO80B	Q9C086	HI-union
B1	BOLL	Q8N9W6	PATZ1	Q9HBE1	HI-union
B1	BOLL	Q8N9W6	PHF1	O43189	HI-union
B1	BOLL	Q8N9W6	POGZ	Q7Z3K3	HI-union
B1	BOLL	Q8N9W6	RHOXF2	Q9BQY4	HI-union
B1	BOLL	Q8N9W6	ZBTB32	Q9Y2Y4	HI-union
B1	BOLL	Q8N9W6	ZNF385C	Q66K41	HI-union
B1	BORA	Q6PGQ7	AURKA	O14965	RF2-PPI final80
B1	BORA	Q6PGQ7	PHF1	O43189	RF2-PPI final80
B1	BRME1	Q0VDD7	TSC22D3	Q99576	HI-union + RF2-PPI final80
B1	BTBD1	Q9H0C5	CUL3	Q13618	HI-union
B1	BTBD2	Q9BX70	CUL3	Q13618	HI-union
B1	BTBD6	Q96KE9	CUL3	Q13618	HI-union
B1	BTF3L4	Q96K17	SMYD2	Q9NRG4	HI-union
B1	C11ORF16	Q9NQ32	HOXA1	P49639	HI-union
B1	C11ORF68	Q9H3H3	KLF15	Q9UIH9	HI-union
B1	C11ORF68	Q9H3H3	MEOX2	P50222	HI-union
B1	C11ORF68	Q9H3H3	REL	Q04864	HI-union
B1	C11ORF68	Q9H3H3	ZNF341	Q9BYN7	HI-union
B1	C11ORF68	Q9H3H3	ZNF512B	Q96KM6	HI-union
B1	C14ORF119	Q9NWQ9	ARID3C	A6NKF2	HI-union
B1	C14ORF119	Q9NWQ9	ARID5A	Q03989	HI-union
B1	C14ORF119	Q9NWQ9	HES6	Q96HZ4	HI-union
B1	C14ORF119	Q9NWQ9	HLX	Q14774	HI-union
B1	C14ORF119	Q9NWQ9	HMG20B	Q9P0W2	HI-union
B1	C14ORF119	Q9NWQ9	MEOX1	P50221	HI-union
B1	C14ORF119	Q9NWQ9	MYF5	P13349	HI-union
B1	C14ORF119	Q9NWQ9	PBX4	Q9BYU1	HI-union
B1	C14ORF119	Q9NWQ9	REL	Q04864	HI-union
B1	C16ORF87	Q6PH81	ARID5B	Q14865	RF2-PPI final80
B1	C16ORF87	Q6PH81	SRRM4	A7MD48	HI-union
B1	C17ORF50	Q8WW18	ZNF587	Q96SQ5	HI-union
B1	C19ORF47	Q8N9M1	GSC2	O15499	HI-union
B1	C1ORF50	Q9BV19	CRX	O43186	HI-union
B1	C1ORF50	Q9BV19	MEOX1	P50221	HI-union
B1	C1ORF50	Q9BV19	MEOX2	P50222	HI-union
B1	C1ORF50	Q9BV19	REL	Q04864	HI-union
B1	C1ORF50	Q9BV19	TCF4	P15884	HI-union
B1	C1ORF94	Q6P1W5	BANP	Q8N9N5	HI-union
B1	C1ORF94	Q6P1W5	DMRTB1	Q96MA1	HI-union
B1	C1ORF94	Q6P1W5	GSE1	Q14687	HI-union
B1	C1ORF94	Q6P1W5	MEIS2	O14770	HI-union
B1	C1ORF94	Q6P1W5	OIP5	O43482	HI-union
B1	C1ORF94	Q6P1W5	PRKAG1	P54619	HI-union
B1	C1ORF94	Q6P1W5	PROP1	O75360	HI-union
B1	C1ORF94	Q6P1W5	RBFOX1	Q9NWB1	HI-union
B1	C1ORF94	Q6P1W5	RFX2	P48378	HI-union
B1	C1ORF94	Q6P1W5	RHOXF2	Q9BQY4	HI-union
B1	C1ORF94	Q6P1W5	SS18L1	O75177	HI-union
B1	C1ORF94	Q6P1W5	TBX6	O95947	HI-union
B1	C1ORF94	Q6P1W5	VENTX	O95231	HI-union
B1	C2ORF42	Q9NWW7	HOMEZ	Q8IX15	HI-union
B1	C2ORF42	Q9NWW7	PRKAB2	O43741	HI-union
B1	C2ORF42	Q9NWW7	TLX3	O43711	HI-union
B1	C2ORF76	Q3KRA6	MEOX2	P50222	HI-union
B1	C5ORF24	Q7Z6I8	PIAS2	O75928	HI-union
B1	CABLES2	Q9BTV7	CBX8	Q9HC52	RF2-PPI final80
B1	CABLES2	Q9BTV7	CDK5	Q00535	RF2-PPI final80
B1	CALCOCO2	Q13137	BAHD1	Q8TBE0	HI-union
B1	CALCOCO2	Q13137	BCL6B	Q8N143	HI-union
B1	CALCOCO2	Q13137	CBX8	Q9HC52	HI-union
B1	CALCOCO2	Q13137	CHCHD3	Q9NX63	HI-union
B1	CALCOCO2	Q13137	EXOSC5	Q9NQT4	HI-union
B1	CALCOCO2	Q13137	FOXD4L3	Q6VB84	HI-union
B1	CALCOCO2	Q13137	GATAD2B	Q8WXI9	HI-union
B1	CALCOCO2	Q13137	HDAC4	P56524	HI-union
B1	CALCOCO2	Q13137	HDAC7	Q8WUI4	HI-union
B1	CALCOCO2	Q13137	HLX	Q14774	HI-union
B1	CALCOCO2	Q13137	HOXB5	P09067	HI-union
B1	CALCOCO2	Q13137	HOXB9	P17482	HI-union
B1	CALCOCO2	Q13137	KANSL1	Q7Z3B3	HI-union
B1	CALCOCO2	Q13137	KAT7	O95251	HI-union
B1	CALCOCO2	Q13137	LITAF	Q99732	HI-union
B1	CALCOCO2	Q13137	MXI1	P50539	HI-union
B1	CALCOCO2	Q13137	PCGF1	Q9BSM1	HI-union
B1	CALCOCO2	Q13137	PHF1	O43189	HI-union
B1	CALCOCO2	Q13137	PIAS4	Q8N2W9	HI-union
B1	CALCOCO2	Q13137	PRKAA2	P54646	HI-union
B1	CALCOCO2	Q13137	PRPF31	Q8WWY3	HI-union
B1	CALCOCO2	Q13137	PTBP1	P26599	HI-union
B1	CALCOCO2	Q13137	RBM15	Q96T37	HI-union
B1	CALCOCO2	Q13137	RXRB	P28702	HI-union
B1	CALCOCO2	Q13137	SETD5	Q9C0A6	HI-union
B1	CALCOCO2	Q13137	SMARCD1	Q96GM5	HI-union
B1	CALCOCO2	Q13137	VPS72	Q15906	HI-union
B1	CALCOCO2	Q13137	ZBTB4	Q9P1Z0	HI-union
B1	CALCOCO2	Q13137	ZNF101	Q8IZC7	HI-union
B1	CALCOCO2	Q13137	ZNF205	O95201	HI-union
B1	CALCOCO2	Q13137	ZNF337	Q9Y3M9	HI-union
B1	CALCOCO2	Q13137	ZNF408	Q9H9D4	HI-union
B1	CALCOCO2	Q13137	ZNF414	Q96IQ9	HI-union
B1	CALCOCO2	Q13137	ZNF426	Q9BUY5	HI-union
B1	CALCOCO2	Q13137	ZNF451	Q9Y4E5	HI-union
B1	CALCOCO2	Q13137	ZNF564	Q8TBZ8	HI-union
B1	CALCOCO2	Q13137	ZNF581	Q9P0T4	HI-union
B1	CALCOCO2	Q13137	ZNF648	Q5T619	HI-union
B1	CALCOCO2	Q13137	ZNF688	P0C7X2	HI-union
B1	CALCOCO2	Q13137	ZNF696	Q9H7X3	HI-union
B1	CALCOCO2	Q13137	ZNF774	Q6NX45	HI-union
B1	CALCOCO2	Q13137	ZNF80	P51504	HI-union
B1	CAPRIN1	Q14444	BMI1	P35226	RF2-PPI final80
B1	CAPZB	P47756	SP1	P08047	RF2-PPI final80
B1	CASP3	P42574	SOHLH1	Q5JUK2	HI-union
B1	CCAR1	Q8IX12	DDX5	P17844	RF2-PPI final80
B1	CCDC12	Q8WUD4	CDC5L	Q99459	RF2-PPI final80
B1	CCDC12	Q8WUD4	EIF4A3	P38919	RF2-PPI final80
B1	CCDC12	Q8WUD4	SRSF3	P84103	RF2-PPI final80
B1	CCDC184	Q52MB2	PIN1	Q13526	HI-union
B1	CCDC6	Q16204	ATF5	Q9Y2D1	HI-union
B1	CCDC6	Q16204	HMG20A	Q9NP66	HI-union
B1	CCDC6	Q16204	LHX3	Q9UBR4	HI-union
B1	CCDC6	Q16204	MEOX2	P50222	HI-union
B1	CCDC6	Q16204	PAX6	P26367	HI-union
B1	CCDC6	Q16204	PIN1	Q13526	HI-union
B1	CCDC6	Q16204	WAC	Q9BTA9	HI-union
B1	CCDC6	Q16204	ZNF250	P15622	HI-union
B1	CCDC6	Q16204	ZNF354C	Q86Y25	HI-union
B1	CCDC6	Q16204	ZNF620	Q6ZNG0	HI-union
B1	CCDC6	Q16204	ZNF774	Q6NX45	HI-union
B1	CCDC6	Q16204	ZNF835	Q9Y2P0	HI-union
B1	CCDC82	Q8N4S0	HOXD9	P28356	RF2-PPI final80
B1	CCDC9	Q9Y3X0	SRSF3	P84103	RF2-PPI final80
B1	CCNB2	O95067	BUB1	O43683	RF2-PPI final80
B1	CCNB2	O95067	CDK1	P06493	RF2-PPI final80
B1	CCNB2	O95067	CDK2	P24941	RF2-PPI final80
B1	CCNB2	O95067	CDK3	Q00526	RF2-PPI final80
B1	CCNB2	O95067	SCML2	Q9UQR0	RF2-PPI final80
B1	CCNG2	Q16589	ZNF410	Q86VK4	HI-union
B1	CCNI2	Q6ZMN8	CDK5	Q00535	RF2-PPI final80
B1	CCNJ	Q5T5M9	CDK2	P24941	RF2-PPI final80
B1	CCNJL	Q8IV13	REL	Q04864	HI-union
B1	CCNYL1	Q8N7R7	MEOX2	P50222	HI-union
B1	CDC20B	Q86Y33	TCF12	Q99081	HI-union
B1	CDC20B	Q86Y33	TRIM27	P14373	HI-union
B1	CDC23	Q9UJX2	BMI1	P35226	RF2-PPI final80
B1	CDC23	Q9UJX2	CBX7	O95931	RF2-PPI final80
B1	CDC23	Q9UJX2	CBX8	Q9HC52	RF2-PPI final80
B1	CDC23	Q9UJX2	FOXN1	O15353	HI-union
B1	CDC23	Q9UJX2	INO80E	Q8NBZ0	HI-union
B1	CDC23	Q9UJX2	LHX3	Q9UBR4	HI-union
B1	CDC23	Q9UJX2	PHC1	P78364	RF2-PPI final80
B1	CDC23	Q9UJX2	PHC3	Q8NDX5	RF2-PPI final80
B1	CDC23	Q9UJX2	POU6F2	P78424	HI-union
B1	CDC23	Q9UJX2	PRPF31	Q8WWY3	HI-union
B1	CDC23	Q9UJX2	SOX5	P35711	HI-union
B1	CDC23	Q9UJX2	SUDS3	Q9H7L9	RF2-PPI final80
B1	CDC23	Q9UJX2	TRIM27	P14373	HI-union
B1	CDC23	Q9UJX2	TSC22D4	Q9Y3Q8	HI-union
B1	CDC23	Q9UJX2	ZMAT1	Q5H9K5	HI-union
B1	CDC25A	P30304	EHMT2	Q96KQ7	RF2-PPI final80
B1	CDC25B	P30305	CHEK1	O14757	RF2-PPI final80
B1	CDC37	Q16543	ACTB	P60709	HI-union
B1	CDC37	Q16543	CGGBP1	Q9UFW8	HI-union
B1	CDC37	Q16543	HIVEP1	P15822	HI-union
B1	CDC37	Q16543	IKZF3	Q9UKT9	HI-union
B1	CDC37	Q16543	JRK	O75564	HI-union
B1	CDC37	Q16543	NUP98	P52948	RF2-PPI final80
B1	CDC37	Q16543	POU6F2	P78424	HI-union
B1	CDC37	Q16543	PRMT1	Q99873	HI-union
B1	CDC37	Q16543	PRMT5	O14744	HI-union
B1	CDC37	Q16543	SRRM4	A7MD48	HI-union
B1	CDC37	Q16543	TCF4	P15884	HI-union
B1	CDC37	Q16543	THAP1	Q9NVV9	HI-union
B1	CDC37	Q16543	THAP7	Q9BT49	HI-union
B1	CDC37	Q16543	WAC	Q9BTA9	HI-union
B1	CDC37	Q16543	ZBED1	O96006	HI-union
B1	CDC37	Q16543	ZBTB26	Q9HCK0	HI-union
B1	CDC37	Q16543	ZBTB8A	Q96BR9	HI-union
B1	CDC37	Q16543	ZNF276	Q8N554	HI-union
B1	CDC37	Q16543	ZNF655	Q8N720	HI-union
B1	CDC37	Q16543	ZNF837	Q96EG3	HI-union
B1	CDK16	Q00536	ZBTB14	O43829	HI-union
B1	CDK18	Q07002	EYA2	O00167	HI-union
B1	CDK18	Q07002	HMBOX1	Q6NT76	HI-union
B1	CDK18	Q07002	IKZF3	Q9UKT9	HI-union
B1	CDK18	Q07002	REL	Q04864	HI-union
B1	CDK18	Q07002	TRIM27	P14373	HI-union
B1	CDK18	Q07002	ZNF426	Q9BUY5	HI-union
B1	CDK18	Q07002	ZNF438	Q7Z4V0	HI-union
B1	CDK18	Q07002	ZNF774	Q6NX45	HI-union
B1	CDKL3	Q8IVW4	IKZF1	Q13422	HI-union
B1	CDKL3	Q8IVW4	TRIM27	P14373	HI-union
B1	CDKL3	Q8IVW4	ZBTB14	O43829	HI-union
B1	CDKL3	Q8IVW4	ZBTB43	O43298	HI-union
B1	CDKL3	Q8IVW4	ZBTB8A	Q96BR9	HI-union
B1	CDPF1	Q6NVV7	BHLHE40	O14503	HI-union
B1	CDPF1	Q6NVV7	CREB5	Q02930	HI-union
B1	CDPF1	Q6NVV7	HDAC4	P56524	HI-union
B1	CDPF1	Q6NVV7	HOXA1	P49639	HI-union
B1	CDPF1	Q6NVV7	TFAP2D	Q7Z6R9	HI-union
B1	CDPF1	Q6NVV7	ZIC1	Q15915	HI-union
B1	CENATAC	Q86UT8	ZNF114	Q8NC26	HI-union
B1	CHERP	Q8IWX8	PUF60	Q9UHX1	RF2-PPI final80
B1	CHLSN	Q9BRJ6	RYBP	Q8N488	RF2-PPI final80
B1	CHLSN	Q9BRJ6	THAP1	Q9NVV9	HI-union
B1	CIAO1	O76071	MEOX1	P50221	HI-union
B1	CIAO1	O76071	MEOX2	P50222	HI-union
B1	CRLF3	Q8IUI8	L3MBTL3	Q96JM7	HI-union
B1	CRLF3	Q8IUI8	ZFP1	Q6P2D0	HI-union
B1	CSNK2A3	Q8NEV1	CHD3	Q12873	RF2-PPI final80
B1	CSNK2A3	Q8NEV1	KLF1	Q13351	RF2-PPI final80
B1	CT55	Q8WUE5	MBD3	O95983	HI-union
B1	CT55	Q8WUE5	MEOX2	P50222	HI-union
B1	CT55	Q8WUE5	PAX7	P23759	HI-union
B1	CT55	Q8WUE5	SAMD11	Q96NU1	HI-union
B1	CT55	Q8WUE5	ZNF177	Q13360	HI-union
B1	CTAG1A;CTAG1B	P78358	GTF2I	P78347	HI-union
B1	CTAG1A;CTAG1B	P78358	HMG20A	Q9NP66	HI-union
B1	CTAG1A;CTAG1B	P78358	MEIS2	O14770	HI-union
B1	CTAG1A;CTAG1B	P78358	MSGN1	A6NI15	HI-union
B1	CTAG1A;CTAG1B	P78358	SOHLH1	Q5JUK2	HI-union
B1	CTAG1A;CTAG1B	P78358	VENTX	O95231	HI-union
B1	CTAG2	O75638	OTX1	P32242	HI-union
B1	CTAG2	O75638	PRKAA2	P54646	HI-union
B1	CUL9	Q8IWT3	INO80	Q9ULG1	RF2-PPI final80
B1	CWF19L2	Q2TBE0	BACH2	Q9BYV9	HI-union
B1	CWF19L2	Q2TBE0	IKZF1	Q13422	HI-union
B1	CWF19L2	Q2TBE0	LHX3	Q9UBR4	HI-union
B1	CWF19L2	Q2TBE0	LHX9	Q9NQ69	HI-union
B1	CWF19L2	Q2TBE0	MEOX1	P50221	HI-union
B1	CWF19L2	Q2TBE0	TRIM27	P14373	HI-union
B1	CWF19L2	Q2TBE0	ZBTB8A	Q96BR9	HI-union
B1	CWF19L2	Q2TBE0	ZNF35	P13682	HI-union
B1	CWF19L2	Q2TBE0	ZNF655	Q8N720	HI-union
B1	DARS1	P14868	RYBP	Q8N488	RF2-PPI final80
B1	DCAF10	Q5QP82	ERCC6	Q03468	RF2-PPI final80
B1	DCAF10	Q5QP82	LHX4	Q969G2	HI-union
B1	DCAF10	Q5QP82	XPA	P23025	RF2-PPI final80
B1	DCAF10	Q5QP82	ZNF695	Q8IW36	RF2-PPI final80
B1	DCAF8L1	A6NGE4	IRX1	P78414	RF2-PPI final80
B1	DDA1	Q9BW61	PKNOX2	Q96KN3	HI-union
B1	DDIT4L	Q96D03	EIF4A3	P38919	HI-union
B1	DDIT4L	Q96D03	EXOSC1	Q9Y3B2	HI-union
B1	DDIT4L	Q96D03	EXOSC5	Q9NQT4	HI-union
B1	DDIT4L	Q96D03	EXOSC8	Q96B26	HI-union
B1	DDIT4L	Q96D03	GADD45G	O95257	HI-union
B1	DDIT4L	Q96D03	HDAC7	Q8WUI4	HI-union + RF2-PPI final80
B1	DDIT4L	Q96D03	HMG20A	Q9NP66	HI-union
B1	DDIT4L	Q96D03	KDM8	Q8N371	HI-union
B1	DDIT4L	Q96D03	MLX	Q9UH92	HI-union
B1	DDIT4L	Q96D03	MORF4L1	Q9UBU8	HI-union
B1	DDIT4L	Q96D03	MORF4L2	Q15014	HI-union
B1	DDIT4L	Q96D03	NEK6	Q9HC98	HI-union
B1	DDIT4L	Q96D03	PBK	Q96KB5	HI-union + RF2-PPI final80
B1	DDIT4L	Q96D03	PITX2	Q99697	HI-union
B1	DDIT4L	Q96D03	POU1F1	P28069	HI-union
B1	DDIT4L	Q96D03	PRKAB2	O43741	HI-union
B1	DDIT4L	Q96D03	PUF60	Q9UHX1	HI-union
B1	DDIT4L	Q96D03	RNF8	O76064	HI-union
B1	DDIT4L	Q96D03	STK4	Q13043	HI-union
B1	DDIT4L	Q96D03	TCF19	Q9Y242	HI-union
B1	DDIT4L	Q96D03	UBE2B	P63146	HI-union
B1	DDIT4L	Q96D03	UBTFL1	P0CB47	HI-union
B1	DDIT4L	Q96D03	VEZF1	Q14119	HI-union
B1	DDIT4L	Q96D03	ZIC1	Q15915	HI-union
B1	DDIT4L	Q96D03	ZNF410	Q86VK4	HI-union
B1	DDIT4L	Q96D03	ZNF76	P36508	HI-union
B1	DDIT4L	Q96D03	ZNF765	Q7L2R6	HI-union
B1	DDIT4L	Q96D03	ZSCAN23	Q3MJ62	HI-union
B1	DHX40	Q8IX18	TAF1	P21675	RF2-PPI final80
B1	DHX57	Q6P158	CBX2	Q14781	HI-union
B1	DHX57	Q6P158	PLAGL2	Q9UPG8	HI-union
B1	DHX57	Q6P158	RBMY1A1	P0DJD3	HI-union
B1	DHX57	Q6P158	ZNF473	Q8WTR7	HI-union
B1	DHX57	Q6P158	ZNF587	Q96SQ5	HI-union
B1	DHX57	Q6P158	ZNF837	Q96EG3	HI-union
B1	DNAAF11	Q86X45	MEOX2	P50222	HI-union
B1	DNAAF11	Q86X45	TERF1	P54274	HI-union
B1	DNAJA4	Q8WW22	BANP	Q8N9N5	HI-union
B1	DNAJB4	Q9UDY4	RUVBL2	Q9Y230	HI-union
B1	DNAL1	Q4LDG9	HDAC8	Q9BY41	RF2-PPI final80
B1	DPCD	Q9BVM2	RUVBL2	Q9Y230	HI-union
B1	DPEP2NB	A0A0U1RQF7	ZNF410	Q86VK4	HI-union
B1	DUSP19	Q8WTR2	ACTB	P60709	HI-union
B1	DUSP28	Q4G0W2	RFXANK	O14593	RF2-PPI final80
B1	DUT	P33316	ASXL1	Q8IXJ9	RF2-PPI final80
B1	DUT	P33316	ASXL2	Q76L83	RF2-PPI final80
B1	DUT	P33316	ASXL3	Q9C0F0	RF2-PPI final80
B1	DYNC2I2	Q96EX3	MEOX2	P50222	HI-union
B1	EDC3	Q96F86	PIAS2	O75928	HI-union
B1	EIF2B1	Q14232	ATF5	Q9Y2D1	HI-union
B1	EIF2B2	P49770	PCGF6	Q9BYE7	HI-union
B1	EIF2S1	P05198	PRMT7	Q9NVM4	HI-union + RF2-PPI final80
B1	EIF2S2	P20042	PRMT7	Q9NVM4	RF2-PPI final80
B1	EIF3A	Q14152	REL	Q04864	HI-union
B1	EIF3B	P55884	GATAD2A	Q86YP4	RF2-PPI final80
B1	EIF3B	P55884	PBX4	Q9BYU1	HI-union
B1	EIF4A2	Q14240	ZNF620	Q6ZNG0	HI-union
B1	EMC8	O43402	DPF2	Q92785	RF2-PPI final80
B1	ENOX1	Q8TC92	ZBTB16	Q05516	HI-union
B1	ENOX2	Q16206	MLLT6	P55198	HI-union
B1	ENOX2	Q16206	ZFP2	Q6ZN57	HI-union
B1	FAM118A	Q9NWS6	ZNF451	Q9Y4E5	HI-union
B1	FAM133A	Q8N9E0	CSNK2A1	P68400	HI-union
B1	FAM133A	Q8N9E0	THAP1	Q9NVV9	HI-union
B1	FAM156A;FAM156B	Q8NDB6	GADD45G	O95257	HI-union
B1	FAM168B	A1KXE4	ARID5A	Q03989	HI-union
B1	FAM168B	A1KXE4	FOXH1	O75593	HI-union
B1	FAM168B	A1KXE4	FOXI1	Q12951	HI-union
B1	FAM168B	A1KXE4	GLIS2	Q9BZE0	HI-union
B1	FAM168B	A1KXE4	HOXB9	P17482	HI-union
B1	FAM168B	A1KXE4	HSF4	Q9ULV5	HI-union
B1	FAM168B	A1KXE4	OTX1	P32242	HI-union
B1	FAM168B	A1KXE4	PATZ1	Q9HBE1	HI-union
B1	FAM168B	A1KXE4	PITX1	P78337	HI-union
B1	FAM168B	A1KXE4	POGZ	Q7Z3K3	HI-union
B1	FAM168B	A1KXE4	RHOXF2	Q9BQY4	HI-union
B1	FAM168B	A1KXE4	TCF7L2	Q9NQB0	HI-union
B1	FAM168B	A1KXE4	TLX3	O43711	HI-union
B1	FAM168B	A1KXE4	VENTX	O95231	HI-union
B1	FAM168B	A1KXE4	VEZF1	Q14119	HI-union
B1	FAM168B	A1KXE4	ZIC1	Q15915	HI-union
B1	FAM199X	Q6PEV8	WDR5	P61964	HI-union
B1	FAM217B	Q9NTX9	ANP32B	Q92688	HI-union
B1	FAM217B	Q9NTX9	BANP	Q8N9N5	HI-union
B1	FAM217B	Q9NTX9	HMBOX1	Q6NT76	HI-union
B1	FAM217B	Q9NTX9	L3MBTL2	Q969R5	HI-union
B1	FAM217B	Q9NTX9	SMARCE1	Q969G3	HI-union
B1	FAM217B	Q9NTX9	ZBTB16	Q05516	HI-union
B1	FAM221A	A4D161	HOXA1	P49639	HI-union
B1	FAM221A	A4D161	LHX3	Q9UBR4	HI-union
B1	FAM221A	A4D161	MEOX2	P50222	HI-union
B1	FAM221A	A4D161	ZNF417	Q8TAU3	HI-union
B1	FAM221B	A6H8Z2	GSC2	O15499	HI-union
B1	FAM221B	A6H8Z2	LBX1	P52954	HI-union
B1	FAM222B	Q8WU58	AKAP8L	Q9ULX6	HI-union
B1	FAM222B	Q8WU58	BANP	Q8N9N5	HI-union
B1	FAM222B	Q8WU58	FOSB	P53539	HI-union
B1	FAM222B	Q8WU58	OIP5	O43482	HI-union
B1	FAM222B	Q8WU58	RUNX1	Q01196	HI-union
B1	FAM222B	Q8WU58	SOHLH1	Q5JUK2	HI-union
B1	FAM228A	Q86W67	ZNF76	P36508	HI-union
B1	FAM50B	Q9Y247	IKZF1	Q13422	HI-union
B1	FAM50B	Q9Y247	IKZF3	Q9UKT9	HI-union
B1	FAM50B	Q9Y247	PAX6	P26367	HI-union
B1	FAM50B	Q9Y247	TCF12	Q99081	HI-union
B1	FAM53C	Q9NYF3	MEOX2	P50222	HI-union
B1	FAM53C	Q9NYF3	YWHAE	P62258	HI-union
B1	FAM72B	Q86X60	OTX1	P32242	HI-union
B1	FAM72D	Q6L9T8	ZNF19	P17023	HI-union
B1	FAM90A1	Q86YD7	BANP	Q8N9N5	HI-union
B1	FAM90A1	Q86YD7	EXOSC8	Q96B26	HI-union
B1	FAM90A1	Q86YD7	FOSB	P53539	HI-union
B1	FAM90A1	Q86YD7	GABPB1	Q06547	HI-union
B1	FAM90A1	Q86YD7	HAND2	P61296	HI-union
B1	FAM90A1	Q86YD7	HMBOX1	Q6NT76	HI-union
B1	FAM90A1	Q86YD7	HOMEZ	Q8IX15	HI-union
B1	FAM90A1	Q86YD7	LHX6	Q9UPM6	HI-union
B1	FAM90A1	Q86YD7	MEIS3	Q99687	HI-union
B1	FAM90A1	Q86YD7	MYOG	P15173	HI-union
B1	FAM90A1	Q86YD7	OVOL1	O14753	HI-union
B1	FAM90A1	Q86YD7	PBX1	P40424	HI-union
B1	FAM90A1	Q86YD7	PBX2	P40425	HI-union
B1	FAM90A1	Q86YD7	PLAGL2	Q9UPG8	HI-union
B1	FAM90A1	Q86YD7	PPARA	Q07869	HI-union
B1	FAM90A1	Q86YD7	PRDM6	Q9NQX0	HI-union
B1	FAM90A1	Q86YD7	REL	Q04864	HI-union
B1	FAM90A1	Q86YD7	SMAD3	P84022	HI-union
B1	FAM90A1	Q86YD7	SMARCB1	Q12824	HI-union
B1	FAM90A1	Q86YD7	TRIM27	P14373	HI-union
B1	FAM90A1	Q86YD7	ZBTB14	O43829	HI-union
B1	FAM90A1	Q86YD7	ZBTB16	Q05516	HI-union
B1	FAM90A1	Q86YD7	ZBTB7B	O15156	HI-union
B1	FAM90A1	Q86YD7	ZBTB8A	Q96BR9	HI-union
B1	FAM90A1	Q86YD7	ZNF143	P52747	HI-union
B1	FAM90A1	Q86YD7	ZNF212	Q9UDV6	HI-union
B1	FAM90A1	Q86YD7	ZNF343	Q6P1L6	HI-union
B1	FAM90A1	Q86YD7	ZNF526	Q8TF50	HI-union
B1	FAM90A1	Q86YD7	ZNF581	Q9P0T4	HI-union
B1	FAM90A1	Q86YD7	ZNF655	Q8N720	HI-union
B1	FAM90A1	Q86YD7	ZNF688	P0C7X2	HI-union
B1	FAM90A1	Q86YD7	ZNF76	P36508	HI-union
B1	FBXL18	Q96ME1	PLSCR1	O15162	HI-union
B1	FBXL18	Q96ME1	TFCP2	Q12800	HI-union
B1	FBXO21	O94952	ZNF592	Q92610	RF2-PPI final80
B1	FBXO39	Q8N4B4	MEOX2	P50222	HI-union
B1	FBXO43	Q4G163	SKP1	P63208	HI-union
B1	FBXO9	Q9UK97	SKP1	P63208	HI-union
B1	FDXACB1	Q9BRP7	MYNN	Q9NPC7	HI-union
B1	FDXACB1	Q9BRP7	ZNF250	P15622	HI-union
B1	FDXACB1	Q9BRP7	ZSCAN18	Q8TBC5	HI-union
B1	FNDC8	Q8TC99	MCRS1	Q96EZ8	HI-union
B1	FNDC8	Q8TC99	ZNF76	P36508	HI-union
B1	GAGE1	P0DTW1	MEOX2	P50222	HI-union
B1	GIGYF1	O75420	CBX8	Q9HC52	HI-union
B1	GIGYF1	O75420	KAT5	Q92993	HI-union
B1	GIGYF1	O75420	MCRS1	Q96EZ8	HI-union
B1	GIGYF1	O75420	NEK6	Q9HC98	HI-union
B1	GIGYF1	O75420	PRKAA2	P54646	HI-union
B1	GIGYF1	O75420	SMARCD1	Q96GM5	HI-union
B1	GIGYF1	O75420	TSHZ2	Q9NRE2	HI-union
B1	GLMN	Q92990	PRDM16	Q9HAZ2	HI-union
B1	GLMN	Q92990	RBX1	P62877	HI-union
B1	GLMN	Q92990	SNAI1	O95863	HI-union
B1	GOLPH3L	Q9H4A5	IRF9	Q00978	RF2-PPI final80
B1	GPANK1	O95872	AKAP8L	Q9ULX6	HI-union
B1	GPANK1	O95872	FTO	Q9C0B1	HI-union
B1	GPANK1	O95872	HOMEZ	Q8IX15	HI-union
B1	GPANK1	O95872	MEOX1	P50221	HI-union
B1	GPANK1	O95872	MEOX2	P50222	HI-union
B1	GPANK1	O95872	NR1H3	Q13133	HI-union
B1	GPANK1	O95872	OIP5	O43482	HI-union
B1	GPANK1	O95872	PATZ1	Q9HBE1	HI-union
B1	GPANK1	O95872	PAX6	P26367	HI-union
B1	GPANK1	O95872	PBX4	Q9BYU1	HI-union
B1	GPANK1	O95872	PPARA	Q07869	HI-union
B1	GPANK1	O95872	PPP4C	P60510	HI-union
B1	GPANK1	O95872	PRDM6	Q9NQX0	HI-union
B1	GPANK1	O95872	TFCP2	Q12800	HI-union
B1	GPANK1	O95872	TRIM27	P14373	HI-union
B1	GPANK1	O95872	ZBTB16	Q05516	HI-union
B1	GPANK1	O95872	ZNF688	P0C7X2	HI-union
B1	GPATCH11	Q8N954	DEK	P35659	HI-union
B1	GPATCH11	Q8N954	ZNF474	Q6S9Z5	HI-union
B1	GPATCH2L	Q9NWQ4	BATF3	Q9NR55	HI-union
B1	GPATCH2L	Q9NWQ4	CSNK2A1	P68400	HI-union
B1	GPATCH2L	Q9NWQ4	MEOX2	P50222	HI-union
B1	GPATCH2L	Q9NWQ4	PLAGL2	Q9UPG8	HI-union
B1	GPATCH2L	Q9NWQ4	PRDM14	Q9GZV8	HI-union
B1	GPATCH2L	Q9NWQ4	RBM11	P57052	HI-union
B1	GPATCH2L	Q9NWQ4	THAP1	Q9NVV9	HI-union
B1	GPATCH2L	Q9NWQ4	ZBTB48	P10074	HI-union
B1	GPATCH2L	Q9NWQ4	ZBTB8A	Q96BR9	HI-union
B1	GPATCH2L	Q9NWQ4	ZNF165	P49910	HI-union
B1	GPATCH2L	Q9NWQ4	ZNF263	O14978	HI-union
B1	GPATCH2L	Q9NWQ4	ZNF398	Q8TD17	HI-union
B1	GPATCH2L	Q9NWQ4	ZNF408	Q9H9D4	HI-union
B1	GPATCH2L	Q9NWQ4	ZNF473	Q8WTR7	HI-union
B1	GPATCH2L	Q9NWQ4	ZNF526	Q8TF50	HI-union
B1	GPATCH2L	Q9NWQ4	ZNF547	Q8IVP9	HI-union
B1	GPATCH2L	Q9NWQ4	ZNF837	Q96EG3	HI-union
B1	GPATCH8	Q9UKJ3	RNPS1	Q15287	RF2-PPI final80
B1	GTSE1	Q9NYZ3	DEK	P35659	RF2-PPI final80
B1	GTSF1L	Q9H1H1	GSC2	O15499	HI-union
B1	GTSF1L	Q9H1H1	HELLS	Q9NRZ9	HI-union
B1	HAUS1	Q96CS2	PKN1	Q16512	HI-union
B1	HAUS1	Q96CS2	TEAD4	Q15561	HI-union
B1	HAUS1	Q96CS2	TFPT	P0C1Z6	HI-union
B1	HAUS1	Q96CS2	TRIM27	P14373	HI-union
B1	HAUS3	Q68CZ6	RCOR3	Q9P2K3	HI-union
B1	HAUS7	Q99871	ATF4	P18848	HI-union
B1	HAUS7	Q99871	DPPA3	Q6W0C5	HI-union
B1	HECTD1	Q9ULT8	SNAI1	O95863	RF2-PPI final80
B1	HNRNPLL	Q8WVV9	BANP	Q8N9N5	HI-union
B1	HNRNPLL	Q8WVV9	BHLHE40	O14503	HI-union
B1	HNRNPLL	Q8WVV9	IKZF3	Q9UKT9	HI-union
B1	HNRNPLL	Q8WVV9	REL	Q04864	HI-union
B1	HNRNPLL	Q8WVV9	RHOXF2	Q9BQY4	HI-union
B1	HNRNPLL	Q8WVV9	SKIL	P12757	HI-union
B1	HNRNPLL	Q8WVV9	TADA2A	O75478	HI-union
B1	HNRNPLL	Q8WVV9	THAP1	Q9NVV9	HI-union
B1	HNRNPLL	Q8WVV9	TRIM27	P14373	HI-union
B1	HSF2BP	O75031	BARD1	Q99728	HI-union
B1	HSF2BP	O75031	BAZ2B	Q9UIF8	HI-union
B1	HSF2BP	O75031	BMI1	P35226	HI-union
B1	HSF2BP	O75031	CBX8	Q9HC52	HI-union
B1	HSF2BP	O75031	CDC73	Q6P1J9	HI-union
B1	HSF2BP	O75031	CDYL2	Q8N8U2	HI-union
B1	HSF2BP	O75031	DMAP1	Q9NPF5	HI-union
B1	HSF2BP	O75031	DMRT3	Q9NQL9	HI-union
B1	HSF2BP	O75031	DPF2	Q92785	HI-union
B1	HSF2BP	O75031	FLYWCH1	Q4VC44	HI-union
B1	HSF2BP	O75031	GCM2	O75603	HI-union
B1	HSF2BP	O75031	GPBP1	Q86WP2	HI-union
B1	HSF2BP	O75031	HASPIN	Q8TF76	HI-union
B1	HSF2BP	O75031	HDAC4	P56524	HI-union
B1	HSF2BP	O75031	HEY2	Q9UBP5	HI-union
B1	HSF2BP	O75031	HOMEZ	Q8IX15	HI-union
B1	HSF2BP	O75031	HOXB5	P09067	HI-union
B1	HSF2BP	O75031	HOXC8	P31273	HI-union
B1	HSF2BP	O75031	HSF2	Q03933	HI-union
B1	HSF2BP	O75031	INO80B	Q9C086	HI-union
B1	HSF2BP	O75031	JRK	O75564	HI-union
B1	HSF2BP	O75031	KAT5	Q92993	HI-union
B1	HSF2BP	O75031	KLF4	O43474	HI-union
B1	HSF2BP	O75031	L3MBTL2	Q969R5	HI-union
B1	HSF2BP	O75031	L3MBTL3	Q96JM7	HI-union
B1	HSF2BP	O75031	L3MBTL4	Q8NA19	HI-union
B1	HSF2BP	O75031	MEF2A	Q02078	HI-union
B1	HSF2BP	O75031	NFIL3	Q16649	HI-union
B1	HSF2BP	O75031	PKN1	Q16512	HI-union
B1	HSF2BP	O75031	POGZ	Q7Z3K3	HI-union
B1	HSF2BP	O75031	PRPF31	Q8WWY3	HI-union
B1	HSF2BP	O75031	RBM17	Q96I25	HI-union
B1	HSF2BP	O75031	RCOR3	Q9P2K3	HI-union
B1	HSF2BP	O75031	REXO4	Q9GZR2	HI-union
B1	HSF2BP	O75031	SETDB1	Q15047	HI-union + RF2-PPI final80
B1	HSF2BP	O75031	SMARCB1	Q12824	HI-union
B1	HSF2BP	O75031	SMARCD1	Q96GM5	HI-union
B1	HSF2BP	O75031	TCF19	Q9Y242	HI-union
B1	HSF2BP	O75031	THAP6	Q8TBB0	HI-union
B1	HSF2BP	O75031	TOX2	Q96NM4	HI-union + RF2-PPI final80
B1	HSF2BP	O75031	TSHZ3	Q63HK5	HI-union
B1	HSF2BP	O75031	VEZF1	Q14119	HI-union
B1	HSF2BP	O75031	VPS72	Q15906	HI-union
B1	HSF2BP	O75031	ZBTB16	Q05516	HI-union
B1	HSF2BP	O75031	ZBTB42	B2RXF5	HI-union
B1	HSF2BP	O75031	ZGPAT	Q8N5A5	HI-union
B1	HSF2BP	O75031	ZNF250	P15622	HI-union
B1	HSF2BP	O75031	ZNF417	Q8TAU3	HI-union
B1	HSF2BP	O75031	ZNF511	Q8NB15	HI-union
B1	HSF2BP	O75031	ZNF564	Q8TBZ8	HI-union
B1	HSF2BP	O75031	ZNF581	Q9P0T4	HI-union
B1	HSF2BP	O75031	ZNF587	Q96SQ5	HI-union
B1	HSF2BP	O75031	ZNF648	Q5T619	HI-union
B1	HSF2BP	O75031	ZNF688	P0C7X2	HI-union
B1	HSF2BP	O75031	ZNF774	Q6NX45	HI-union
B1	HSF2BP	O75031	ZNF835	Q9Y2P0	HI-union
B1	HSF2BP	O75031	ZNF84	P51523	HI-union
B1	HSF2BP	O75031	ZNF844	Q08AG5	HI-union
B1	HSPBP1	Q9NZL4	HSPA1B	P0DMV9	RF2-PPI final80
B1	HSPH1	Q92598	HSPA1B	P0DMV9	RF2-PPI final80
B1	IFRD2	Q12894	JRK	O75564	HI-union
B1	IGBP1	P78318	PPP2CA	P67775	HI-union + RF2-PPI final80
B1	IGBP1	P78318	PPP4C	P60510	HI-union + RF2-PPI final80
B1	IGBP1	P78318	SHOX	O15266	HI-union
B1	IHO1	Q8IYA8	HINFP	Q9BQA5	HI-union
B1	IHO1	Q8IYA8	NEK6	Q9HC98	HI-union
B1	IHO1	Q8IYA8	PRKAB2	O43741	HI-union
B1	IHO1	Q8IYA8	ZGPAT	Q8N5A5	HI-union
B1	IHO1	Q8IYA8	ZKSCAN3	Q9BRR0	HI-union
B1	IHO1	Q8IYA8	ZNF417	Q8TAU3	HI-union
B1	IHO1	Q8IYA8	ZNF688	P0C7X2	HI-union
B1	INSYN1	Q2T9L4	CEBPG	P53567	RF2-PPI final80
B1	INSYN1	Q2T9L4	JUN	P05412	RF2-PPI final80
B1	INSYN1	Q2T9L4	MCRS1	Q96EZ8	HI-union
B1	INSYN1	Q2T9L4	NCOR1	O75376	RF2-PPI final80
B1	INSYN1	Q2T9L4	NCOR2	Q9Y618	RF2-PPI final80
B1	INSYN1	Q2T9L4	PBX3	P40426	HI-union
B1	IP6K3	Q96PC2	MEOX2	P50222	HI-union
B1	IP6K3	Q96PC2	NOTO	A8MTQ0	HI-union
B1	IP6K3	Q96PC2	TRIM27	P14373	HI-union
B1	IP6K3	Q96PC2	ZNF655	Q8N720	HI-union
B1	JMJD4	Q9H9V9	EHMT2	Q96KQ7	RF2-PPI final80
B1	KANSL1L	A0AUZ9	KANSL2	Q9H9L4	RF2-PPI final80
B1	KANSL1L	A0AUZ9	KANSL3	Q9P2N6	RF2-PPI final80
B1	KANSL1L	A0AUZ9	PHF20	Q9BVI0	RF2-PPI final80
B1	KANSL1L	A0AUZ9	PHF20L1	A8MW92	RF2-PPI final80
B1	KCTD14	Q9BQ13	TCF4	P15884	HI-union
B1	KCTD17	Q8N5Z5	SPOP	O43791	RF2-PPI final80
B1	KCTD20	Q7Z5Y7	CUL3	Q13618	RF2-PPI final80
B1	KCTD6	Q8NC69	CUL3	Q13618	HI-union
B1	KCTD6	Q8NC69	PRPF31	Q8WWY3	HI-union
B1	KCTD6	Q8NC69	REL	Q04864	HI-union
B1	KCTD7	Q96MP8	CUL3	Q13618	HI-union
B1	KCTD7	Q96MP8	INO80B	Q9C086	HI-union
B1	KCTD7	Q96MP8	KAT5	Q92993	HI-union
B1	KCTD7	Q96MP8	MEOX1	P50221	HI-union
B1	KCTD7	Q96MP8	MEOX2	P50222	HI-union
B1	KCTD7	Q96MP8	PAX6	P26367	HI-union
B1	KCTD7	Q96MP8	PIN1	Q13526	HI-union
B1	KCTD7	Q96MP8	PPARA	Q07869	HI-union
B1	KCTD7	Q96MP8	REL	Q04864	HI-union
B1	KCTD7	Q96MP8	TERF1	P54274	HI-union
B1	KCTD7	Q96MP8	VEZF1	Q14119	HI-union
B1	KCTD7	Q96MP8	ZNF417	Q8TAU3	HI-union
B1	KCTD7	Q96MP8	ZNF438	Q7Z4V0	HI-union
B1	KCTD7	Q96MP8	ZNF474	Q6S9Z5	HI-union
B1	KCTD7	Q96MP8	ZNF552	Q9H707	HI-union
B1	KCTD7	Q96MP8	ZNF587	Q96SQ5	HI-union
B1	KIAA1958	Q8N8K9	MCRS1	Q96EZ8	HI-union + RF2-PPI final80
B1	KIAA1958	Q8N8K9	THAP12	O43422	HI-union
B1	KIF11	P52732	NSD2	O96028	RF2-PPI final80
B1	KIF24	Q5T7B8	CSNK2A1	P68400	HI-union
B1	KIF24	Q5T7B8	PRKAA2	P54646	HI-union
B1	KIF24	Q5T7B8	RNF8	O76064	HI-union
B1	KIFAP3	Q92845	HOXB5	P09067	HI-union
B1	KIFAP3	Q92845	MYPOP	Q86VE0	HI-union
B1	KIZ	Q2M2Z5	MEOX2	P50222	HI-union
B1	KLHDC7B	Q96G42	A1CF	Q9NQ94	HI-union
B1	KLHDC7B	Q96G42	BHLHE40	O14503	HI-union
B1	KLHDC7B	Q96G42	NFYC	Q13952	HI-union
B1	KLHDC7B	Q96G42	PATZ1	Q9HBE1	HI-union
B1	KLHDC7B	Q96G42	PHC2	Q8IXK0	HI-union
B1	KLHDC7B	Q96G42	POGZ	Q7Z3K3	HI-union
B1	KLHDC7B	Q96G42	RHOXF2	Q9BQY4	HI-union
B1	KLHDC7B	Q96G42	TBX6	O95947	HI-union
B1	KLHDC7B	Q96G42	TP53BP1	Q12888	HI-union
B1	KLHDC8B	Q8IXV7	CELF6	Q96J87	RF2-PPI final80
B1	KLHL11	Q9NVR0	POU6F2	P78424	HI-union
B1	KLHL21	Q9UJP4	BACH2	Q9BYV9	RF2-PPI final80
B1	KLHL21	Q9UJP4	ZBTB16	Q05516	RF2-PPI final80
B1	KLHL21	Q9UJP4	ZBTB3	Q9H5J0	RF2-PPI final80
B1	KLHL21	Q9UJP4	ZBTB34	Q8NCN2	RF2-PPI final80
B1	KLHL21	Q9UJP4	ZBTB44	Q8NCP5	RF2-PPI final80
B1	KLHL21	Q9UJP4	ZNF777	Q9ULD5	RF2-PPI final80
B1	KLHL24	Q6TFL4	BACH2	Q9BYV9	RF2-PPI final80
B1	KLHL24	Q6TFL4	SP6	Q3SY56	RF2-PPI final80
B1	KLHL24	Q6TFL4	ZBTB34	Q8NCN2	RF2-PPI final80
B1	KLHL29	Q96CT2	ZBTB10	Q96DT7	RF2-PPI final80
B1	KLHL29	Q96CT2	ZBTB7C	A1YPR0	RF2-PPI final80
B1	KLHL4	Q9C0H6	CUL3	Q13618	RF2-PPI final80
B1	KLHL42	Q9P2K6	MYOG	P15173	HI-union
B1	KLHL42	Q9P2K6	OIP5	O43482	HI-union
B1	KLHL42	Q9P2K6	REL	Q04864	HI-union
B1	KLHL6	Q8WZ60	YEATS2	Q9ULM3	RF2-PPI final80
B1	KLHL8	Q9P2G9	DAXX	Q9UER7	HI-union
B1	KPNA5	O15131	ANP32A	P39687	RF2-PPI final80
B1	KPNA5	O15131	ANP32B	Q92688	HI-union
B1	KPNA5	O15131	KAT5	Q92993	HI-union
B1	KPNA5	O15131	NRF1	Q16656	HI-union
B1	KPNA5	O15131	POU6F2	P78424	HI-union
B1	KPNA5	O15131	ZNF326	Q5BKZ1	HI-union
B1	KPNA6	O60684	ANP32B	Q92688	HI-union
B1	KPNA6	O60684	JRK	O75564	HI-union
B1	KPNA6	O60684	KAT5	Q92993	HI-union
B1	KPNA6	O60684	POU6F2	P78424	HI-union
B1	KPNA6	O60684	TAF9	Q16594	HI-union
B1	KRABD2	Q6ZNG9	HDAC7	Q8WUI4	HI-union
B1	KRABD2	Q6ZNG9	SCAND3	Q6R2W3	RF2-PPI final80
B1	KRABD4	Q5JUW0	PRKAB2	O43741	HI-union
B1	KTI12	Q96EK9	ELP3	Q9H9T3	RF2-PPI final80
B1	LARP1B	Q659C4	MEOX2	P50222	HI-union
B1	LEMD1	Q68G75	MEOX2	P50222	HI-union
B1	LENG1	Q96BZ8	BANP	Q8N9N5	HI-union
B1	LENG1	Q96BZ8	HOMEZ	Q8IX15	HI-union
B1	LENG1	Q96BZ8	IKZF3	Q9UKT9	HI-union
B1	LENG1	Q96BZ8	MEIS3	Q99687	HI-union
B1	LENG1	Q96BZ8	OIP5	O43482	HI-union
B1	LENG1	Q96BZ8	REL	Q04864	HI-union
B1	LENG1	Q96BZ8	TCF4	P15884	HI-union
B1	LENG1	Q96BZ8	TRIM27	P14373	HI-union
B1	LENG8	Q96PV6	ARID5A	Q03989	HI-union
B1	LENG8	Q96PV6	ATN1	P54259	HI-union
B1	LENG8	Q96PV6	DMRTB1	Q96MA1	HI-union
B1	LENG8	Q96PV6	GSE1	Q14687	HI-union
B1	LENG8	Q96PV6	HNRNPM	P52272	HI-union
B1	LENG8	Q96PV6	MSX2	P35548	HI-union
B1	LENG8	Q96PV6	PRDM16	Q9HAZ2	HI-union
B1	LENG8	Q96PV6	RHOXF2	Q9BQY4	HI-union
B1	LENG8	Q96PV6	ZNF263	O14978	RF2-PPI final80
B1	LENG8	Q96PV6	ZNF34	Q8IZ26	HI-union + RF2-PPI final80
B1	LGALS9C	Q6DKI2	PLSCR1	O15162	HI-union
B1	LIG3	P49916	NFATC1	O95644	RF2-PPI final80
B1	LIN37	Q96GY3	LIN54	Q6MZP7	RF2-PPI final80
B1	LIN37	Q96GY3	MEOX2	P50222	HI-union
B1	LIN37	Q96GY3	ZNF76	P36508	HI-union
B1	LIX1	Q8N485	EMSY	Q7Z589	HI-union
B1	LMO4	P61968	ARNT2	Q9HBZ2	HI-union
B1	LMO4	P61968	BANP	Q8N9N5	HI-union
B1	LMO4	P61968	CTBP2	P56545	HI-union
B1	LMO4	P61968	EXOSC8	Q96B26	HI-union
B1	LMO4	P61968	GABPB1	Q06547	HI-union
B1	LMO4	P61968	GRHL2	Q6ISB3	HI-union
B1	LMO4	P61968	HELT	A6NFD8	HI-union
B1	LMO4	P61968	ID3	Q02535	HI-union
B1	LMO4	P61968	IKZF1	Q13422	HI-union
B1	LMO4	P61968	IKZF3	Q9UKT9	HI-union
B1	LMO4	P61968	ISL2	Q96A47	RF2-PPI final80
B1	LMO4	P61968	L3MBTL3	Q96JM7	HI-union
B1	LMO4	P61968	MYOD1	P15172	HI-union
B1	LMO4	P61968	NFYC	Q13952	HI-union
B1	LMO4	P61968	NRF1	Q16656	HI-union
B1	LMO4	P61968	RBAK	Q9NYW8	HI-union
B1	LMO4	P61968	RNF8	O76064	HI-union
B1	LMO4	P61968	SMAD4	Q13485	HI-union
B1	LMO4	P61968	STAT5B	P51692	HI-union
B1	LMO4	P61968	TCF4	P15884	HI-union
B1	LMO4	P61968	TRIM27	P14373	HI-union
B1	LMO4	P61968	ZBTB43	O43298	HI-union
B1	LMO4	P61968	ZNF135	P52742	HI-union
B1	LMO4	P61968	ZNF202	O95125	HI-union
B1	LMO4	P61968	ZNF213	O14771	HI-union
B1	LMO4	P61968	ZNF397	Q8NF99	HI-union
B1	LMO4	P61968	ZNF410	Q86VK4	HI-union
B1	LMO4	P61968	ZNF467	Q7Z7K2	HI-union
B1	LONRF1	Q17RB8	CBLL2	Q8N7E2	HI-union
B1	LONRF1	Q17RB8	CRX	O43186	HI-union
B1	LONRF1	Q17RB8	GABPB2	Q8TAK5	HI-union
B1	LONRF1	Q17RB8	HLX	Q14774	HI-union
B1	LONRF1	Q17RB8	HOXA1	P49639	HI-union
B1	LONRF1	Q17RB8	IKZF2	Q9UKS7	HI-union
B1	LONRF1	Q17RB8	IKZF3	Q9UKT9	HI-union
B1	LONRF1	Q17RB8	KAT5	Q92993	HI-union
B1	LONRF1	Q17RB8	LHX2	P50458	HI-union
B1	LONRF1	Q17RB8	LHX4	Q969G2	HI-union
B1	LONRF1	Q17RB8	NR4A1	P22736	HI-union
B1	LONRF1	Q17RB8	PATZ1	Q9HBE1	HI-union + RF2-PPI final80
B1	LONRF1	Q17RB8	PAX5	Q02548	HI-union
B1	LONRF1	Q17RB8	PAX6	P26367	HI-union
B1	LONRF1	Q17RB8	PAX8	Q06710	HI-union
B1	LONRF1	Q17RB8	PLSCR1	O15162	HI-union
B1	LONRF1	Q17RB8	POU6F2	P78424	HI-union
B1	LONRF1	Q17RB8	PRDM16	Q9HAZ2	HI-union
B1	LONRF1	Q17RB8	PRDM6	Q9NQX0	HI-union
B1	LONRF1	Q17RB8	SLU7	O95391	HI-union
B1	LONRF1	Q17RB8	TBX19	O60806	HI-union
B1	LONRF1	Q17RB8	TRIM27	P14373	HI-union
B1	LONRF1	Q17RB8	ZFP90	Q8TF47	HI-union
B1	LONRF1	Q17RB8	ZNF426	Q9BUY5	HI-union
B1	LONRF1	Q17RB8	ZNF653	Q96CK0	HI-union
B1	LONRF1	Q17RB8	ZNF774	Q6NX45	HI-union
B1	LRMDA	Q9H2I8	EXOSC5	Q9NQT4	HI-union
B1	LUC7L	Q9NQ29	RBM25	P49756	RF2-PPI final80
B1	LUC7L	Q9NQ29	SRSF6	Q13247	HI-union
B1	LUC7L	Q9NQ29	SYNCRIP	O60506	RF2-PPI final80
B1	M1AP	Q8TC57	BAHD1	Q8TBE0	HI-union
B1	M1AP	Q8TC57	CRX	O43186	HI-union
B1	M1AP	Q8TC57	OTX1	P32242	HI-union
B1	M1AP	Q8TC57	OTX2	P32243	HI-union
B1	M1AP	Q8TC57	ZNF740	Q8NDX6	HI-union
B1	MAGEA12	P43365	HELT	A6NFD8	HI-union
B1	MAGEA12	P43365	KANSL1	Q7Z3B3	HI-union
B1	MAGEA12	P43365	POU6F2	P78424	HI-union
B1	MAGEA12	P43365	SCMH1	Q96GD3	HI-union
B1	MAGEA12	P43365	STAT5A	P42229	HI-union
B1	MAGEA3	P43357	BACC1	Q8IXM2	HI-union
B1	MAGEA4	P43358	ZNF576	Q9H609	HI-union
B1	MAGEA6	P43360	CAMTA2	O94983	HI-union
B1	MAGEA6	P43360	DNTTIP1	Q9H147	HI-union
B1	MAGEA6	P43360	HNRNPM	P52272	HI-union
B1	MAGEA6	P43360	LCORL	Q8N3X6	HI-union
B1	MAGEA6	P43360	MCRS1	Q96EZ8	HI-union
B1	MAGEA6	P43360	MSGN1	A6NI15	HI-union
B1	MAGEA6	P43360	RCOR3	Q9P2K3	HI-union
B1	MAGEA6	P43360	SMARCD1	Q96GM5	HI-union
B1	MAGEA6	P43360	SON	P18583	HI-union
B1	MAGEA6	P43360	ZNF76	P36508	HI-union
B1	MAGEA8	P43361	TDRD7	Q8NHU6	HI-union
B1	MAGEA8	P43361	ZNF221	Q9UK13	HI-union
B1	MAGEA8	P43361	ZNF224	Q9NZL3	HI-union
B1	MAGEA8	P43361	ZNF417	Q8TAU3	HI-union
B1	MAGEB18	Q96M61	GABPB1	Q06547	HI-union
B1	MAGEB2	O15479	ARID3A	Q99856	HI-union
B1	MAGEB2	O15479	ZBED1	O96006	HI-union
B1	MAGEB4	O15481	ARID3A	Q99856	HI-union
B1	MAGEB4	O15481	EEF1AKMT3	Q96AZ1	HI-union
B1	MAGEB4	O15481	FERD3L	Q96RJ6	HI-union
B1	MAGEB4	O15481	NEUROD4	Q9HD90	HI-union
B1	MAGEB4	O15481	ZNF341	Q9BYN7	HI-union
B1	MAGEB6	Q8N7X4	PHC2	Q8IXK0	HI-union
B1	MAGEC3	Q8TD91	TCF24	Q7RTU0	HI-union
B1	MAGEH1	Q9H213	HMBOX1	Q6NT76	HI-union
B1	MAGEH1	Q9H213	ZSCAN9	O15535	HI-union
B1	MAPK1IP1L	Q8NDC0	MSX2	P35548	HI-union
B1	MAPK1IP1L	Q8NDC0	SS18L1	O75177	HI-union
B1	MARCHF7	Q9H992	UBE2D1	P51668	RF2-PPI final80
B1	MARCHF7	Q9H992	UBE2D3	P61077	RF2-PPI final80
B1	MARCHF7	Q9H992	UBE2N	P61088	RF2-PPI final80
B1	MB21D2	Q8IYB1	CBX8	Q9HC52	HI-union
B1	MB21D2	Q8IYB1	CIRSR	Q86X95	HI-union
B1	MB21D2	Q8IYB1	REL	Q04864	HI-union
B1	MBD3L2B	A0A1B0GVZ6	GATAD2A	Q86YP4	RF2-PPI final80
B1	MBD3L4	A6NDZ8	GATAD2A	Q86YP4	RF2-PPI final80
B1	MBD3L4	A6NDZ8	GATAD2B	Q8WXI9	RF2-PPI final80
B1	MIS12	Q9H081	CENPT	Q96BT3	RF2-PPI final80
B1	MIS12	Q9H081	CHAF1A	Q13111	RF2-PPI final80
B1	MIS12	Q9H081	NSL1	Q96IY1	RF2-PPI final80
B1	MIX23	Q4VC31	PHB1	P35232	RF2-PPI final80
B1	MKNK1	Q9BUB5	CREM	Q03060	HI-union
B1	MKRN1	Q9UHC7	DAXX	Q9UER7	HI-union
B1	MKRN1	Q9UHC7	UBE2D1	P51668	HI-union + RF2-PPI final80
B1	MKRN1	Q9UHC7	UBE2D3	P61077	RF2-PPI final80
B1	MOAP1	Q96BY2	MBIP	Q9NS73	HI-union
B1	MOAP1	Q96BY2	MEOX2	P50222	HI-union
B1	MPPED2	Q15777	IKZF1	Q13422	HI-union
B1	MPPED2	Q15777	RXRG	P48443	HI-union
B1	MSH3	P20585	PCNA	P12004	HI-union
B1	MSI2	Q96DH6	MEOX2	P50222	HI-union
B1	N4BP2L2	Q92802	HOXA1	P49639	HI-union
B1	NAA35	Q5VZE5	RUNX2	Q13950	RF2-PPI final80
B1	NANOS1	Q8WY41	DND1	Q8IYX4	RF2-PPI final80
B1	NANOS1	Q8WY41	NR0B1	P51843	RF2-PPI final80
B1	NANOS1	Q8WY41	PARP3	Q9Y6F1	RF2-PPI final80
B1	NANOS2	P60321	DND1	Q8IYX4	RF2-PPI final80
B1	NEK8	Q86SG6	TCF4	P15884	HI-union
B1	NFKBIE	O00221	REL	Q04864	RF2-PPI final80
B1	NFKBIE	O00221	RELA	Q04206	RF2-PPI final80
B1	NFKBIE	O00221	RELB	Q01201	RF2-PPI final80
B1	NGLY1	Q96IV0	NPAS2	Q99743	HI-union
B1	NGLY1	Q96IV0	PAX5	Q02548	HI-union
B1	NGLY1	Q96IV0	PAX6	P26367	HI-union
B1	NGLY1	Q96IV0	PRMT9	Q6P2P2	RF2-PPI final80
B1	NGLY1	Q96IV0	TCF12	Q99081	HI-union
B1	NGLY1	Q96IV0	TRAFD1	O14545	HI-union
B1	NKAPD1	Q6ZUT1	EXOSC5	Q9NQT4	HI-union
B1	NKAPD1	Q6ZUT1	KCMF1	Q9P0J7	RF2-PPI final80
B1	NKAPD1	Q6ZUT1	MCRS1	Q96EZ8	HI-union
B1	NKAPD1	Q6ZUT1	RNPS1	Q15287	HI-union
B1	NKAPD1	Q6ZUT1	THAP1	Q9NVV9	HI-union
B1	NKAPD1	Q6ZUT1	U2AF2	P26368	HI-union
B1	NKAPD1	Q6ZUT1	ZNF317	Q96PQ6	HI-union
B1	NKAPD1	Q6ZUT1	ZNF41	P51814	HI-union
B1	NOL4L	Q96MY1	CTBP1	Q13363	HI-union
B1	NOL4L	Q96MY1	CTBP2	P56545	HI-union
B1	NPIPB5	A8MRT5	MEOX2	P50222	HI-union
B1	NPRL2	Q8WTW4	ZBTB5	O15062	RF2-PPI final80
B1	NTAN1	Q96AB6	MEOX2	P50222	HI-union
B1	NUDT10	Q8NFP7	REL	Q04864	HI-union
B1	NUDT10	Q8NFP7	SNAPC5	O75971	HI-union
B1	NUDT10	Q8NFP7	TCF4	P15884	HI-union
B1	NUDT11	Q96G61	PIN1	Q13526	RF2-PPI final80
B1	NUDT18	Q6ZVK8	GSE1	Q14687	HI-union
B1	NUDT18	Q6ZVK8	ZBED1	O96006	HI-union
B1	NUDT22	Q9BRQ3	ARID5A	Q03989	HI-union
B1	NUDT22	Q9BRQ3	IKZF5	Q9H5V7	HI-union
B1	NUDT22	Q9BRQ3	LHX3	Q9UBR4	HI-union
B1	NUDT22	Q9BRQ3	TCF4	P15884	HI-union
B1	NUDT22	Q9BRQ3	ZBTB33	Q86T24	HI-union
B1	NUDT22	Q9BRQ3	ZNF143	P52747	HI-union
B1	NUDT22	Q9BRQ3	ZNF19	P17023	HI-union
B1	NUDT22	Q9BRQ3	ZNF343	Q6P1L6	HI-union
B1	NUDT22	Q9BRQ3	ZNF398	Q8TD17	HI-union
B1	NUDT22	Q9BRQ3	ZNF581	Q9P0T4	HI-union
B1	NUDT22	Q9BRQ3	ZNF648	Q5T619	HI-union
B1	NUDT22	Q9BRQ3	ZNF655	Q8N720	HI-union
B1	NUDT4	Q9NZJ9	KEAP1	Q14145	HI-union
B1	NUTM2F	A1L443	NFYC	Q13952	HI-union
B1	NUTM2F	A1L443	ZNF148	Q9UQR1	HI-union
B1	ODC1	P11926	KAT5	Q92993	HI-union
B1	OSER1	Q9NX31	ARID1B	Q8NFD5	RF2-PPI final80
B1	PCBP3	P57721	CELF4	Q9BZC1	HI-union
B1	PCBP3	P57721	PUF60	Q9UHX1	HI-union
B1	PCBP3	P57721	SRSF3	P84103	HI-union
B1	PCED1A	Q9H1Q7	PLSCR1	O15162	HI-union
B1	PCYT2	Q99447	KDM8	Q8N371	HI-union
B1	PCYT2	Q99447	REL	Q04864	HI-union
B1	PEF1	Q9UBV8	AKAP8L	Q9ULX6	HI-union
B1	PEF1	Q9UBV8	DMRTB1	Q96MA1	HI-union
B1	PEF1	Q9UBV8	FOXR2	Q6PJQ5	HI-union
B1	PEF1	Q9UBV8	SOHLH1	Q5JUK2	HI-union
B1	PEF1	Q9UBV8	ZIC1	Q15915	HI-union
B1	PELI1	Q96FA3	TP63	Q9H3D4	HI-union
B1	PELI2	Q9HAT8	MEOX1	P50221	HI-union
B1	PELI2	Q9HAT8	PCGF2	P35227	HI-union
B1	PELI2	Q9HAT8	REL	Q04864	HI-union
B1	PELI2	Q9HAT8	SP4	Q02446	HI-union
B1	PELI2	Q9HAT8	TP63	Q9H3D4	HI-union
B1	PELO	Q9BRX2	MEOX2	P50222	HI-union
B1	PHAF1	Q9BSU1	TSHZ2	Q9NRE2	HI-union
B1	PHF21B	Q96EK2	BANP	Q8N9N5	HI-union
B1	PHF21B	Q96EK2	MYT1L	Q9UL68	RF2-PPI final80
B1	PHF21B	Q96EK2	RCOR3	Q9P2K3	HI-union
B1	PHF21B	Q96EK2	TFCP2	Q12800	HI-union
B1	PHF3	Q92576	SIN3A	Q96ST3	RF2-PPI final80
B1	PIDD1	C0HMD6	POGZ	Q7Z3K3	HI-union
B1	PIH1D2	Q8WWB5	BANP	Q8N9N5	HI-union
B1	PIH1D2	Q8WWB5	CBLL2	Q8N7E2	HI-union
B1	PIH1D2	Q8WWB5	CBX8	Q9HC52	HI-union
B1	PIH1D2	Q8WWB5	EXOSC5	Q9NQT4	HI-union
B1	PIH1D2	Q8WWB5	HES7	Q9BYE0	HI-union
B1	PIH1D2	Q8WWB5	HSF4	Q9ULV5	HI-union
B1	PIH1D2	Q8WWB5	NFIL3	Q16649	HI-union
B1	PIH1D2	Q8WWB5	NOTO	A8MTQ0	HI-union
B1	PIH1D2	Q8WWB5	PBX4	Q9BYU1	HI-union
B1	PIH1D2	Q8WWB5	PRDM6	Q9NQX0	HI-union
B1	PIH1D2	Q8WWB5	PRMT3	O60678	HI-union
B1	PIH1D2	Q8WWB5	REL	Q04864	HI-union
B1	PIH1D2	Q8WWB5	TAF6	P49848	HI-union
B1	PIH1D2	Q8WWB5	ZBTB1	Q9Y2K1	HI-union
B1	PIH1D2	Q8WWB5	ZNF417	Q8TAU3	HI-union
B1	PIH1D2	Q8WWB5	ZNF438	Q7Z4V0	HI-union
B1	PIH1D2	Q8WWB5	ZNF688	P0C7X2	HI-union
B1	PIM2	Q9P1W9	KCNIP3	Q9Y2W7	RF2-PPI final80
B1	PIM2	Q9P1W9	NUP98	P52948	RF2-PPI final80
B1	PIM2	Q9P1W9	ZNF821	O75541	HI-union
B1	PIM3	Q86V86	CEBPA	P49715	RF2-PPI final80
B1	PIM3	Q86V86	GBX2	P52951	RF2-PPI final80
B1	PIM3	Q86V86	HOXA6	P31267	RF2-PPI final80
B1	PIM3	Q86V86	HOXB6	P17509	RF2-PPI final80
B1	PIM3	Q86V86	KLF4	O43474	RF2-PPI final80
B1	PIM3	Q86V86	KLF5	Q13887	RF2-PPI final80
B1	PIM3	Q86V86	NANOGP8	Q6NSW7	RF2-PPI final80
B1	PIM3	Q86V86	PDX1	P52945	RF2-PPI final80
B1	PMVK	Q15126	ZNF177	Q13360	HI-union
B1	PNMA6A	P0CW24	CRX	O43186	HI-union
B1	POLR2M	Q6EEV4	CEBPG	P53567	HI-union
B1	POLR2M	Q6EEV4	THAP1	Q9NVV9	HI-union
B1	POM121L2	Q96KW2	NKX2-1	P43699	RF2-PPI final80
B1	PPM1F	P49593	MEOX1	P50221	HI-union
B1	PPP1R11	O60927	YAF2	Q8IY57	HI-union
B1	PPP1R14A	Q96A00	HOXB1	P14653	RF2-PPI final80
B1	PPP4R3C	Q6ZMV5	PPP4C	P60510	RF2-PPI final80
B1	PPP4R3C	Q6ZMV5	PPP4R2	Q9NY27	RF2-PPI final80
B1	PRKRA	O75569	LYAR	Q9NX58	HI-union
B1	PRKRA	O75569	NKRF	O15226	HI-union
B1	PRKRA	O75569	PIAS2	O75928	HI-union
B1	PRKRA	O75569	ZMAT4	Q9H898	HI-union
B1	PRR20A	P86496	ARID5A	Q03989	HI-union
B1	PRR20A	P86496	BANP	Q8N9N5	HI-union
B1	PRR20A	P86496	BHLHE40	O14503	HI-union
B1	PRR20A	P86496	CELF4	Q9BZC1	HI-union
B1	PRR20A	P86496	DMRT3	Q9NQL9	HI-union
B1	PRR20A	P86496	FOXH1	O75593	HI-union
B1	PRR20A	P86496	FOXP3	Q9BZS1	HI-union
B1	PRR20A	P86496	GATA2	P23769	HI-union
B1	PRR20A	P86496	GLIS2	Q9BZE0	HI-union
B1	PRR20A	P86496	HIVEP1	P15822	HI-union
B1	PRR20A	P86496	HLX	Q14774	HI-union
B1	PRR20A	P86496	MBNL3	Q9NUK0	HI-union
B1	PRR20A	P86496	NFYC	Q13952	HI-union
B1	PRR20A	P86496	PATZ1	Q9HBE1	HI-union
B1	PRR20A	P86496	PHF1	O43189	HI-union
B1	PRR20A	P86496	PITX1	P78337	HI-union
B1	PRR20A	P86496	POGZ	Q7Z3K3	HI-union
B1	PRR20A	P86496	POU2F1	P14859	HI-union
B1	PRR20A	P86496	POU6F2	P78424	HI-union
B1	PRR20A	P86496	RHOXF2	Q9BQY4	HI-union
B1	PRR20A	P86496	SAMD11	Q96NU1	HI-union
B1	PRR20A	P86496	SOX5	P35711	HI-union
B1	PRR20A	P86496	SP4	Q02446	HI-union
B1	PRR20A	P86496	TBX3	O15119	HI-union
B1	PRR20A	P86496	TBX6	O95947	HI-union
B1	PRR20A	P86496	TCF7L2	Q9NQB0	HI-union
B1	PRR20A	P86496	THAP1	Q9NVV9	HI-union
B1	PRR20A	P86496	TLX3	O43711	HI-union
B1	PRR20A	P86496	TPRX1	Q8N7U7	HI-union
B1	PRR20A	P86496	VENTX	O95231	HI-union
B1	PRR20A	P86496	VEZF1	Q14119	HI-union
B1	PRR20A	P86496	ZBTB32	Q9Y2Y4	HI-union
B1	PRR20A	P86496	ZNF385C	Q66K41	HI-union
B1	PRR20A	P86496	ZNF488	Q96MN9	HI-union
B1	PRR20A	P86496	ZNF683	Q8IZ20	HI-union
B1	PRR20B	P86481	ARID5A	Q03989	HI-union
B1	PRR20B	P86481	BANP	Q8N9N5	HI-union
B1	PRR20B	P86481	BHLHE40	O14503	HI-union
B1	PRR20B	P86481	CELF4	Q9BZC1	HI-union
B1	PRR20B	P86481	DMRT3	Q9NQL9	HI-union
B1	PRR20B	P86481	FOXH1	O75593	HI-union
B1	PRR20B	P86481	FOXP3	Q9BZS1	HI-union
B1	PRR20B	P86481	GATA2	P23769	HI-union
B1	PRR20B	P86481	GLIS2	Q9BZE0	HI-union
B1	PRR20B	P86481	HIVEP1	P15822	HI-union
B1	PRR20B	P86481	HLX	Q14774	HI-union
B1	PRR20B	P86481	MBNL3	Q9NUK0	HI-union
B1	PRR20B	P86481	NFYC	Q13952	HI-union
B1	PRR20B	P86481	PATZ1	Q9HBE1	HI-union
B1	PRR20B	P86481	PHF1	O43189	HI-union
B1	PRR20B	P86481	PITX1	P78337	HI-union
B1	PRR20B	P86481	POGZ	Q7Z3K3	HI-union
B1	PRR20B	P86481	POU2F1	P14859	HI-union
B1	PRR20B	P86481	POU6F2	P78424	HI-union
B1	PRR20B	P86481	RHOXF2	Q9BQY4	HI-union
B1	PRR20B	P86481	SAMD11	Q96NU1	HI-union
B1	PRR20B	P86481	SOX5	P35711	HI-union
B1	PRR20B	P86481	SP4	Q02446	HI-union
B1	PRR20B	P86481	TBX3	O15119	HI-union
B1	PRR20B	P86481	TBX6	O95947	HI-union
B1	PRR20B	P86481	TCF7L2	Q9NQB0	HI-union
B1	PRR20B	P86481	THAP1	Q9NVV9	HI-union
B1	PRR20B	P86481	TLX3	O43711	HI-union
B1	PRR20B	P86481	TPRX1	Q8N7U7	HI-union
B1	PRR20B	P86481	VENTX	O95231	HI-union
B1	PRR20B	P86481	VEZF1	Q14119	HI-union
B1	PRR20B	P86481	ZBTB32	Q9Y2Y4	HI-union
B1	PRR20B	P86481	ZNF385C	Q66K41	HI-union
B1	PRR20B	P86481	ZNF488	Q96MN9	HI-union
B1	PRR20B	P86481	ZNF683	Q8IZ20	HI-union
B1	PRR20C	P86479	ARID5A	Q03989	HI-union
B1	PRR20C	P86479	BANP	Q8N9N5	HI-union
B1	PRR20C	P86479	BHLHE40	O14503	HI-union
B1	PRR20C	P86479	CELF4	Q9BZC1	HI-union
B1	PRR20C	P86479	DMRT3	Q9NQL9	HI-union
B1	PRR20C	P86479	FOXH1	O75593	HI-union
B1	PRR20C	P86479	FOXP3	Q9BZS1	HI-union
B1	PRR20C	P86479	GATA2	P23769	HI-union
B1	PRR20C	P86479	GLIS2	Q9BZE0	HI-union
B1	PRR20C	P86479	HIVEP1	P15822	HI-union
B1	PRR20C	P86479	HLX	Q14774	HI-union
B1	PRR20C	P86479	MBNL3	Q9NUK0	HI-union
B1	PRR20C	P86479	NFYC	Q13952	HI-union
B1	PRR20C	P86479	PATZ1	Q9HBE1	HI-union
B1	PRR20C	P86479	PHF1	O43189	HI-union
B1	PRR20C	P86479	PITX1	P78337	HI-union
B1	PRR20C	P86479	POGZ	Q7Z3K3	HI-union
B1	PRR20C	P86479	POU2F1	P14859	HI-union
B1	PRR20C	P86479	POU6F2	P78424	HI-union
B1	PRR20C	P86479	RHOXF2	Q9BQY4	HI-union
B1	PRR20C	P86479	SAMD11	Q96NU1	HI-union
B1	PRR20C	P86479	SOX5	P35711	HI-union
B1	PRR20C	P86479	SP4	Q02446	HI-union
B1	PRR20C	P86479	TBX3	O15119	HI-union
B1	PRR20C	P86479	TBX6	O95947	HI-union
B1	PRR20C	P86479	TCF7L2	Q9NQB0	HI-union
B1	PRR20C	P86479	THAP1	Q9NVV9	HI-union
B1	PRR20C	P86479	TLX3	O43711	HI-union
B1	PRR20C	P86479	TPRX1	Q8N7U7	HI-union
B1	PRR20C	P86479	VENTX	O95231	HI-union
B1	PRR20C	P86479	VEZF1	Q14119	HI-union
B1	PRR20C	P86479	ZBTB32	Q9Y2Y4	HI-union
B1	PRR20C	P86479	ZNF385C	Q66K41	HI-union
B1	PRR20C	P86479	ZNF488	Q96MN9	HI-union
B1	PRR20C	P86479	ZNF683	Q8IZ20	HI-union
B1	PRR20D	P86480	ARID5A	Q03989	HI-union
B1	PRR20D	P86480	BANP	Q8N9N5	HI-union
B1	PRR20D	P86480	BHLHE40	O14503	HI-union
B1	PRR20D	P86480	CELF4	Q9BZC1	HI-union
B1	PRR20D	P86480	DMRT3	Q9NQL9	HI-union
B1	PRR20D	P86480	FOXH1	O75593	HI-union
B1	PRR20D	P86480	FOXP3	Q9BZS1	HI-union
B1	PRR20D	P86480	GATA2	P23769	HI-union
B1	PRR20D	P86480	GLIS2	Q9BZE0	HI-union
B1	PRR20D	P86480	HIVEP1	P15822	HI-union
B1	PRR20D	P86480	HLX	Q14774	HI-union
B1	PRR20D	P86480	MBNL3	Q9NUK0	HI-union
B1	PRR20D	P86480	NFYC	Q13952	HI-union
B1	PRR20D	P86480	PATZ1	Q9HBE1	HI-union
B1	PRR20D	P86480	PHF1	O43189	HI-union
B1	PRR20D	P86480	PITX1	P78337	HI-union
B1	PRR20D	P86480	POGZ	Q7Z3K3	HI-union
B1	PRR20D	P86480	POU2F1	P14859	HI-union
B1	PRR20D	P86480	POU6F2	P78424	HI-union
B1	PRR20D	P86480	RHOXF2	Q9BQY4	HI-union
B1	PRR20D	P86480	SAMD11	Q96NU1	HI-union
B1	PRR20D	P86480	SOX5	P35711	HI-union
B1	PRR20D	P86480	SP4	Q02446	HI-union
B1	PRR20D	P86480	TBX3	O15119	HI-union
B1	PRR20D	P86480	TBX6	O95947	HI-union
B1	PRR20D	P86480	TCF7L2	Q9NQB0	HI-union
B1	PRR20D	P86480	THAP1	Q9NVV9	HI-union
B1	PRR20D	P86480	TLX3	O43711	HI-union
B1	PRR20D	P86480	TPRX1	Q8N7U7	HI-union
B1	PRR20D	P86480	VENTX	O95231	HI-union
B1	PRR20D	P86480	VEZF1	Q14119	HI-union
B1	PRR20D	P86480	ZBTB32	Q9Y2Y4	HI-union
B1	PRR20D	P86480	ZNF385C	Q66K41	HI-union
B1	PRR20D	P86480	ZNF488	Q96MN9	HI-union
B1	PRR20D	P86480	ZNF683	Q8IZ20	HI-union
B1	PRR20E	P86478	ARID5A	Q03989	HI-union
B1	PRR20E	P86478	BANP	Q8N9N5	HI-union
B1	PRR20E	P86478	BHLHE40	O14503	HI-union
B1	PRR20E	P86478	CELF4	Q9BZC1	HI-union
B1	PRR20E	P86478	DMRT3	Q9NQL9	HI-union
B1	PRR20E	P86478	FOXH1	O75593	HI-union
B1	PRR20E	P86478	FOXP3	Q9BZS1	HI-union
B1	PRR20E	P86478	GATA2	P23769	HI-union
B1	PRR20E	P86478	GLIS2	Q9BZE0	HI-union
B1	PRR20E	P86478	HIVEP1	P15822	HI-union
B1	PRR20E	P86478	HLX	Q14774	HI-union
B1	PRR20E	P86478	MBNL3	Q9NUK0	HI-union
B1	PRR20E	P86478	NFYC	Q13952	HI-union
B1	PRR20E	P86478	PATZ1	Q9HBE1	HI-union
B1	PRR20E	P86478	PHF1	O43189	HI-union
B1	PRR20E	P86478	PITX1	P78337	HI-union
B1	PRR20E	P86478	POGZ	Q7Z3K3	HI-union
B1	PRR20E	P86478	POU2F1	P14859	HI-union
B1	PRR20E	P86478	POU6F2	P78424	HI-union
B1	PRR20E	P86478	RHOXF2	Q9BQY4	HI-union
B1	PRR20E	P86478	SAMD11	Q96NU1	HI-union
B1	PRR20E	P86478	SOX5	P35711	HI-union
B1	PRR20E	P86478	SP4	Q02446	HI-union
B1	PRR20E	P86478	TBX3	O15119	HI-union
B1	PRR20E	P86478	TBX6	O95947	HI-union
B1	PRR20E	P86478	TCF7L2	Q9NQB0	HI-union
B1	PRR20E	P86478	THAP1	Q9NVV9	HI-union
B1	PRR20E	P86478	TLX3	O43711	HI-union
B1	PRR20E	P86478	TPRX1	Q8N7U7	HI-union
B1	PRR20E	P86478	VENTX	O95231	HI-union
B1	PRR20E	P86478	VEZF1	Q14119	HI-union
B1	PRR20E	P86478	ZBTB32	Q9Y2Y4	HI-union
B1	PRR20E	P86478	ZNF385C	Q66K41	HI-union
B1	PRR20E	P86478	ZNF488	Q96MN9	HI-union
B1	PRR20E	P86478	ZNF683	Q8IZ20	HI-union
B1	PRR22	Q8IZ63	CREB5	Q02930	HI-union
B1	PRR22	Q8IZ63	FOXH1	O75593	HI-union
B1	PRR22	Q8IZ63	OTX1	P32242	HI-union
B1	PRR22	Q8IZ63	PATZ1	Q9HBE1	HI-union
B1	PRR22	Q8IZ63	SMYD1	Q8NB12	HI-union
B1	PRR22	Q8IZ63	TFAP2D	Q7Z6R9	HI-union
B1	PRR23B	Q6ZRT6	ARID4B	Q4LE39	HI-union
B1	PRR23B	Q6ZRT6	BANP	Q8N9N5	HI-union
B1	PRR3	P79522	APOBEC3C	Q9NRW3	HI-union
B1	PRR3	P79522	ASF1A	Q9Y294	HI-union
B1	PRR3	P79522	KLF1	Q13351	HI-union
B1	PRR3	P79522	MYPOP	Q86VE0	HI-union
B1	PRR3	P79522	RBMX	P38159	HI-union
B1	PRR3	P79522	RBMY1A1	P0DJD3	HI-union
B1	PRR35	P0CG20	CRX	O43186	HI-union
B1	PRR35	P0CG20	OIP5	O43482	HI-union
B1	PRR35	P0CG20	PLAGL2	Q9UPG8	HI-union
B1	PRR35	P0CG20	TBX19	O60806	HI-union
B1	PRR35	P0CG20	TRIM27	P14373	HI-union
B1	PRR35	P0CG20	ZNF655	Q8N720	HI-union
B1	PSMD14	O00487	DPY30	Q9C005	HI-union
B1	PSMD14	O00487	MEOX2	P50222	HI-union
B1	PSMD3	O43242	MYC	P01106	RF2-PPI final80
B1	PSMD3	O43242	ZBTB43	O43298	HI-union
B1	PSMD5	Q16401	TFCP2	Q12800	HI-union
B1	PTS	Q03393	THAP10	Q9P2Z0	HI-union
B1	PUS7L	Q9H0K6	TRIM27	P14373	HI-union
B1	PWWP2B	Q6NUJ5	BRD2	P25440	RF2-PPI final80
B1	PWWP2B	Q6NUJ5	BRD3	Q15059	RF2-PPI final80
B1	PWWP2B	Q6NUJ5	ZNF131	P52739	RF2-PPI final80
B1	QNG1	Q5T6V5	MEOX2	P50222	HI-union
B1	QSER1	Q2KHR3	ASF1A	Q9Y294	RF2-PPI final80
B1	RABL6	Q3YEC7	RYBP	Q8N488	RF2-PPI final80
B1	RAI2	Q9Y5P3	CTBP2	P56545	HI-union
B1	RALYL	Q86SE5	AEBP2	Q6ZN18	HI-union
B1	RALYL	Q86SE5	MCRS1	Q96EZ8	HI-union
B1	RALYL	Q86SE5	THAP1	Q9NVV9	HI-union
B1	RALYL	Q86SE5	TIGD3	Q6B0B8	HI-union
B1	RALYL	Q86SE5	ZBTB8A	Q96BR9	RF2-PPI final80
B1	RALYL	Q86SE5	ZNF408	Q9H9D4	HI-union
B1	RBBP8NL	Q8NC74	CTBP2	P56545	HI-union
B1	RBBP8NL	Q8NC74	PHF1	O43189	HI-union
B1	RBBP8NL	Q8NC74	PIN1	Q13526	HI-union
B1	RBM26	Q5T8P6	BRD4	O60885	RF2-PPI final80
B1	RBM43	Q6ZSC3	DTX3L	Q8TDB6	RF2-PPI final80
B1	RBM43	Q6ZSC3	IKZF1	Q13422	HI-union
B1	RBM46	Q8TBY0	FOXH1	O75593	HI-union
B1	RBM48	Q5RL73	CDC5L	Q99459	RF2-PPI final80
B1	RBM48	Q5RL73	PRKAB2	O43741	HI-union
B1	RCBTB2	O95199	MORF4L1	Q9UBU8	HI-union
B1	REP15	Q6BDI9	ARID3A	Q99856	HI-union
B1	RIOK2	Q9BVS4	PRDM16	Q9HAZ2	HI-union
B1	RMND5B	Q96G75	UBE2H	P62256	RF2-PPI final80
B1	RNF125	Q96EQ8	BHLHA9	Q7RTU4	HI-union
B1	RNF125	Q96EQ8	UBE2D1	P51668	HI-union + RF2-PPI final80
B1	RNF125	Q96EQ8	UBE2D3	P61077	RF2-PPI final80
B1	RNF125	Q96EQ8	UBE2N	P61088	RF2-PPI final80
B1	RNF125	Q96EQ8	ZNF414	Q96IQ9	HI-union
B1	RNF181	Q9P0P0	UBE2D1	P51668	HI-union + RF2-PPI final80
B1	RNF181	Q9P0P0	UBE2D3	P61077	RF2-PPI final80
B1	RNF181	Q9P0P0	UBE2E1	P51965	RF2-PPI final80
B1	RNF181	Q9P0P0	UBE2N	P61088	RF2-PPI final80
B1	RNF214	Q8ND24	ZNF76	P36508	HI-union
B1	RNF216	Q9NWF9	UBE2D1	P51668	RF2-PPI final80
B1	RNF216	Q9NWF9	UBE2D3	P61077	RF2-PPI final80
B1	RNF31	Q96EP0	PPARD	Q03181	RF2-PPI final80
B1	RNF31	Q96EP0	RBCK1	Q9BYM8	RF2-PPI final80
B1	RNF44	Q7L0R7	ARID5A	Q03989	HI-union
B1	RPRD2	Q5VT52	HIF1AN	Q9NWT6	RF2-PPI final80
B1	RPS25	P62851	ASXL2	Q76L83	RF2-PPI final80
B1	RPS25	P62851	HMBOX1	Q6NT76	HI-union
B1	RPS25	P62851	HOMEZ	Q8IX15	HI-union
B1	RPS25	P62851	THAP1	Q9NVV9	HI-union
B1	RPS25	P62851	ZBTB14	O43829	HI-union
B1	RPS26	P62854	OTX2	P32243	HI-union
B1	RRP15	Q9Y3B9	ELP3	Q9H9T3	RF2-PPI final80
B1	RSPH14	Q9UHP6	GABPB1	Q06547	HI-union
B1	RSPH14	Q9UHP6	REL	Q04864	HI-union
B1	RSPH14	Q9UHP6	SHOX	O15266	RF2-PPI final80
B1	RSPH14	Q9UHP6	TCF4	P15884	HI-union
B1	RSPH14	Q9UHP6	TRIM27	P14373	HI-union
B1	RSPH14	Q9UHP6	ZNF474	Q6S9Z5	HI-union
B1	RSPH14	Q9UHP6	ZNF629	Q9UEG4	HI-union
B1	RSPH6A	Q9H0K4	SMYD1	Q8NB12	HI-union
B1	RSRC2	Q7L4I2	OGT	O15294	RF2-PPI final80
B1	RTF2	Q9BY42	KDM4B	O94953	RF2-PPI final80
B1	RTL8B	Q17RB0	TADA2A	O75478	HI-union
B1	RTP5	Q14D33	AKAP8L	Q9ULX6	HI-union
B1	RTP5	Q14D33	MIS18A	Q9NYP9	HI-union
B1	RTP5	Q14D33	SP100	P23497	HI-union
B1	RWDD1	Q9H446	DNAJC2	Q99543	RF2-PPI final80
B1	RWDD2B	P57060	GADD45G	O95257	HI-union
B1	RWDD2B	P57060	IKZF1	Q13422	HI-union
B1	RWDD2B	P57060	MEOX2	P50222	HI-union
B1	RWDD2B	P57060	PHC2	Q8IXK0	HI-union
B1	SAMD13	Q5VXD3	L3MBTL3	Q96JM7	RF2-PPI final80
B1	SAMD13	Q5VXD3	L3MBTL4	Q8NA19	RF2-PPI final80
B1	SAMD13	Q5VXD3	SFMBT1	Q9UHJ3	RF2-PPI final80
B1	SAT1	P21673	BHLHA9	Q7RTU4	HI-union
B1	SAT1	P21673	DMRT3	Q9NQL9	HI-union
B1	SAT1	P21673	HOXB6	P17509	HI-union
B1	SAT1	P21673	HOXB9	P17482	HI-union
B1	SAT1	P21673	LHX3	Q9UBR4	HI-union
B1	SAT1	P21673	MEOX2	P50222	HI-union
B1	SAT1	P21673	MTA1	Q13330	HI-union
B1	SAT1	P21673	MYPOP	Q86VE0	HI-union
B1	SAT1	P21673	RBM17	Q96I25	HI-union
B1	SAT1	P21673	REL	Q04864	HI-union
B1	SAT1	P21673	SNAI2	O43623	HI-union
B1	SAT1	P21673	TCF25	Q9BQ70	HI-union
B1	SAT1	P21673	TEAD4	Q15561	HI-union
B1	SAT1	P21673	TSC22D4	Q9Y3Q8	HI-union
B1	SAXO4	Q7Z5V6	AKAP8L	Q9ULX6	HI-union
B1	SAXO4	Q7Z5V6	ATN1	P54259	HI-union
B1	SAXO4	Q7Z5V6	HOXA1	P49639	HI-union
B1	SAXO4	Q7Z5V6	OIP5	O43482	HI-union
B1	SAXO4	Q7Z5V6	PRDM14	Q9GZV8	HI-union
B1	SAXO4	Q7Z5V6	PRKAA2	P54646	HI-union
B1	SAXO4	Q7Z5V6	RBM11	P57052	HI-union
B1	SAXO4	Q7Z5V6	RFX6	Q8HWS3	HI-union
B1	SAXO5	Q8NA69	NEK6	Q9HC98	HI-union
B1	SBK3	P0C264	DMAP1	Q9NPF5	HI-union
B1	SBK3	P0C264	EXOSC2	Q13868	HI-union
B1	SBK3	P0C264	GATAD2B	Q8WXI9	HI-union
B1	SBK3	P0C264	NOTO	A8MTQ0	HI-union
B1	SBK3	P0C264	SMAD3	P84022	HI-union
B1	SCOC	Q9UIL1	TCF4	P15884	HI-union
B1	SENP7	Q9BQF6	SETDB2	Q96T68	RF2-PPI final80
B1	SERTAD1	Q9UHV2	CHAF1A	Q13111	HI-union
B1	SERTAD1	Q9UHV2	KAT14	Q9H8E8	HI-union
B1	SERTAD1	Q9UHV2	PBX4	Q9BYU1	HI-union
B1	SERTAD1	Q9UHV2	ZNF410	Q86VK4	HI-union
B1	SERTAD4	Q9NUC0	ZNF235	Q14590	RF2-PPI final80
B1	SMG9	Q9H0W8	PHF1	O43189	HI-union
B1	SMG9	Q9H0W8	REL	Q04864	HI-union
B1	SMG9	Q9H0W8	TCF4	P15884	HI-union
B1	SMG9	Q9H0W8	TRIM27	P14373	HI-union
B1	SMG9	Q9H0W8	ZNF655	Q8N720	HI-union + RF2-PPI final80
B1	SMURF1	Q9HCE7	UBE2D1	P51668	RF2-PPI final80
B1	SMURF1	Q9HCE7	UBE2D3	P61077	RF2-PPI final80
B1	SMYD5	Q6GMV2	ZNF417	Q8TAU3	HI-union
B1	SMYD5	Q6GMV2	ZNF587	Q96SQ5	HI-union
B1	SPANXN3	Q5MJ09	HAND2	P61296	HI-union
B1	SPANXN3	Q5MJ09	MEOX2	P50222	HI-union
B1	SPANXN3	Q5MJ09	PBX4	Q9BYU1	HI-union
B1	SPANXN3	Q5MJ09	SP4	Q02446	HI-union
B1	SPANXN3	Q5MJ09	YAF2	Q8IY57	HI-union
B1	SPANXN3	Q5MJ09	ZNF143	P52747	HI-union
B1	SPANXN3	Q5MJ09	ZNF76	P36508	HI-union
B1	SPATA12	Q7Z6I5	CREB5	Q02930	HI-union
B1	SPATA12	Q7Z6I5	HOXA1	P49639	HI-union
B1	SPATA12	Q7Z6I5	POGZ	Q7Z3K3	HI-union
B1	SPATA12	Q7Z6I5	SMARCC1	Q92922	HI-union
B1	SPDYC	Q5MJ68	PAX6	P26367	HI-union
B1	SPDYE1	Q8NFV5	CDK5	Q00535	RF2-PPI final80
B1	SPDYE13	A0A494C0Z2	CDK1	P06493	RF2-PPI final80
B1	SPDYE3	A6NKU9	CDK1	P06493	RF2-PPI final80
B1	SPDYE4	A6NLX3	CDK1	P06493	RF2-PPI final80
B1	SPDYE4	A6NLX3	CDK3	Q00526	HI-union + RF2-PPI final80
B1	SPDYE4	A6NLX3	CDK5	Q00535	HI-union + RF2-PPI final80
B1	SPSB1	Q96BD6	PRMT6	Q96LA8	RF2-PPI final80
B1	SREK1IP1	Q8N9Q2	LYAR	Q9NX58	HI-union
B1	SREK1IP1	Q8N9Q2	THAP1	Q9NVV9	HI-union
B1	SRP72	O76094	CDC5L	Q99459	RF2-PPI final80
B1	SSX3	Q99909	MEOX2	P50222	HI-union
B1	SSX4;SSX4B	O60224	HIF1A	Q16665	HI-union
B1	STAMBPL1	Q96FJ0	IKZF3	Q9UKT9	HI-union
B1	STAMBPL1	Q96FJ0	REL	Q04864	HI-union
B1	STAMBPL1	Q96FJ0	TCF4	P15884	HI-union
B1	STAMBPL1	Q96FJ0	TRIM27	P14373	HI-union
B1	STAMBPL1	Q96FJ0	ZNF835	Q9Y2P0	HI-union
B1	STAU1	O95793	ACTR6	Q9GZN1	RF2-PPI final80
B1	STAU1	O95793	NKRF	O15226	HI-union
B1	STAU1	O95793	ZNF598	Q86UK7	RF2-PPI final80
B1	STRBP	Q96SI9	RBFOX1	Q9NWB1	HI-union
B1	STRBP	Q96SI9	THAP1	Q9NVV9	HI-union
B1	STRBP	Q96SI9	ZMAT4	Q9H898	HI-union
B1	STRBP	Q96SI9	ZNF346	Q9UL40	HI-union
B1	SUPT20HL1	Q3ZLR7	TAF5L	O75529	RF2-PPI final80
B1	SUPT20HL2	P0C7V6	TAF5L	O75529	RF2-PPI final80
B1	TAB1	Q15750	MAP3K7	O43318	RF2-PPI final80
B1	TAB1	Q15750	SETDB1	Q15047	RF2-PPI final80
B1	TACC3	Q9Y6A5	RNF20	Q5VTR2	HI-union
B1	TAF11L11	A0A1W2PQ09	TAF1	P21675	RF2-PPI final80
B1	TAF11L11	A0A1W2PQ09	TAF12	Q16514	RF2-PPI final80
B1	TAF11L11	A0A1W2PQ09	TAF1L	Q8IZX4	RF2-PPI final80
B1	TAF11L11	A0A1W2PQ09	TAF4	O00268	RF2-PPI final80
B1	TAF11L11	A0A1W2PQ09	TBPL2	Q6SJ96	RF2-PPI final80
B1	TAF11L12	A0A1W2PPW3	TAF1	P21675	RF2-PPI final80
B1	TAF11L12	A0A1W2PPW3	TAF1L	Q8IZX4	RF2-PPI final80
B1	TAF11L12	A0A1W2PPW3	TBPL2	Q6SJ96	RF2-PPI final80
B1	TAF11L13	A0A1W2PPH5	TAF1	P21675	RF2-PPI final80
B1	TAF11L13	A0A1W2PPH5	TAF1L	Q8IZX4	RF2-PPI final80
B1	TAF11L13	A0A1W2PPH5	TBPL2	Q6SJ96	RF2-PPI final80
B1	TAF11L14	A0A1W2PPL8	TAF1	P21675	RF2-PPI final80
B1	TAF11L14	A0A1W2PPL8	TAF12	Q16514	RF2-PPI final80
B1	TAF11L14	A0A1W2PPL8	TAF1L	Q8IZX4	RF2-PPI final80
B1	TAF11L2	A6NLC8	TAF1	P21675	RF2-PPI final80
B1	TAF11L2	A6NLC8	TAF12	Q16514	RF2-PPI final80
B1	TAF11L2	A6NLC8	TAF1L	Q8IZX4	RF2-PPI final80
B1	TAF11L2	A6NLC8	TBPL2	Q6SJ96	RF2-PPI final80
B1	TAF11L3	A0A1W2PRV1	TAF1	P21675	RF2-PPI final80
B1	TAF11L3	A0A1W2PRV1	TAF10	Q12962	RF2-PPI final80
B1	TAF11L3	A0A1W2PRV1	TAF12	Q16514	RF2-PPI final80
B1	TAF11L3	A0A1W2PRV1	TAF1L	Q8IZX4	RF2-PPI final80
B1	TAF11L4	A0A1W2PPE2	TAF1	P21675	RF2-PPI final80
B1	TAF11L4	A0A1W2PPE2	TAF10	Q12962	RF2-PPI final80
B1	TAF11L4	A0A1W2PPE2	TAF12	Q16514	RF2-PPI final80
B1	TAF11L4	A0A1W2PPE2	TAF1L	Q8IZX4	RF2-PPI final80
B1	TAF11L4	A0A1W2PPE2	TBPL2	Q6SJ96	RF2-PPI final80
B1	TAF11L5	A0A1W2PP81	TAF1	P21675	RF2-PPI final80
B1	TAF11L5	A0A1W2PP81	TAF1L	Q8IZX4	RF2-PPI final80
B1	TAF11L9	A0A1W2PR64	TAF1	P21675	RF2-PPI final80
B1	TAF11L9	A0A1W2PR64	TAF1L	Q8IZX4	RF2-PPI final80
B1	TCAP	O15273	CBX5	P45973	HI-union
B1	TCAP	O15273	IKZF3	Q9UKT9	HI-union
B1	TCAP	O15273	LHX4	Q969G2	HI-union
B1	TCEANC	Q8N8B7	CREB3L3	Q68CJ9	HI-union
B1	TCEANC	Q8N8B7	CSRNP1	Q96S65	HI-union
B1	TCEANC	Q8N8B7	DMAP1	Q9NPF5	HI-union
B1	TCEANC	Q8N8B7	HES7	Q9BYE0	HI-union
B1	TCEANC	Q8N8B7	HMBOX1	Q6NT76	HI-union
B1	TCEANC	Q8N8B7	HOMEZ	Q8IX15	HI-union
B1	TCEANC	Q8N8B7	IKZF2	Q9UKS7	HI-union
B1	TCEANC	Q8N8B7	IKZF3	Q9UKT9	HI-union
B1	TCEANC	Q8N8B7	L3MBTL3	Q96JM7	HI-union
B1	TCEANC	Q8N8B7	LHX2	P50458	HI-union
B1	TCEANC	Q8N8B7	LHX3	Q9UBR4	HI-union
B1	TCEANC	Q8N8B7	MEOX1	P50221	HI-union
B1	TCEANC	Q8N8B7	MEOX2	P50222	HI-union
B1	TCEANC	Q8N8B7	MYF5	P13349	HI-union
B1	TCEANC	Q8N8B7	THAP1	Q9NVV9	HI-union
B1	TCEANC	Q8N8B7	TRIM27	P14373	HI-union
B1	TCEANC	Q8N8B7	ZBTB14	O43829	HI-union
B1	TCEANC	Q8N8B7	ZBTB39	O15060	HI-union
B1	TCEANC	Q8N8B7	ZBTB9	Q96C00	HI-union
B1	TCEANC	Q8N8B7	ZKSCAN7	Q9P0L1	HI-union
B1	TCEANC	Q8N8B7	ZNF276	Q8N554	HI-union
B1	TCEANC	Q8N8B7	ZNF655	Q8N720	HI-union
B1	TCEANC	Q8N8B7	ZNF670	Q9BS34	HI-union
B1	TCEANC	Q8N8B7	ZNF688	P0C7X2	HI-union
B1	TCEANC	Q8N8B7	ZNF837	Q96EG3	HI-union
B1	TENT5A	Q96IP4	ARID5A	Q03989	HI-union
B1	TENT5A	Q96IP4	BHLHE40	O14503	HI-union
B1	TENT5A	Q96IP4	DMRTB1	Q96MA1	HI-union
B1	TENT5A	Q96IP4	GLIS2	Q9BZE0	HI-union
B1	TENT5A	Q96IP4	RHOXF2	Q9BQY4	HI-union
B1	TENT5D	Q8NEK8	ARID5A	Q03989	HI-union
B1	TENT5D	Q8NEK8	HEY1	Q9Y5J3	HI-union
B1	TENT5D	Q8NEK8	MSX2	P35548	HI-union
B1	TENT5D	Q8NEK8	RHOXF2	Q9BQY4	HI-union
B1	TEX12	Q9BXU0	MSGN1	A6NI15	HI-union
B1	TEX12	Q9BXU0	OIP5	O43482	HI-union
B1	TEX12	Q9BXU0	SGF29	Q96ES7	HI-union
B1	TEX12	Q9BXU0	SMARCE1	Q969G3	HI-union
B1	TEX12	Q9BXU0	ZNF835	Q9Y2P0	HI-union
B1	TEX19	Q8NA77	ZNF490	Q9ULM2	HI-union
B1	TEX19	Q8NA77	ZNF648	Q5T619	HI-union
B1	TEX35	Q5T0J7	SET	Q01105	HI-union
B1	THADA	Q6YHU6	POU6F2	P78424	HI-union
B1	THTPA	Q9BU02	TLX3	O43711	HI-union
B1	TIFA	Q96CG3	PRKAA2	P54646	HI-union
B1	TMCO6	Q96DC7	ERCC6	Q03468	RF2-PPI final80
B1	TMCO6	Q96DC7	ZNF511	Q8NB15	HI-union + RF2-PPI final80
B1	TNRC6A	Q8NDV7	PHIP	Q8WWQ0	RF2-PPI final80
B1	TOB2	Q14106	BHLHE40	O14503	HI-union
B1	TOP3A	Q13472	PPARGC1A	Q9UBK2	RF2-PPI final80
B1	TOP3A	Q13472	RMI1	Q9H9A7	RF2-PPI final80
B1	TOP3B	O95985	ZNF250	P15622	HI-union
B1	TRIB1	Q96RU8	CEBPA	P49715	RF2-PPI final80
B1	TRIB1	Q96RU8	FOSL2	P15408	RF2-PPI final80
B1	TRIB1	Q96RU8	PPM1G	O15355	RF2-PPI final80
B1	TRIM37	O94972	KAT5	Q92993	HI-union
B1	TRIM37	O94972	MCRS1	Q96EZ8	HI-union
B1	TRIM37	O94972	PBK	Q96KB5	HI-union
B1	TRIM37	O94972	RXRB	P28702	HI-union
B1	TRIM37	O94972	ZBTB24	O43167	HI-union
B1	TRIM37	O94972	ZNF329	Q86UD4	HI-union
B1	TRIM37	O94972	ZNF417	Q8TAU3	HI-union
B1	TRIM37	O94972	ZNF587	Q96SQ5	HI-union
B1	TRIM37	O94972	ZNF655	Q8N720	HI-union
B1	TRIM37	O94972	ZNF746	Q6NUN9	RF2-PPI final80
B1	TRIM44	Q96DX7	PBX3	P40426	HI-union
B1	TRIR	Q9BQ61	IRX2	Q9BZI1	RF2-PPI final80
B1	TRMT10B	Q6PF06	OTX2	P32243	HI-union
B1	TRMT11	Q7Z4G4	LHX4	Q969G2	HI-union
B1	TSACC	Q96A04	FOXP2	O15409	HI-union
B1	TSC22D2	O75157	MAFA	Q8NHW3	RF2-PPI final80
B1	TSC22D2	O75157	MAFG	O15525	RF2-PPI final80
B1	TSC22D2	O75157	TSC22D3	Q99576	RF2-PPI final80
B1	TSC22D2	O75157	TSC22D4	Q9Y3Q8	RF2-PPI final80
B1	TSPYL4	Q9UJ04	NAP1L2	Q9ULW6	RF2-PPI final80
B1	TSPYL4	Q9UJ04	ZNF655	Q8N720	HI-union
B1	TSR2	Q969E8	CREB5	Q02930	HI-union
B1	TSR2	Q969E8	EXOSC3	Q9NQT5	HI-union
B1	TSR2	Q969E8	GSC2	O15499	HI-union
B1	TSR2	Q969E8	MEOX2	P50222	HI-union
B1	TSR2	Q969E8	PIAS2	O75928	HI-union
B1	TSR2	Q969E8	PRKAB2	O43741	HI-union
B1	TSR2	Q969E8	ZBTB9	Q96C00	HI-union
B1	TSR2	Q969E8	ZNF474	Q6S9Z5	HI-union
B1	TSR2	Q969E8	ZNF620	Q6ZNG0	HI-union
B1	TTC12	Q9H892	PHF13	Q86YI8	RF2-PPI final80
B1	TTC33	Q6PID6	ZNF230	Q9UIE0	RF2-PPI final80
B1	TTC9C	Q8N5M4	CDYL	Q9Y232	HI-union
B1	TTC9C	Q8N5M4	MEOX2	P50222	HI-union
B1	TTC9C	Q8N5M4	PPM1G	O15355	RF2-PPI final80
B1	TTC9C	Q8N5M4	SKP1	P63208	HI-union + RF2-PPI final80
B1	TTC9C	Q8N5M4	TADA2A	O75478	HI-union
B1	UBA3	Q8TBC4	ELP5	Q8TE02	RF2-PPI final80
B1	UBE2C	O00762	CBX2	Q14781	RF2-PPI final80
B1	UBE2C	O00762	CDK1	P06493	RF2-PPI final80
B1	UBE2E2	Q96LR5	DZIP3	Q86Y13	HI-union
B1	UBE2E2	Q96LR5	RNF2	Q99496	HI-union
B1	UBE2F	Q969M7	PAX6	P26367	HI-union
B1	UBE2R2	Q712K3	GSC2	O15499	HI-union
B1	UBE2R2	Q712K3	MEOX1	P50221	HI-union
B1	UBE2R2	Q712K3	RBX1	P62877	RF2-PPI final80
B1	UBE2S	Q16763	UBE2D1	P51668	RF2-PPI final80
B1	UBE2S	Q16763	UBE2E1	P51965	RF2-PPI final80
B1	UBE2V2	Q15819	UBE2N	P61088	RF2-PPI final80
B1	UBE3D	Q7Z6J8	ZNF689	Q96CS4	RF2-PPI final80
B1	UBL4B	Q8N7F7	MEOX2	P50222	HI-union
B1	UBN2	Q6ZU65	HIRA	P54198	RF2-PPI final80
B1	UPF2	Q9HAU5	PUF60	Q9UHX1	HI-union
B1	USP18	Q9UMW8	STAT2	P52630	RF2-PPI final80
B1	USP20	Q9Y2K6	ARID5A	Q03989	HI-union
B1	USP20	Q9Y2K6	ASCL1	P50553	HI-union
B1	USP20	Q9Y2K6	BRPF1	P55201	HI-union
B1	USP20	Q9Y2K6	EPAS1	Q99814	HI-union
B1	USP20	Q9Y2K6	FTO	Q9C0B1	HI-union
B1	USP20	Q9Y2K6	HAND2	P61296	HI-union
B1	USP20	Q9Y2K6	MEOX2	P50222	HI-union
B1	USP20	Q9Y2K6	PBX4	Q9BYU1	HI-union
B1	USP20	Q9Y2K6	VAX1	Q5SQQ9	HI-union
B1	USP20	Q9Y2K6	ZBTB10	Q96DT7	HI-union
B1	USP20	Q9Y2K6	ZNF343	Q6P1L6	HI-union
B1	USP20	Q9Y2K6	ZNF408	Q9H9D4	HI-union
B1	USP20	Q9Y2K6	ZNF620	Q6ZNG0	HI-union
B1	USP20	Q9Y2K6	ZXDB	P98169	HI-union + RF2-PPI final80
B1	USP47	Q96K76	PPARD	Q03181	RF2-PPI final80
B1	USP51	Q70EK9	ATXN7	O15265	RF2-PPI final80
B1	USP51	Q70EK9	ATXN7L3	Q14CW9	RF2-PPI final80
B1	USP51	Q70EK9	ENY2	Q9NPA8	RF2-PPI final80
B1	UVSSA	Q2YD98	CDC73	Q6P1J9	RF2-PPI final80
B1	VCF2	Q5XKR9	HIVEP1	P15822	HI-union
B1	VCX	Q9H320	RAD54L2	Q9Y4B4	HI-union
B1	VCX	Q9H320	ZNF668	Q96K58	HI-union
B1	VCX	Q9H320	ZSCAN12	O43309	HI-union
B1	VCX2	Q9H322	GSC2	O15499	HI-union
B1	VCX2	Q9H322	MEOX2	P50222	HI-union
B1	VCX2	Q9H322	PAX6	P26367	HI-union
B1	VCX2	Q9H322	THAP1	Q9NVV9	HI-union
B1	VCX2	Q9H322	ZNF526	Q8TF50	HI-union
B1	VMA22	Q96NT0	MIS18A	Q9NYP9	HI-union
B1	VPS16	Q9H269	ZNF417	Q8TAU3	HI-union
B1	WDR25	Q64LD2	AKAP8L	Q9ULX6	HI-union
B1	WDR25	Q64LD2	FOXI1	Q12951	HI-union
B1	WDR25	Q64LD2	PRDM14	Q9GZV8	HI-union
B1	WDR25	Q64LD2	ZNF34	Q8IZ26	HI-union
B1	WDR70	Q9NW82	CDC5L	Q99459	RF2-PPI final80
B1	WDR76	Q9H967	HELLS	Q9NRZ9	RF2-PPI final80
B1	YOD1	Q5VVQ6	TBX22	Q9Y458	HI-union
B1	YOD1	Q5VVQ6	ZFP57	Q9NU63	HI-union
B1	ZCCHC10	Q8TBK6	DACH1	Q9UI36	HI-union
B1	ZCCHC10	Q8TBK6	DZIP3	Q86Y13	HI-union
B1	ZCCHC10	Q8TBK6	MCRS1	Q96EZ8	HI-union
B1	ZCCHC10	Q8TBK6	MEOX1	P50221	HI-union
B1	ZCCHC10	Q8TBK6	SFMBT1	Q9UHJ3	HI-union
B1	ZCCHC10	Q8TBK6	TFCP2	Q12800	HI-union
B1	ZCCHC10	Q8TBK6	THAP1	Q9NVV9	HI-union
B1	ZCCHC10	Q8TBK6	ZBTB14	O43829	HI-union
B1	ZCCHC10	Q8TBK6	ZBTB8A	Q96BR9	HI-union
B1	ZCCHC12	Q6PEW1	MCRS1	Q96EZ8	HI-union
B1	ZCCHC12	Q6PEW1	RNF40	O75150	HI-union
B1	ZCCHC12	Q6PEW1	TADA2A	O75478	HI-union
B1	ZCCHC12	Q6PEW1	TFCP2	Q12800	HI-union
B1	ZCCHC13	Q8WW36	ZNF250	P15622	HI-union
B1	ZCCHC13	Q8WW36	ZNF648	Q5T619	HI-union
B1	ZCCHC14	Q8WYQ9	MYOG	P15173	HI-union
B1	ZCCHC14	Q8WYQ9	PRMT9	Q6P2P2	RF2-PPI final80
B1	ZCWPW2	Q504Y3	PBX2	P40425	HI-union
B1	ZDBF2	Q9HCK1	TAF12	Q16514	RF2-PPI final80
B1	ZFTRAF1	P0DTL6	HOXA1	P49639	HI-union
B1	ZFYVE19	Q96K21	DPY30	Q9C005	HI-union
B1	ZMYM4	Q5VZL5	CHAMP1	Q96JM3	RF2-PPI final80
B1	ZMYM4	Q5VZL5	CTCF	P49711	HI-union
B1	ZMYM4	Q5VZL5	POGZ	Q7Z3K3	RF2-PPI final80
B1	ZMYND12	Q9H0C1	BMAL1	O00327	HI-union
B1	ZMYND12	Q9H0C1	DMRT3	Q9NQL9	HI-union
B1	ZMYND12	Q9H0C1	EVX2	Q03828	HI-union
B1	ZMYND12	Q9H0C1	HDAC4	P56524	HI-union
B1	ZMYND12	Q9H0C1	HOXB5	P09067	HI-union
B1	ZMYND12	Q9H0C1	HOXC9	P31274	HI-union
B1	ZMYND12	Q9H0C1	HR	O43593	HI-union
B1	ZMYND12	Q9H0C1	HSF4	Q9ULV5	HI-union
B1	ZMYND12	Q9H0C1	MSGN1	A6NI15	HI-union
B1	ZMYND12	Q9H0C1	ONECUT3	O60422	HI-union
B1	ZMYND12	Q9H0C1	POU6F2	P78424	HI-union
B1	ZMYND12	Q9H0C1	PRKAA2	P54646	HI-union
B1	ZMYND12	Q9H0C1	SAMD11	Q96NU1	HI-union
B1	ZMYND12	Q9H0C1	SMARCD1	Q96GM5	HI-union
B1	ZMYND12	Q9H0C1	SOHLH1	Q5JUK2	HI-union
B1	ZMYND12	Q9H0C1	TFAP2D	Q7Z6R9	HI-union
B1	ZMYND12	Q9H0C1	VEZF1	Q14119	HI-union
B1	ZMYND12	Q9H0C1	ZNF148	Q9UQR1	HI-union
B1	ZMYND12	Q9H0C1	ZNF414	Q96IQ9	HI-union
B1	ZMYND12	Q9H0C1	ZNF670	Q9BS34	RF2-PPI final80
B1	ZNHIT2	Q9UHR6	RUVBL1	Q9Y265	HI-union
B1	ZNHIT6	Q9NWK9	RUVBL2	Q9Y230	RF2-PPI final80
B1	ZNRD2	O60232	PIAS2	O75928	HI-union
B1	ZNRD2	O60232	SNAPC5	O75971	HI-union
B1	ZYG11A	Q6WRX3	ZNF484	Q5JVG2	RF2-PPI final80
B1	ZYG11B	Q9C0D3	BRCA1	P38398	RF2-PPI final80
B2	ARAF	P10398	YWHAB	P31946	RF2-PPI final80
B2	ARAF	P10398	YWHAZ	P63104	RF2-PPI final80
B2	ARMC10	Q8N2F6	SMARCD1	Q96GM5	HI-union
B2	AXIN2	Q9Y2T1	BARD1	Q99728	HI-union
B2	AXIN2	Q9Y2T1	HOXB5	P09067	HI-union
B2	AXIN2	Q9Y2T1	MCRS1	Q96EZ8	HI-union
B2	AXIN2	Q9Y2T1	ZNF124	Q15973	HI-union
B2	AXIN2	Q9Y2T1	ZNF417	Q8TAU3	HI-union
B2	AXIN2	Q9Y2T1	ZNF587	Q96SQ5	HI-union
B2	AXIN2	Q9Y2T1	ZNF648	Q5T619	HI-union
B2	AXL	P30530	BAZ1B	Q9UIG0	RF2-PPI final80
B2	BMP10	O95393	CREB3L1	Q96BA8	HI-union
B2	BMP5	P22003	MEOX2	P50222	HI-union
B2	BMP7	P18075	TRIM27	P14373	HI-union
B2	BMPR1A	P36894	TRIM33	Q9UPN9	RF2-PPI final80
B2	CALM1	P0DP23	CAMTA2	O94983	HI-union
B2	CALM1	P0DP23	GSC2	O15499	HI-union
B2	CALM1	P0DP23	ZNF280A	P59817	HI-union
B2	CALM2	P0DP24	CAMTA2	O94983	HI-union
B2	CALM2	P0DP24	GSC2	O15499	HI-union
B2	CALM2	P0DP24	ZNF280A	P59817	HI-union
B2	CALM3	P0DP25	CAMTA2	O94983	HI-union
B2	CALM3	P0DP25	GSC2	O15499	HI-union
B2	CALM3	P0DP25	MYO1C	O00159	RF2-PPI final80
B2	CALM3	P0DP25	ZNF280A	P59817	HI-union
B2	CAMK2A	Q9UQM7	ARID5A	Q03989	HI-union
B2	CAMK2A	Q9UQM7	CPEB1	Q9BZB8	RF2-PPI final80
B2	CAMK2A	Q9UQM7	RHOXF2	Q9BQY4	HI-union
B2	CAMK2A	Q9UQM7	SOX5	P35711	HI-union
B2	CAMK2A	Q9UQM7	TFAP2D	Q7Z6R9	HI-union
B2	CAMK2A	Q9UQM7	ZBTB32	Q9Y2Y4	HI-union
B2	CAMK2D	Q13557	BANP	Q8N9N5	HI-union
B2	CARD9	Q9H257	CBX8	Q9HC52	HI-union
B2	CARD9	Q9H257	DAXX	Q9UER7	HI-union
B2	CARD9	Q9H257	EIF4A3	P38919	HI-union
B2	CARD9	Q9H257	FOXD4L1	Q9NU39	HI-union
B2	CARD9	Q9H257	HMBOX1	Q6NT76	HI-union
B2	CARD9	Q9H257	HOXB5	P09067	HI-union
B2	CARD9	Q9H257	IKZF3	Q9UKT9	HI-union
B2	CARD9	Q9H257	INO80B	Q9C086	HI-union
B2	CARD9	Q9H257	L3MBTL2	Q969R5	HI-union
B2	CARD9	Q9H257	MCRS1	Q96EZ8	HI-union
B2	CARD9	Q9H257	MEOX2	P50222	HI-union
B2	CARD9	Q9H257	PBX2	P40425	HI-union
B2	CARD9	Q9H257	PHC2	Q8IXK0	HI-union
B2	CARD9	Q9H257	RBAK	Q9NYW8	HI-union
B2	CARD9	Q9H257	USP15	Q9Y4E8	HI-union
B2	CARD9	Q9H257	ZBTB16	Q05516	HI-union
B2	CARD9	Q9H257	ZGPAT	Q8N5A5	HI-union
B2	CARD9	Q9H257	ZNF121	P58317	HI-union
B2	CARD9	Q9H257	ZNF19	P17023	HI-union
B2	CARD9	Q9H257	ZNF20	P17024	HI-union
B2	CARD9	Q9H257	ZNF224	Q9NZL3	HI-union
B2	CARD9	Q9H257	ZNF250	P15622	HI-union
B2	CARD9	Q9H257	ZNF417	Q8TAU3	HI-union
B2	CARD9	Q9H257	ZNF426	Q9BUY5	HI-union
B2	CARD9	Q9H257	ZNF572	Q7Z3I7	HI-union
B2	CARD9	Q9H257	ZNF587	Q96SQ5	HI-union
B2	CARD9	Q9H257	ZNF620	Q6ZNG0	HI-union
B2	CARD9	Q9H257	ZNF655	Q8N720	HI-union
B2	CARD9	Q9H257	ZNF688	P0C7X2	HI-union
B2	CARD9	Q9H257	ZNF774	Q6NX45	HI-union
B2	CARD9	Q9H257	ZNF829	Q3KNS6	HI-union
B2	CARD9	Q9H257	ZZZ3	Q8IYH5	HI-union
B2	CBL	P22681	UBE2D1	P51668	RF2-PPI final80
B2	CBL	P22681	UBE2D3	P61077	RF2-PPI final80
B2	CBL	P22681	UBE2N	P61088	RF2-PPI final80
B2	CBLB	Q13191	PRMT2	P55345	HI-union
B2	CBLB	Q13191	UBE2D3	P61077	RF2-PPI final80
B2	CDC42	P60953	HDAC7	Q8WUI4	HI-union
B2	CDC42	P60953	PAK2	Q13177	HI-union + RF2-PPI final80
B2	CRK	P46108	BUB1	O43683	HI-union
B2	CRK	P46108	ELK3	P41970	HI-union
B2	CRK	P46108	PLSCR1	O15162	HI-union
B2	CSDE1	O75534	SAP18	O00422	RF2-PPI final80
B2	CSK	P41240	ATAD2	Q6PL18	RF2-PPI final80
B2	DAB1	O75553	ARID5A	Q03989	HI-union
B2	DAB1	O75553	BHLHE40	O14503	HI-union
B2	DAB1	O75553	HMBOX1	Q6NT76	HI-union
B2	DAB1	O75553	MBNL1	Q9NR56	HI-union
B2	DAB1	O75553	MBNL3	Q9NUK0	HI-union
B2	DAB1	O75553	PIN1	Q13526	HI-union
B2	DAB1	O75553	POGZ	Q7Z3K3	HI-union
B2	DAB1	O75553	RHOXF2	Q9BQY4	HI-union
B2	DAB1	O75553	VENTX	O95231	HI-union
B2	DAB1	O75553	ZBTB32	Q9Y2Y4	HI-union
B2	DAB1	O75553	ZNF488	Q96MN9	HI-union
B2	DAB2IP	Q5VWQ8	FOXO1	Q12778	RF2-PPI final80
B2	DDR2	Q16832	FOXK1	P85037	RF2-PPI final80
B2	DVL1	O14640	SMYD1	Q8NB12	HI-union
B2	DVL3	Q92997	BAHD1	Q8TBE0	HI-union
B2	DVL3	Q92997	BHLHE40	O14503	HI-union
B2	DVL3	Q92997	CBX8	Q9HC52	HI-union
B2	DVL3	Q92997	CDYL2	Q8N8U2	HI-union
B2	DVL3	Q92997	CSNK2A1	P68400	HI-union
B2	DVL3	Q92997	HOXA5	P20719	HI-union
B2	DVL3	Q92997	HOXC5	Q00444	HI-union
B2	DVL3	Q92997	HOXC8	P31273	HI-union
B2	DVL3	Q92997	INO80B	Q9C086	HI-union
B2	DVL3	Q92997	KAT7	O95251	HI-union
B2	DVL3	Q92997	KLF1	Q13351	HI-union
B2	DVL3	Q92997	KLF15	Q9UIH9	HI-union
B2	DVL3	Q92997	KLF3	P57682	HI-union
B2	DVL3	Q92997	KLF4	O43474	HI-union
B2	DVL3	Q92997	NFYA	P23511	HI-union
B2	DVL3	Q92997	PATZ1	Q9HBE1	HI-union
B2	DVL3	Q92997	PHF19	Q5T6S3	HI-union
B2	DVL3	Q92997	PITX1	P78337	HI-union
B2	DVL3	Q92997	PLAGL2	Q9UPG8	HI-union
B2	DVL3	Q92997	PRKAA2	P54646	HI-union
B2	DVL3	Q92997	PRPF31	Q8WWY3	HI-union
B2	DVL3	Q92997	RBM15B	Q8NDT2	HI-union
B2	DVL3	Q92997	RRP8	O43159	HI-union
B2	DVL3	Q92997	SAP30L	Q9HAJ7	HI-union
B2	DVL3	Q92997	SUV39H1	O43463	HI-union
B2	DVL3	Q92997	TBPL1	P62380	HI-union
B2	DVL3	Q92997	THAP7	Q9BT49	HI-union
B2	DVL3	Q92997	TNP1	P09430	HI-union
B2	DVL3	Q92997	VAX1	Q5SQQ9	HI-union
B2	DVL3	Q92997	XPA	P23025	HI-union
B2	DVL3	Q92997	YTHDC1	Q96MU7	HI-union
B2	DVL3	Q92997	ZBTB24	O43167	HI-union
B2	DVL3	Q92997	ZBTB26	Q9HCK0	HI-union
B2	DVL3	Q92997	ZBTB47	Q9UFB7	HI-union
B2	DVL3	Q92997	ZBTB48	P10074	HI-union
B2	DVL3	Q92997	ZBTB8A	Q96BR9	HI-union
B2	DVL3	Q92997	ZFP57	Q9NU63	HI-union
B2	DVL3	Q92997	ZNF165	P49910	HI-union
B2	DVL3	Q92997	ZNF2	Q9BSG1	HI-union
B2	DVL3	Q92997	ZNF264	O43296	HI-union
B2	DVL3	Q92997	ZNF319	Q9P2F9	HI-union
B2	DVL3	Q92997	ZNF408	Q9H9D4	HI-union
B2	DVL3	Q92997	ZNF417	Q8TAU3	HI-union
B2	DVL3	Q92997	ZNF441	Q8N8Z8	HI-union
B2	DVL3	Q92997	ZNF444	Q8N0Y2	HI-union
B2	DVL3	Q92997	ZNF497	Q6ZNH5	HI-union
B2	DVL3	Q92997	ZNF552	Q9H707	HI-union
B2	DVL3	Q92997	ZNF581	Q9P0T4	HI-union
B2	DVL3	Q92997	ZNF648	Q5T619	HI-union
B2	DVL3	Q92997	ZNF696	Q9H7X3	HI-union
B2	DVL3	Q92997	ZNF699	Q32M78	HI-union
B2	DVL3	Q92997	ZNF71	Q9NQZ8	HI-union
B2	DVL3	Q92997	ZNF764	Q96H86	HI-union
B2	DVL3	Q92997	ZNF774	Q6NX45	HI-union
B2	DVL3	Q92997	ZNF775	Q96BV0	HI-union
B2	DVL3	Q92997	ZNF792	Q3KQV3	HI-union
B2	DVL3	Q92997	ZNF821	O75541	HI-union
B2	DVL3	Q92997	ZNF837	Q96EG3	HI-union
B2	DVL3	Q92997	ZSCAN21	Q9Y5A6	HI-union
B2	DVL3	Q92997	ZSCAN22	P10073	HI-union
B2	DVL3	Q92997	ZSCAN25	Q6NSZ9	HI-union
B2	EPHB2	P29323	KDM4A	O75164	RF2-PPI final80
B2	EREG	O14944	ERBB4	Q15303	RF2-PPI final80
B2	F2RL1	P55085	ELF3	P78545	RF2-PPI final80
B2	FBXO2	Q9UK22	PAX4	O43316	HI-union
B2	FBXO2	Q9UK22	SKP1	P63208	HI-union + RF2-PPI final80
B2	FLNA	P21333	ASXL1	Q8IXJ9	RF2-PPI final80
B2	FLNA	P21333	REL	Q04864	HI-union
B2	FLNA	P21333	TCF4	P15884	HI-union
B2	FLNA	P21333	TP73	O15350	RF2-PPI final80
B2	FLT3	P36888	BAZ1B	Q9UIG0	RF2-PPI final80
B2	FNIP1	Q8TF40	PRKAA1	Q13131	RF2-PPI final80
B2	FNIP1	Q8TF40	PRKAG1	P54619	RF2-PPI final80
B2	FNIP1	Q8TF40	PRKAG2	Q9UGJ0	RF2-PPI final80
B2	FRS2	Q8WU20	CDK3	Q00526	HI-union
B2	FRS2	Q8WU20	PIN1	Q13526	HI-union
B2	GDF15	Q99988	CBX3	Q13185	HI-union
B2	GDF15	Q99988	HOXA1	P49639	HI-union
B2	HCK	P08631	TOX2	Q96NM4	HI-union
B2	HCK	P08631	TRIM27	P14373	HI-union
B2	HCK	P08631	ZSCAN4	Q8NAM6	HI-union
B2	HGF	P14210	MEOX2	P50222	HI-union
B2	IGF1	P05019	BANP	Q8N9N5	HI-union
B2	IL10	P22301	YY1	P25490	HI-union
B2	IL6ST	P40189	KCNIP3	Q9Y2W7	HI-union
B2	INS	P01308	TCF4	P15884	HI-union
B2	IRS2	Q9Y4H2	DNMT3B	Q9UBC3	RF2-PPI final80
B2	IRS2	Q9Y4H2	PHIP	Q8WWQ0	RF2-PPI final80
B2	ITGAM	P11215	CREB3L1	Q96BA8	HI-union
B2	ITGAV	P06756	FOXM1	Q08050	RF2-PPI final80
B2	JAK1	P23458	STAT5A	P42229	RF2-PPI final80
B2	KRAS	P01116	YWHAE	P62258	RF2-PPI final80
B2	LCK	P06239	GATA3	P23771	HI-union
B2	LCK	P06239	RORB	Q92753	HI-union
B2	LCMT1	Q9UIC8	ALKBH1	Q13686	RF2-PPI final80
B2	LCMT1	Q9UIC8	PPP2CA	P67775	RF2-PPI final80
B2	LCMT1	Q9UIC8	PPP4C	P60510	RF2-PPI final80
B2	LCMT1	Q9UIC8	PPP4R2	Q9NY27	RF2-PPI final80
B2	LRP5	O75197	OTX2	P32243	RF2-PPI final80
B2	MAP2K5	Q13163	ZNF426	Q9BUY5	HI-union
B2	MAP2K5	Q13163	ZNF620	Q6ZNG0	HI-union
B2	MAP3K4	Q9Y6R4	GADD45G	O95257	RF2-PPI final80
B2	MAVS	Q7Z434	KCNIP3	Q9Y2W7	HI-union
B2	MDK	P21741	PBX3	P40426	HI-union
B2	NEDD4L	Q96PU5	UBE2D1	P51668	RF2-PPI final80
B2	NEDD4L	Q96PU5	UBE2D3	P61077	RF2-PPI final80
B2	NEDD4L	Q96PU5	UBE2E1	P51965	RF2-PPI final80
B2	NEDD4L	Q96PU5	UBE2N	P61088	RF2-PPI final80
B2	NTRK1	P04629	CLNS1A	P54105	RF2-PPI final80
B2	OTUB1	Q96FW1	TP53	P04637	RF2-PPI final80
B2	OTUB1	Q96FW1	UBE2A	P49459	RF2-PPI final80
B2	OTUB1	Q96FW1	UBE2D1	P51668	HI-union + RF2-PPI final80
B2	OTUB1	Q96FW1	UBE2D3	P61077	HI-union + RF2-PPI final80
B2	OTUB1	Q96FW1	UBE2E1	P51965	RF2-PPI final80
B2	OTUB1	Q96FW1	UBE2N	P61088	RF2-PPI final80
B2	PCM1	Q15154	ING5	Q8WYH8	HI-union
B2	PCM1	Q15154	MCRS1	Q96EZ8	HI-union
B2	PIK3C3	Q8NEB9	EEA1	Q15075	RF2-PPI final80
B2	PIK3R1	P27986	KHDRBS1	Q07666	RF2-PPI final80
B2	PPP2R1B	P30154	PPP2CA	P67775	RF2-PPI final80
B2	PPP3R1	P63098	KLF2	Q9Y5W3	RF2-PPI final80
B2	PPP3R1	P63098	NFATC1	O95644	RF2-PPI final80
B2	PRKG1	Q13976	MEOX2	P50222	HI-union
B2	PRKG1	Q13976	RBAK	Q9NYW8	HI-union
B2	PRKG1	Q13976	ZNF646	O15015	HI-union
B2	PRL	P01236	MEOX2	P50222	HI-union
B2	PTGES3	Q15185	HNRNPU	Q00839	RF2-PPI final80
B2	RAC2	P15153	HDAC7	Q8WUI4	HI-union
B2	RAC2	P15153	PAK2	Q13177	RF2-PPI final80
B2	RAC2	P15153	PREB	Q9HCU5	RF2-PPI final80
B2	RASSF1	Q9NS23	STK4	Q13043	RF2-PPI final80
B2	RHEB	Q15382	CREB3	O43889	HI-union
B2	RNF41	Q9H4P4	MEOX2	P50222	HI-union
B2	ROCK1	Q13464	FOSL2	P15408	RF2-PPI final80
B2	ROCK1	Q13464	PPM1G	O15355	RF2-PPI final80
B2	SH3RF1	Q7Z6J0	ATN1	P54259	HI-union
B2	SH3RF1	Q7Z6J0	DMRTB1	Q96MA1	HI-union
B2	SH3RF1	Q7Z6J0	ONECUT3	O60422	HI-union
B2	SH3RF1	Q7Z6J0	PAK2	Q13177	RF2-PPI final80
B2	SH3RF1	Q7Z6J0	UBE2N	P61088	RF2-PPI final80
B2	SOS1	Q07889	ATRX	P46100	RF2-PPI final80
B2	SOS1	Q07889	BRD8	Q9H0E9	RF2-PPI final80
B2	SOS1	Q07889	FOXO1	Q12778	RF2-PPI final80
B2	SPRY2	O43597	CREB5	Q02930	HI-union
B2	SPRY2	O43597	HOXA1	P49639	HI-union
B2	SPRY2	O43597	MEOX2	P50222	HI-union
B2	SPRY2	O43597	MLLT6	P55198	HI-union
B2	SPRY2	O43597	OTX1	P32242	HI-union
B2	SPRY2	O43597	PLSCR1	O15162	HI-union
B2	SPRY2	O43597	PRKAB2	O43741	HI-union
B2	SPRY2	O43597	ZNF417	Q8TAU3	HI-union
B2	SPRY2	O43597	ZNF587	Q96SQ5	HI-union
B2	SSBP1	Q04837	GCM2	O75603	HI-union
B2	SSBP1	Q04837	RSRC1	Q96IZ7	RF2-PPI final80
B2	SYK	P43405	STAT3	P40763	HI-union
B2	TAB2	Q9NYJ8	FOSL1	P15407	HI-union
B2	TAB2	Q9NYJ8	MAP3K7	O43318	RF2-PPI final80
B2	TAB2	Q9NYJ8	ZFP64	Q9NTW7	HI-union
B2	TAB2	Q9NYJ8	ZNF143	P52747	HI-union
B2	TAB3	Q8N5C8	MAP3K7	O43318	RF2-PPI final80
B2	TAB3	Q8N5C8	PIN1	Q13526	HI-union
B2	TEK	Q02763	BAZ1B	Q9UIG0	RF2-PPI final80
B2	TGFB1	P01137	HOXA1	P49639	HI-union
B2	TGFB1	P01137	MEOX2	P50222	HI-union
B2	TGFB1	P01137	POU4F2	Q12837	HI-union
B2	TGFBR2	P37173	ATF3	P18847	RF2-PPI final80
B2	TGFBR2	P37173	JDP2	Q8WYK2	RF2-PPI final80
B2	TIAM1	Q13009	ERBB4	Q15303	RF2-PPI final80
B2	TLR4	O00206	MYF5	P13349	RF2-PPI final80
B2	TNF	P01375	CREB3L1	Q96BA8	HI-union
B2	TRAF2	Q12933	AFF4	Q9UHB7	HI-union
B2	TRAF2	Q12933	BAHD1	Q8TBE0	HI-union
B2	TRAF2	Q12933	BANP	Q8N9N5	HI-union
B2	TRAF2	Q12933	BAZ2B	Q9UIF8	HI-union
B2	TRAF2	Q12933	BCL6	P41182	HI-union
B2	TRAF2	Q12933	CBX8	Q9HC52	HI-union
B2	TRAF2	Q12933	CREB5	Q02930	HI-union
B2	TRAF2	Q12933	CTCF	P49711	HI-union
B2	TRAF2	Q12933	EBF2	Q9HAK2	HI-union
B2	TRAF2	Q12933	EP400	Q96L91	HI-union
B2	TRAF2	Q12933	ETV6	P41212	HI-union
B2	TRAF2	Q12933	FLYWCH1	Q4VC44	HI-union
B2	TRAF2	Q12933	FOXN1	O15353	HI-union
B2	TRAF2	Q12933	GABPB1	Q06547	HI-union
B2	TRAF2	Q12933	GSE1	Q14687	HI-union
B2	TRAF2	Q12933	HINFP	Q9BQA5	HI-union
B2	TRAF2	Q12933	HOXA1	P49639	HI-union
B2	TRAF2	Q12933	HOXB5	P09067	HI-union
B2	TRAF2	Q12933	INO80B	Q9C086	HI-union
B2	TRAF2	Q12933	IRF4	Q15306	HI-union
B2	TRAF2	Q12933	KANSL1	Q7Z3B3	HI-union
B2	TRAF2	Q12933	KLF3	P57682	HI-union
B2	TRAF2	Q12933	METTL13	Q8N6R0	HI-union
B2	TRAF2	Q12933	MORF4L1	Q9UBU8	HI-union
B2	TRAF2	Q12933	NEK6	Q9HC98	HI-union
B2	TRAF2	Q12933	NFIL3	Q16649	HI-union
B2	TRAF2	Q12933	NRF1	Q16656	HI-union
B2	TRAF2	Q12933	PATZ1	Q9HBE1	HI-union
B2	TRAF2	Q12933	PCGF2	P35227	HI-union
B2	TRAF2	Q12933	PCGF5	Q86SE9	HI-union + RF2-PPI final80
B2	TRAF2	Q12933	PIAS2	O75928	HI-union
B2	TRAF2	Q12933	PIN1	Q13526	HI-union
B2	TRAF2	Q12933	PKN1	Q16512	HI-union
B2	TRAF2	Q12933	PRKAB2	O43741	HI-union
B2	TRAF2	Q12933	RAD54L2	Q9Y4B4	HI-union
B2	TRAF2	Q12933	RCOR3	Q9P2K3	HI-union
B2	TRAF2	Q12933	RFX3	P48380	HI-union
B2	TRAF2	Q12933	SAMD11	Q96NU1	HI-union
B2	TRAF2	Q12933	SETD5	Q9C0A6	HI-union
B2	TRAF2	Q12933	SNAI1	O95863	HI-union
B2	TRAF2	Q12933	SOX13	Q9UN79	HI-union
B2	TRAF2	Q12933	SOX3	P41225	HI-union
B2	TRAF2	Q12933	SOX30	O94993	HI-union
B2	TRAF2	Q12933	SOX5	P35711	HI-union
B2	TRAF2	Q12933	THAP7	Q9BT49	HI-union
B2	TRAF2	Q12933	TIGD4	Q8IY51	HI-union
B2	TRAF2	Q12933	TSHZ2	Q9NRE2	HI-union
B2	TRAF2	Q12933	TSHZ3	Q63HK5	HI-union
B2	TRAF2	Q12933	USF1	P22415	HI-union
B2	TRAF2	Q12933	VEZF1	Q14119	HI-union
B2	TRAF2	Q12933	ZBTB16	Q05516	HI-union
B2	TRAF2	Q12933	ZBTB24	O43167	HI-union
B2	TRAF2	Q12933	ZBTB25	P24278	HI-union
B2	TRAF2	Q12933	ZBTB43	O43298	HI-union
B2	TRAF2	Q12933	ZBTB49	Q6ZSB9	HI-union
B2	TRAF2	Q12933	ZKSCAN3	Q9BRR0	HI-union
B2	TRAF2	Q12933	ZMAT1	Q5H9K5	HI-union
B2	TRAF2	Q12933	ZNF205	O95201	HI-union
B2	TRAF2	Q12933	ZNF250	P15622	HI-union
B2	TRAF2	Q12933	ZNF35	P13682	HI-union
B2	TRAF2	Q12933	ZNF410	Q86VK4	HI-union
B2	TRAF2	Q12933	ZNF417	Q8TAU3	HI-union
B2	TRAF2	Q12933	ZNF438	Q7Z4V0	HI-union
B2	TRAF2	Q12933	ZNF488	Q96MN9	HI-union
B2	TRAF2	Q12933	ZNF544	Q6NX49	HI-union
B2	TRAF2	Q12933	ZNF572	Q7Z3I7	HI-union
B2	TRAF2	Q12933	ZNF574	Q6ZN55	HI-union
B2	TRAF2	Q12933	ZNF646	O15015	HI-union
B2	TRAF2	Q12933	ZNF648	Q5T619	HI-union
B2	TRAF2	Q12933	ZNF655	Q8N720	HI-union
B2	TRAF2	Q12933	ZNF662	Q6ZS27	HI-union
B2	TRAF2	Q12933	ZNF688	P0C7X2	HI-union
B2	TRAF2	Q12933	ZNF774	Q6NX45	HI-union
B2	TRAF2	Q12933	ZSCAN23	Q3MJ62	HI-union
B2	TRAF2	Q12933	ZSCAN32	Q9NX65	HI-union
B2	TRAF2	Q12933	ZZZ3	Q8IYH5	HI-union
B2	TYK2	P29597	AKAP8L	Q9ULX6	HI-union
B2	TYK2	P29597	PRDM5	Q9NQX1	HI-union
B2	WNT4	P56705	FOXO3	O43524	RF2-PPI final80
B2	YWHAH	Q04917	CDK17	Q00537	RF2-PPI final80
B2	YWHAH	Q04917	CHEK1	O14757	RF2-PPI final80
B2	YWHAH	Q04917	YWHAB	P31946	RF2-PPI final80
B2	YWHAH	Q04917	YWHAE	P62258	RF2-PPI final80
B2	YWHAH	Q04917	YWHAZ	P63104	RF2-PPI final80
B3	ABTB2	Q8N961-2	SKP1	P63208	PLM-interact > 0.99 + PPLM-PPI > 0.9（无长度截断）
B3	ABTB2	Q8N961-2	TP53	P04637	PLM-interact > 0.99 + PPLM-PPI > 0.9（无长度截断）
B3	ABTB2	Q8N961-2	UBE2A	P49459	PLM-interact > 0.99 + PPLM-PPI > 0.9（无长度截断）
B3	ABTB2	Q8N961-2	UBE2D1	P51668	PLM-interact > 0.99 + PPLM-PPI > 0.9（无长度截断）
B3	ABTB2	Q8N961-2	UBE2N	P61088	PLM-interact > 0.99 + PPLM-PPI > 0.9（无长度截断）
B3	ADD1	P35611-2	TP53	P04637	PLM-interact > 0.99 + PPLM-PPI > 0.9（无长度截断）
B3	ADD1	P35611-6	TP53	P04637	PLM-interact > 0.99 + PPLM-PPI > 0.9（无长度截断）
B3	ADD2	P35612-5	TP53	P04637	PLM-interact > 0.99 + PPLM-PPI > 0.9（无长度截断）
B3	ADD2	P35612-6	TP53	P04637	PLM-interact > 0.99 + PPLM-PPI > 0.9（无长度截断）
B3	AFG2A	Q8NB90-2	TP53	P04637	PLM-interact > 0.99 + PPLM-PPI > 0.9（无长度截断）
B3	AFG2A	Q8NB90-3	TP53	P04637	PLM-interact > 0.99 + PPLM-PPI > 0.9（无长度截断）
B3	ANKLE2	Q86XL3-3	TP53	P04637	PLM-interact > 0.99 + PPLM-PPI > 0.9（无长度截断）
B3	ANKRD44	Q8N8A2-4	PPP2CA	P67775	PLM-interact > 0.99 + PPLM-PPI > 0.9（无长度截断）
B3	ANKRD44	Q8N8A2-4	TP53	P04637	PLM-interact > 0.99 + PPLM-PPI > 0.9（无长度截断）
B3	ARHGEF28	Q8N1W1-2	TP53	P04637	PLM-interact > 0.99 + PPLM-PPI > 0.9（无长度截断）
B3	ARPP21	Q9UBL0-5	TP53	P04637	PLM-interact > 0.99 + PPLM-PPI > 0.9（无长度截断）
B3	ASB9	Q96DX5-2	RELA	Q04206	PLM-interact > 0.99 + PPLM-PPI > 0.9（无长度截断）
B3	ASB9	Q96DX5-2	TP53	P04637	PLM-interact > 0.99 + PPLM-PPI > 0.9（无长度截断）
B3	ASB9	Q96DX5-3	TP53	P04637	PLM-interact > 0.99 + PPLM-PPI > 0.9（无长度截断）
B3	ATG16L1	Q676U5-5	RBX1	P62877	PLM-interact > 0.99 + PPLM-PPI > 0.9（无长度截断）
B3	ATG16L1	Q676U5-5	TP53	P04637	PLM-interact > 0.99 + PPLM-PPI > 0.9（无长度截断）
B3	ATG4A	Q8WYN0-2	TP53	P04637	PLM-interact > 0.99 + PPLM-PPI > 0.9（无长度截断）
B3	ATG5	Q9H1Y0-2	TP53	P04637	PLM-interact > 0.99 + PPLM-PPI > 0.9（无长度截断）
B3	BBS4	Q96RK4-2	PPP2CA	P67775	PLM-interact > 0.99 + PPLM-PPI > 0.9（无长度截断）
B3	BCL2L11	O43521-14	TP53	P04637	PLM-interact > 0.99 + PPLM-PPI > 0.9（无长度截断）
B3	BCL2L11	O43521-19	STAT3	P40763	PLM-interact > 0.99 + PPLM-PPI > 0.9（无长度截断）
B3	BCL2L11	O43521-19	TP53	P04637	PLM-interact > 0.99 + PPLM-PPI > 0.9（无长度截断）
B3	BCL2L11	O43521-4	SMAD3	P84022	PLM-interact > 0.99 + PPLM-PPI > 0.9（无长度截断）
B3	BCL2L11	O43521-4	STAT3	P40763	PLM-interact > 0.99 + PPLM-PPI > 0.9（无长度截断）
B3	BCL2L11	O43521-4	TP53	P04637	PLM-interact > 0.99 + PPLM-PPI > 0.9（无长度截断）
B3	BCL2L11	O43521-5	STAT3	P40763	PLM-interact > 0.99 + PPLM-PPI > 0.9（无长度截断）
B3	BCL2L11	O43521-5	TP53	P04637	PLM-interact > 0.99 + PPLM-PPI > 0.9（无长度截断）
B3	BCL2L11	O43521-8	SMAD3	P84022	PLM-interact > 0.99 + PPLM-PPI > 0.9（无长度截断）
B3	BCL2L11	O43521-8	STAT3	P40763	PLM-interact > 0.99 + PPLM-PPI > 0.9（无长度截断）
B3	BCL2L11	O43521-8	TP53	P04637	PLM-interact > 0.99 + PPLM-PPI > 0.9（无长度截断）
B3	BZW1	Q7L1Q6-2	EIF4A3	P38919	PLM-interact > 0.99 + PPLM-PPI > 0.9（无长度截断）
B3	BZW1	Q7L1Q6-2	RUVBL1	Q9Y265	PLM-interact > 0.99 + PPLM-PPI > 0.9（无长度截断）
B3	BZW2	Q9Y6E2-2	EIF4A3	P38919	PLM-interact > 0.99 + PPLM-PPI > 0.9（无长度截断）
B3	C19orf25	Q9UFG5-2	TP53	P04637	PLM-interact > 0.99 + PPLM-PPI > 0.9（无长度截断）
B3	CAPRIN2	Q6IMN6-4	TP53	P04637	PLM-interact > 0.99 + PPLM-PPI > 0.9（无长度截断）
B3	CASP2	P42575-2	TP53	P04637	PLM-interact > 0.99 + PPLM-PPI > 0.9（无长度截断）
B3	CASP9	P55211-3	TP53	P04637	PLM-interact > 0.99 + PPLM-PPI > 0.9（无长度截断）
B3	CCDC116	Q8IYX3-3	TP53	P04637	PLM-interact > 0.99 + PPLM-PPI > 0.9（无长度截断）
B3	CCDC32	Q9BV29-3	TP53	P04637	PLM-interact > 0.99 + PPLM-PPI > 0.9（无长度截断）
B3	CCNY	Q8ND76-3	CDK1	P06493	PLM-interact > 0.99 + PPLM-PPI > 0.9（无长度截断）
B3	CCNY	Q8ND76-3	CDK5	Q00535	PLM-interact > 0.99 + PPLM-PPI > 0.9（无长度截断）
B3	CCNY	Q8ND76-3	TP53	P04637	PLM-interact > 0.99 + PPLM-PPI > 0.9（无长度截断）
B3	CDC16	Q13042-3	CUL1	Q13616	PLM-interact > 0.99 + PPLM-PPI > 0.9（无长度截断）
B3	CDC16	Q13042-3	PPP2CA	P67775	PLM-interact > 0.99 + PPLM-PPI > 0.9（无长度截断）
B3	CDC16	Q13042-3	RBX1	P62877	PLM-interact > 0.99 + PPLM-PPI > 0.9（无长度截断）
B3	CDC16	Q13042-3	SKP1	P63208	PLM-interact > 0.99 + PPLM-PPI > 0.9（无长度截断）
B3	CDC16	Q13042-3	TP53	P04637	PLM-interact > 0.99 + PPLM-PPI > 0.9（无长度截断）
B3	CDC16	Q13042-3	UBE2A	P49459	PLM-interact > 0.99 + PPLM-PPI > 0.9（无长度截断）
B3	CDC16	Q13042-3	UBE2B	P63146	PLM-interact > 0.99 + PPLM-PPI > 0.9（无长度截断）
B3	CFLAR	O15519-14	STAT3	P40763	PLM-interact > 0.99 + PPLM-PPI > 0.9（无长度截断）
B3	CFLAR	O15519-14	TP53	P04637	PLM-interact > 0.99 + PPLM-PPI > 0.9（无长度截断）
B3	CFLAR	O15519-3	RELA	Q04206	PLM-interact > 0.99 + PPLM-PPI > 0.9（无长度截断）
B3	CFLAR	O15519-3	STAT3	P40763	PLM-interact > 0.99 + PPLM-PPI > 0.9（无长度截断）
B3	CFLAR	O15519-3	TP53	P04637	PLM-interact > 0.99 + PPLM-PPI > 0.9（无长度截断）
B3	CFLAR	O15519-5	STAT3	P40763	PLM-interact > 0.99 + PPLM-PPI > 0.9（无长度截断）
B3	CFLAR	O15519-5	TP53	P04637	PLM-interact > 0.99 + PPLM-PPI > 0.9（无长度截断）
B3	CFLAR	O15519-7	RELA	Q04206	PLM-interact > 0.99 + PPLM-PPI > 0.9（无长度截断）
B3	CFLAR	O15519-7	STAT3	P40763	PLM-interact > 0.99 + PPLM-PPI > 0.9（无长度截断）
B3	CFLAR	O15519-7	TP53	P04637	PLM-interact > 0.99 + PPLM-PPI > 0.9（无长度截断）
B3	CSNK1G1	Q9HCP0-2	CDK1	P06493	PLM-interact > 0.99 + PPLM-PPI > 0.9（无长度截断）
B3	CSNK1G1	Q9HCP0-2	SKP1	P63208	PLM-interact > 0.99 + PPLM-PPI > 0.9（无长度截断）
B3	CSNK1G1	Q9HCP0-2	TP53	P04637	PLM-interact > 0.99 + PPLM-PPI > 0.9（无长度截断）
B3	DAPK2	Q9UIK4-2	DAPK3	O43293	PLM-interact > 0.99 + PPLM-PPI > 0.9（无长度截断）
B3	DDX4	Q9NQI0-3	DDX21	Q9NR30	PLM-interact > 0.99 + PPLM-PPI > 0.9（无长度截断）
B3	DDX4	Q9NQI0-3	DDX5	P17844	PLM-interact > 0.99 + PPLM-PPI > 0.9（无长度截断）
B3	DDX4	Q9NQI0-3	DDX50	Q9BQ39	PLM-interact > 0.99 + PPLM-PPI > 0.9（无长度截断）
B3	DDX4	Q9NQI0-3	EIF4A3	P38919	PLM-interact > 0.99 + PPLM-PPI > 0.9（无长度截断）
B3	DDX4	Q9NQI0-3	SSRP1	Q08945	PLM-interact > 0.99 + PPLM-PPI > 0.9（无长度截断）
B3	DDX4	Q9NQI0-3	TP53	P04637	PLM-interact > 0.99 + PPLM-PPI > 0.9（无长度截断）
B3	DISC1	Q9NRI5-3	TP53	P04637	PLM-interact > 0.99 + PPLM-PPI > 0.9（无长度截断）
B3	DISC1	Q9NRI5-6	TP53	P04637	PLM-interact > 0.99 + PPLM-PPI > 0.9（无长度截断）
B3	DISC1	Q9NRI5-7	TP53	P04637	PLM-interact > 0.99 + PPLM-PPI > 0.9（无长度截断）
B3	DISC1	Q9NRI5-8	TP53	P04637	PLM-interact > 0.99 + PPLM-PPI > 0.9（无长度截断）
B3	DISC1	Q9NRI5-9	TP53	P04637	PLM-interact > 0.99 + PPLM-PPI > 0.9（无长度截断）
B3	DNAJB2	P25686-2	HSPA1A	P0DMV8	PLM-interact > 0.99 + PPLM-PPI > 0.9（无长度截断）
B3	DNAJB2	P25686-2	HSPA1B	P0DMV9	PLM-interact > 0.99 + PPLM-PPI > 0.9（无长度截断）
B3	DNAJB2	P25686-2	TP53	P04637	PLM-interact > 0.99 + PPLM-PPI > 0.9（无长度截断）
B3	EEF1D	P29692-2	CDK9	P50750	PLM-interact > 0.99 + PPLM-PPI > 0.9（无长度截断）
B3	EEF1D	P29692-2	RUVBL1	Q9Y265	PLM-interact > 0.99 + PPLM-PPI > 0.9（无长度截断）
B3	EEF1D	P29692-2	TP53	P04637	PLM-interact > 0.99 + PPLM-PPI > 0.9（无长度截断）
B3	EIF4G3	O43432-2	HDAC1	Q13547	PLM-interact > 0.99 + PPLM-PPI > 0.9（无长度截断）
B3	EIF4G3	O43432-2	HDAC2	Q92769	PLM-interact > 0.99 + PPLM-PPI > 0.9（无长度截断）
B3	EIF4G3	O43432-2	RELA	Q04206	PLM-interact > 0.99 + PPLM-PPI > 0.9（无长度截断）
B3	EIF4G3	O43432-2	TP53	P04637	PLM-interact > 0.99 + PPLM-PPI > 0.9（无长度截断）
B3	ENO1	P06733-2	PKM	P14618	PLM-interact > 0.99 + PPLM-PPI > 0.9（无长度截断）
B3	EPM2A	O95278-2	TP53	P04637	PLM-interact > 0.99 + PPLM-PPI > 0.9（无长度截断）
B3	FAM13C	Q8NE31-3	TP53	P04637	PLM-interact > 0.99 + PPLM-PPI > 0.9（无长度截断）
B3	FAM13C	Q8NE31-4	TP53	P04637	PLM-interact > 0.99 + PPLM-PPI > 0.9（无长度截断）
B3	FAM13C	Q8NE31-5	TP53	P04637	PLM-interact > 0.99 + PPLM-PPI > 0.9（无长度截断）
B3	FARP1	Q9Y4F1-3	TP53	P04637	PLM-interact > 0.99 + PPLM-PPI > 0.9（无长度截断）
B3	FBXL22	Q6P050-2	CUL1	Q13616	PLM-interact > 0.99 + PPLM-PPI > 0.9（无长度截断）
B3	FBXL22	Q6P050-2	CUL2	Q13617	PLM-interact > 0.99 + PPLM-PPI > 0.9（无长度截断）
B3	FBXL22	Q6P050-2	CUL3	Q13618	PLM-interact > 0.99 + PPLM-PPI > 0.9（无长度截断）
B3	FBXL22	Q6P050-2	CUL5	Q93034	PLM-interact > 0.99 + PPLM-PPI > 0.9（无长度截断）
B3	FBXL22	Q6P050-2	RBX1	P62877	PLM-interact > 0.99 + PPLM-PPI > 0.9（无长度截断）
B3	FBXL22	Q6P050-2	SKP1	P63208	PLM-interact > 0.99 + PPLM-PPI > 0.9（无长度截断）
B3	FBXL7	Q9UJT9-2	CUL1	Q13616	PLM-interact > 0.99 + PPLM-PPI > 0.9（无长度截断）
B3	FBXL7	Q9UJT9-2	CUL2	Q13617	PLM-interact > 0.99 + PPLM-PPI > 0.9（无长度截断）
B3	FBXL7	Q9UJT9-2	CUL3	Q13618	PLM-interact > 0.99 + PPLM-PPI > 0.9（无长度截断）
B3	FBXL7	Q9UJT9-2	CUL4A	Q13619	PLM-interact > 0.99 + PPLM-PPI > 0.9（无长度截断）
B3	FBXL7	Q9UJT9-2	CUL4B	Q13620	PLM-interact > 0.99 + PPLM-PPI > 0.9（无长度截断）
B3	FBXL7	Q9UJT9-2	CUL5	Q93034	PLM-interact > 0.99 + PPLM-PPI > 0.9（无长度截断）
B3	FBXL7	Q9UJT9-2	RBX1	P62877	PLM-interact > 0.99 + PPLM-PPI > 0.9（无长度截断）
B3	FBXL7	Q9UJT9-2	SKP1	P63208	PLM-interact > 0.99 + PPLM-PPI > 0.9（无长度截断）
B3	FNDC3B	Q53EP0-2	SMAD2	Q15796	PLM-interact > 0.99 + PPLM-PPI > 0.9（无长度截断）
B3	FNDC3B	Q53EP0-2	SMAD3	P84022	PLM-interact > 0.99 + PPLM-PPI > 0.9（无长度截断）
B3	FNDC3B	Q53EP0-2	TP53	P04637	PLM-interact > 0.99 + PPLM-PPI > 0.9（无长度截断）
B3	FZR1	Q9UM11-2	AURKA	O14965	PLM-interact > 0.99 + PPLM-PPI > 0.9（无长度截断）
B3	FZR1	Q9UM11-2	AURKB	Q96GD4	PLM-interact > 0.99 + PPLM-PPI > 0.9（无长度截断）
B3	FZR1	Q9UM11-2	BAP1	Q92560	PLM-interact > 0.99 + PPLM-PPI > 0.9（无长度截断）
B3	FZR1	Q9UM11-2	BARD1	Q99728	PLM-interact > 0.99 + PPLM-PPI > 0.9（无长度截断）
B3	FZR1	Q9UM11-2	CBX4	O00257	PLM-interact > 0.99 + PPLM-PPI > 0.9（无长度截断）
B3	FZR1	Q9UM11-2	CDK1	P06493	PLM-interact > 0.99 + PPLM-PPI > 0.9（无长度截断）
B3	FZR1	Q9UM11-2	CDK17	Q00537	PLM-interact > 0.99 + PPLM-PPI > 0.9（无长度截断）
B3	FZR1	Q9UM11-2	CDK2	P24941	PLM-interact > 0.99 + PPLM-PPI > 0.9（无长度截断）
B3	FZR1	Q9UM11-2	CDK5	Q00535	PLM-interact > 0.99 + PPLM-PPI > 0.9（无长度截断）
B3	FZR1	Q9UM11-2	CDK7	P50613	PLM-interact > 0.99 + PPLM-PPI > 0.9（无长度截断）
B3	FZR1	Q9UM11-2	CDK9	P50750	PLM-interact > 0.99 + PPLM-PPI > 0.9（无长度截断）
B3	FZR1	Q9UM11-2	CUL1	Q13616	PLM-interact > 0.99 + PPLM-PPI > 0.9（无长度截断）
B3	FZR1	Q9UM11-2	CUL2	Q13617	PLM-interact > 0.99 + PPLM-PPI > 0.9（无长度截断）
B3	FZR1	Q9UM11-2	CUL4A	Q13619	PLM-interact > 0.99 + PPLM-PPI > 0.9（无长度截断）
B3	FZR1	Q9UM11-2	CUL4B	Q13620	PLM-interact > 0.99 + PPLM-PPI > 0.9（无长度截断）
B3	FZR1	Q9UM11-2	EED	O75530	PLM-interact > 0.99 + PPLM-PPI > 0.9（无长度截断）
B3	FZR1	Q9UM11-2	HDAC1	Q13547	PLM-interact > 0.99 + PPLM-PPI > 0.9（无长度截断）
B3	FZR1	Q9UM11-2	HSF2	Q03933	PLM-interact > 0.99 + PPLM-PPI > 0.9（无长度截断）
B3	FZR1	Q9UM11-2	KAT5	Q92993	PLM-interact > 0.99 + PPLM-PPI > 0.9（无长度截断）
B3	FZR1	Q9UM11-2	MYC	P01106	PLM-interact > 0.99 + PPLM-PPI > 0.9（无长度截断）
B3	FZR1	Q9UM11-2	PCNA	P12004	PLM-interact > 0.99 + PPLM-PPI > 0.9（无长度截断）
B3	FZR1	Q9UM11-2	PPP2CA	P67775	PLM-interact > 0.99 + PPLM-PPI > 0.9（无长度截断）
B3	FZR1	Q9UM11-2	RB1	P06400	PLM-interact > 0.99 + PPLM-PPI > 0.9（无长度截断）
B3	FZR1	Q9UM11-2	RBBP5	Q15291	PLM-interact > 0.99 + PPLM-PPI > 0.9（无长度截断）
B3	FZR1	Q9UM11-2	RBX1	P62877	PLM-interact > 0.99 + PPLM-PPI > 0.9（无长度截断）
B3	FZR1	Q9UM11-2	RELA	Q04206	PLM-interact > 0.99 + PPLM-PPI > 0.9（无长度截断）
B3	FZR1	Q9UM11-2	RUVBL1	Q9Y265	PLM-interact > 0.99 + PPLM-PPI > 0.9（无长度截断）
B3	FZR1	Q9UM11-2	SIRT2	Q8IXJ6	PLM-interact > 0.99 + PPLM-PPI > 0.9（无长度截断）
B3	FZR1	Q9UM11-2	SKP1	P63208	PLM-interact > 0.99 + PPLM-PPI > 0.9（无长度截断）
B3	FZR1	Q9UM11-2	TBP	P20226	PLM-interact > 0.99 + PPLM-PPI > 0.9（无长度截断）
B3	FZR1	Q9UM11-2	TBPL2	Q6SJ96	PLM-interact > 0.99 + PPLM-PPI > 0.9（无长度截断）
B3	FZR1	Q9UM11-2	TFDP1	Q14186	PLM-interact > 0.99 + PPLM-PPI > 0.9（无长度截断）
B3	FZR1	Q9UM11-2	TP53	P04637	PLM-interact > 0.99 + PPLM-PPI > 0.9（无长度截断）
B3	FZR1	Q9UM11-2	UBE2A	P49459	PLM-interact > 0.99 + PPLM-PPI > 0.9（无长度截断）
B3	FZR1	Q9UM11-2	UBE2B	P63146	PLM-interact > 0.99 + PPLM-PPI > 0.9（无长度截断）
B3	FZR1	Q9UM11-2	UBE2N	P61088	PLM-interact > 0.99 + PPLM-PPI > 0.9（无长度截断）
B3	FZR1	Q9UM11-2	UBE2T	Q9NPD8	PLM-interact > 0.99 + PPLM-PPI > 0.9（无长度截断）
B3	FZR1	Q9UM11-2	UCHL5	Q9Y5K5	PLM-interact > 0.99 + PPLM-PPI > 0.9（无长度截断）
B3	FZR1	Q9UM11-2	USP12	O75317	PLM-interact > 0.99 + PPLM-PPI > 0.9（无长度截断）
B3	FZR1	Q9UM11-2	USP46	P62068	PLM-interact > 0.99 + PPLM-PPI > 0.9（无长度截断）
B3	FZR1	Q9UM11-2	WDR5	P61964	PLM-interact > 0.99 + PPLM-PPI > 0.9（无长度截断）
B3	FZR1	Q9UM11-2	YEATS4	O95619	PLM-interact > 0.99 + PPLM-PPI > 0.9（无长度截断）
B3	FZR1	Q9UM11-3	CUL2	Q13617	PLM-interact > 0.99 + PPLM-PPI > 0.9（无长度截断）
B3	FZR1	Q9UM11-3	CUL3	Q13618	PLM-interact > 0.99 + PPLM-PPI > 0.9（无长度截断）
B3	FZR1	Q9UM11-3	CUL4A	Q13619	PLM-interact > 0.99 + PPLM-PPI > 0.9（无长度截断）
B3	FZR1	Q9UM11-3	CUL4B	Q13620	PLM-interact > 0.99 + PPLM-PPI > 0.9（无长度截断）
B3	FZR1	Q9UM11-3	KAT5	Q92993	PLM-interact > 0.99 + PPLM-PPI > 0.9（无长度截断）
B3	FZR1	Q9UM11-3	SKP1	P63208	PLM-interact > 0.99 + PPLM-PPI > 0.9（无长度截断）
B3	FZR1	Q9UM11-3	TP53	P04637	PLM-interact > 0.99 + PPLM-PPI > 0.9（无长度截断）
B3	GARNL3	Q5VVW2-4	TP53	P04637	PLM-interact > 0.99 + PPLM-PPI > 0.9（无长度截断）
B3	GGNBP2	Q9H3C7-2	TP53	P04637	PLM-interact > 0.99 + PPLM-PPI > 0.9（无长度截断）
B3	GOLGA8G	P0DX53-4	TP53	P04637	PLM-interact > 0.99 + PPLM-PPI > 0.9（无长度截断）
B3	GPALPP1	Q8IXQ4-2	EIF4A3	P38919	PLM-interact > 0.99 + PPLM-PPI > 0.9（无长度截断）
B3	GRSF1	Q12849-5	HNRNPM	P52272	PLM-interact > 0.99 + PPLM-PPI > 0.9（无长度截断）
B3	GRSF1	Q12849-5	RBM8A	Q9Y5S9	PLM-interact > 0.99 + PPLM-PPI > 0.9（无长度截断）
B3	HBS1L	Q9Y450-2	TP53	P04637	PLM-interact > 0.99 + PPLM-PPI > 0.9（无长度截断）
B3	HCK	P08631-2	MAP3K7	O43318	PLM-interact > 0.99 + PPLM-PPI > 0.9（无长度截断）
B3	HCK	P08631-2	RELA	Q04206	PLM-interact > 0.99 + PPLM-PPI > 0.9（无长度截断）
B3	HCK	P08631-2	STAT1	P42224	PLM-interact > 0.99 + PPLM-PPI > 0.9（无长度截断）
B3	HCK	P08631-2	STAT2	P52630	PLM-interact > 0.99 + PPLM-PPI > 0.9（无长度截断）
B3	HCK	P08631-2	STAT3	P40763	PLM-interact > 0.99 + PPLM-PPI > 0.9（无长度截断）
B3	HCK	P08631-2	STAT5A	P42229	PLM-interact > 0.99 + PPLM-PPI > 0.9（无长度截断）
B3	HCK	P08631-2	STAT5B	P51692	PLM-interact > 0.99 + PPLM-PPI > 0.9（无长度截断）
B3	HCK	P08631-2	STAT6	P42226	PLM-interact > 0.99 + PPLM-PPI > 0.9（无长度截断）
B3	HCK	P08631-2	TP53	P04637	PLM-interact > 0.99 + PPLM-PPI > 0.9（无长度截断）
B3	HRAS	P01112-2	RELA	Q04206	PLM-interact > 0.99 + PPLM-PPI > 0.9（无长度截断）
B3	HRAS	P01112-2	STAT3	P40763	PLM-interact > 0.99 + PPLM-PPI > 0.9（无长度截断）
B3	HRAS	P01112-2	YWHAE	P62258	PLM-interact > 0.99 + PPLM-PPI > 0.9（无长度截断）
B3	IFT43	Q96FT9-4	TP53	P04637	PLM-interact > 0.99 + PPLM-PPI > 0.9（无长度截断）
B3	IL15	P40933-2	STAT3	P40763	PLM-interact > 0.99 + PPLM-PPI > 0.9（无长度截断）
B3	KANK4	Q5T7N3-2	SKP1	P63208	PLM-interact > 0.99 + PPLM-PPI > 0.9（无长度截断）
B3	KANK4	Q5T7N3-2	TP53	P04637	PLM-interact > 0.99 + PPLM-PPI > 0.9（无长度截断）
B3	KIAA1328	Q86T90-4	TP53	P04637	PLM-interact > 0.99 + PPLM-PPI > 0.9（无长度截断）
B3	KLC4	Q9NSK0-4	TP53	P04637	PLM-interact > 0.99 + PPLM-PPI > 0.9（无长度截断）
B3	KLHL12	Q53G59-2	CUL1	Q13616	PLM-interact > 0.99 + PPLM-PPI > 0.9（无长度截断）
B3	KLHL12	Q53G59-2	CUL3	Q13618	PLM-interact > 0.99 + PPLM-PPI > 0.9（无长度截断）
B3	KLHL12	Q53G59-2	CUL5	Q93034	PLM-interact > 0.99 + PPLM-PPI > 0.9（无长度截断）
B3	KLHL12	Q53G59-2	RBX1	P62877	PLM-interact > 0.99 + PPLM-PPI > 0.9（无长度截断）
B3	KLHL12	Q53G59-2	SKP1	P63208	PLM-interact > 0.99 + PPLM-PPI > 0.9（无长度截断）
B3	KLHL12	Q53G59-2	UBE2D1	P51668	PLM-interact > 0.99 + PPLM-PPI > 0.9（无长度截断）
B3	KLHL12	Q53G59-2	UBE2D3	P61077	PLM-interact > 0.99 + PPLM-PPI > 0.9（无长度截断）
B3	KLHL12	Q53G59-2	UBE2E1	P51965	PLM-interact > 0.99 + PPLM-PPI > 0.9（无长度截断）
B3	KLHL12	Q53G59-2	UBE2N	P61088	PLM-interact > 0.99 + PPLM-PPI > 0.9（无长度截断）
B3	KLHL32	Q96NJ5-3	CUL1	Q13616	PLM-interact > 0.99 + PPLM-PPI > 0.9（无长度截断）
B3	KLHL32	Q96NJ5-3	CUL2	Q13617	PLM-interact > 0.99 + PPLM-PPI > 0.9（无长度截断）
B3	KLHL32	Q96NJ5-3	CUL3	Q13618	PLM-interact > 0.99 + PPLM-PPI > 0.9（无长度截断）
B3	KLHL32	Q96NJ5-3	CUL5	Q93034	PLM-interact > 0.99 + PPLM-PPI > 0.9（无长度截断）
B3	KLHL32	Q96NJ5-3	SKP1	P63208	PLM-interact > 0.99 + PPLM-PPI > 0.9（无长度截断）
B3	KLHL5	Q96PQ7-3	CUL1	Q13616	PLM-interact > 0.99 + PPLM-PPI > 0.9（无长度截断）
B3	KLHL5	Q96PQ7-3	CUL3	Q13618	PLM-interact > 0.99 + PPLM-PPI > 0.9（无长度截断）
B3	KLHL5	Q96PQ7-5	CUL1	Q13616	PLM-interact > 0.99 + PPLM-PPI > 0.9（无长度截断）
B3	KLHL5	Q96PQ7-5	CUL2	Q13617	PLM-interact > 0.99 + PPLM-PPI > 0.9（无长度截断）
B3	KLHL5	Q96PQ7-5	CUL3	Q13618	PLM-interact > 0.99 + PPLM-PPI > 0.9（无长度截断）
B3	KLHL5	Q96PQ7-5	CUL4A	Q13619	PLM-interact > 0.99 + PPLM-PPI > 0.9（无长度截断）
B3	KLHL5	Q96PQ7-5	CUL5	Q93034	PLM-interact > 0.99 + PPLM-PPI > 0.9（无长度截断）
B3	KLHL5	Q96PQ7-5	RBX1	P62877	PLM-interact > 0.99 + PPLM-PPI > 0.9（无长度截断）
B3	LIG3	P49916-2	TP53	P04637	PLM-interact > 0.99 + PPLM-PPI > 0.9（无长度截断）
B3	LIG3	P49916-3	HDAC1	Q13547	PLM-interact > 0.99 + PPLM-PPI > 0.9（无长度截断）
B3	LIG3	P49916-3	HDAC2	Q92769	PLM-interact > 0.99 + PPLM-PPI > 0.9（无长度截断）
B3	LIG3	P49916-3	PPP2CA	P67775	PLM-interact > 0.99 + PPLM-PPI > 0.9（无长度截断）
B3	LIG3	P49916-3	TP53	P04637	PLM-interact > 0.99 + PPLM-PPI > 0.9（无长度截断）
B3	LIG3	P49916-4	KAT5	Q92993	PLM-interact > 0.99 + PPLM-PPI > 0.9（无长度截断）
B3	LIG3	P49916-4	SSRP1	Q08945	PLM-interact > 0.99 + PPLM-PPI > 0.9（无长度截断）
B3	LIG3	P49916-4	TP53	P04637	PLM-interact > 0.99 + PPLM-PPI > 0.9（无长度截断）
B3	MAP3K19	Q56UN5-7	TP53	P04637	PLM-interact > 0.99 + PPLM-PPI > 0.9（无长度截断）
B3	MATK	P42679-2	STAT3	P40763	PLM-interact > 0.99 + PPLM-PPI > 0.9（无长度截断）
B3	MIB2	Q96AX9-8	RELA	Q04206	PLM-interact > 0.99 + PPLM-PPI > 0.9（无长度截断）
B3	MIB2	Q96AX9-8	SKP1	P63208	PLM-interact > 0.99 + PPLM-PPI > 0.9（无长度截断）
B3	MIB2	Q96AX9-8	TP53	P04637	PLM-interact > 0.99 + PPLM-PPI > 0.9（无长度截断）
B3	MSTO1	Q9BUK6-6	TP53	P04637	PLM-interact > 0.99 + PPLM-PPI > 0.9（无长度截断）
B3	MTPAP	Q9NVV4-2	TP53	P04637	PLM-interact > 0.99 + PPLM-PPI > 0.9（无长度截断）
B3	NBR1	Q14596-2	TP53	P04637	PLM-interact > 0.99 + PPLM-PPI > 0.9（无长度截断）
B3	NEDD4L	Q96PU5-4	RBX1	P62877	PLM-interact > 0.99 + PPLM-PPI > 0.9（无长度截断）
B3	NEDD4L	Q96PU5-4	RELA	Q04206	PLM-interact > 0.99 + PPLM-PPI > 0.9（无长度截断）
B3	NEDD4L	Q96PU5-4	SKP1	P63208	PLM-interact > 0.99 + PPLM-PPI > 0.9（无长度截断）
B3	NEDD4L	Q96PU5-4	SMAD2	Q15796	PLM-interact > 0.99 + PPLM-PPI > 0.9（无长度截断）
B3	NEDD4L	Q96PU5-4	SMAD3	P84022	PLM-interact > 0.99 + PPLM-PPI > 0.9（无长度截断）
B3	NEDD4L	Q96PU5-4	SMAD4	Q13485	PLM-interact > 0.99 + PPLM-PPI > 0.9（无长度截断）
B3	NEDD4L	Q96PU5-4	TP53	P04637	PLM-interact > 0.99 + PPLM-PPI > 0.9（无长度截断）
B3	NEDD4L	Q96PU5-4	UBE2D1	P51668	PLM-interact > 0.99 + PPLM-PPI > 0.9（无长度截断）
B3	NEDD4L	Q96PU5-4	UBE2D3	P61077	PLM-interact > 0.99 + PPLM-PPI > 0.9（无长度截断）
B3	NEDD4L	Q96PU5-4	UBE2E1	P51965	PLM-interact > 0.99 + PPLM-PPI > 0.9（无长度截断）
B3	NEDD4L	Q96PU5-4	UBE2N	P61088	PLM-interact > 0.99 + PPLM-PPI > 0.9（无长度截断）
B3	NEDD4L	Q96PU5-9	RELA	Q04206	PLM-interact > 0.99 + PPLM-PPI > 0.9（无长度截断）
B3	NEDD4L	Q96PU5-9	SKP1	P63208	PLM-interact > 0.99 + PPLM-PPI > 0.9（无长度截断）
B3	NEDD4L	Q96PU5-9	SMAD2	Q15796	PLM-interact > 0.99 + PPLM-PPI > 0.9（无长度截断）
B3	NEDD4L	Q96PU5-9	SMAD3	P84022	PLM-interact > 0.99 + PPLM-PPI > 0.9（无长度截断）
B3	NEDD4L	Q96PU5-9	SMAD4	Q13485	PLM-interact > 0.99 + PPLM-PPI > 0.9（无长度截断）
B3	NEDD4L	Q96PU5-9	TP53	P04637	PLM-interact > 0.99 + PPLM-PPI > 0.9（无长度截断）
B3	NEDD4L	Q96PU5-9	UBE2D1	P51668	PLM-interact > 0.99 + PPLM-PPI > 0.9（无长度截断）
B3	NEDD4L	Q96PU5-9	UBE2D3	P61077	PLM-interact > 0.99 + PPLM-PPI > 0.9（无长度截断）
B3	NEDD4L	Q96PU5-9	UBE2E1	P51965	PLM-interact > 0.99 + PPLM-PPI > 0.9（无长度截断）
B3	NEDD4L	Q96PU5-9	UBE2N	P61088	PLM-interact > 0.99 + PPLM-PPI > 0.9（无长度截断）
B3	NLRC5	Q86WI3-3	SKP1	P63208	PLM-interact > 0.99 + PPLM-PPI > 0.9（无长度截断）
B3	NLRC5	Q86WI3-3	TP53	P04637	PLM-interact > 0.99 + PPLM-PPI > 0.9（无长度截断）
B3	NSUN4	Q96CB9-4	NSUN2	Q08J23	PLM-interact > 0.99 + PPLM-PPI > 0.9（无长度截断）
B3	PAIP1	Q9H074-3	CDC5L	Q99459	PLM-interact > 0.99 + PPLM-PPI > 0.9（无长度截断）
B3	PAIP1	Q9H074-3	DDX17	Q92841	PLM-interact > 0.99 + PPLM-PPI > 0.9（无长度截断）
B3	PAIP1	Q9H074-3	DDX5	P17844	PLM-interact > 0.99 + PPLM-PPI > 0.9（无长度截断）
B3	PAIP1	Q9H074-3	EIF4A3	P38919	PLM-interact > 0.99 + PPLM-PPI > 0.9（无长度截断）
B3	PAIP1	Q9H074-3	HNRNPM	P52272	PLM-interact > 0.99 + PPLM-PPI > 0.9（无长度截断）
B3	PAIP1	Q9H074-3	SRSF1	Q07955	PLM-interact > 0.99 + PPLM-PPI > 0.9（无长度截断）
B3	PIK3R1	P27986-5	STAT1	P42224	PLM-interact > 0.99 + PPLM-PPI > 0.9（无长度截断）
B3	PIK3R1	P27986-5	STAT3	P40763	PLM-interact > 0.99 + PPLM-PPI > 0.9（无长度截断）
B3	PIK3R1	P27986-5	STAT5A	P42229	PLM-interact > 0.99 + PPLM-PPI > 0.9（无长度截断）
B3	PIK3R1	P27986-5	STAT5B	P51692	PLM-interact > 0.99 + PPLM-PPI > 0.9（无长度截断）
B3	PLSCR2	Q9NRY7-1	PLSCR1	O15162	PLM-interact > 0.99 + PPLM-PPI > 0.9（无长度截断）
B3	PPME1	Q9Y570-4	TP53	P04637	PLM-interact > 0.99 + PPLM-PPI > 0.9（无长度截断）
B3	PPP2R1B	P30154-2	AURKA	O14965	PLM-interact > 0.99 + PPLM-PPI > 0.9（无长度截断）
B3	PPP2R1B	P30154-2	AURKB	Q96GD4	PLM-interact > 0.99 + PPLM-PPI > 0.9（无长度截断）
B3	PPP2R1B	P30154-2	AURKC	Q9UQB9	PLM-interact > 0.99 + PPLM-PPI > 0.9（无长度截断）
B3	PPP2R1B	P30154-2	CDK1	P06493	PLM-interact > 0.99 + PPLM-PPI > 0.9（无长度截断）
B3	PPP2R1B	P30154-2	CDK17	Q00537	PLM-interact > 0.99 + PPLM-PPI > 0.9（无长度截断）
B3	PPP2R1B	P30154-2	CDK2	P24941	PLM-interact > 0.99 + PPLM-PPI > 0.9（无长度截断）
B3	PPP2R1B	P30154-2	CHEK1	O14757	PLM-interact > 0.99 + PPLM-PPI > 0.9（无长度截断）
B3	PPP2R1B	P30154-2	MAP3K7	O43318	PLM-interact > 0.99 + PPLM-PPI > 0.9（无长度截断）
B3	PPP2R1B	P30154-2	PPP2CA	P67775	PLM-interact > 0.99 + PPLM-PPI > 0.9（无长度截断）
B3	PPP2R1B	P30154-2	PPP4C	P60510	PLM-interact > 0.99 + PPLM-PPI > 0.9（无长度截断）
B3	PPP2R1B	P30154-2	RBBP4	Q09028	PLM-interact > 0.99 + PPLM-PPI > 0.9（无长度截断）
B3	PPP2R1B	P30154-2	RBX1	P62877	PLM-interact > 0.99 + PPLM-PPI > 0.9（无长度截断）
B3	PPP2R1B	P30154-2	RELA	Q04206	PLM-interact > 0.99 + PPLM-PPI > 0.9（无长度截断）
B3	PPP2R1B	P30154-2	SMAD2	Q15796	PLM-interact > 0.99 + PPLM-PPI > 0.9（无长度截断）
B3	PPP2R1B	P30154-2	SMAD3	P84022	PLM-interact > 0.99 + PPLM-PPI > 0.9（无长度截断）
B3	PPP2R1B	P30154-2	TBL1XR1	Q9BZK7	PLM-interact > 0.99 + PPLM-PPI > 0.9（无长度截断）
B3	PPP2R1B	P30154-2	TP53	P04637	PLM-interact > 0.99 + PPLM-PPI > 0.9（无长度截断）
B3	PPP2R1B	P30154-2	UCHL5	Q9Y5K5	PLM-interact > 0.99 + PPLM-PPI > 0.9（无长度截断）
B3	PPP2R1B	P30154-2	WDR5	P61964	PLM-interact > 0.99 + PPLM-PPI > 0.9（无长度截断）
B3	PPP2R1B	P30154-2	YWHAE	P62258	PLM-interact > 0.99 + PPLM-PPI > 0.9（无长度截断）
B3	PPP2R1B	P30154-4	ARRB1	P49407	PLM-interact > 0.99 + PPLM-PPI > 0.9（无长度截断）
B3	PPP2R1B	P30154-4	AURKA	O14965	PLM-interact > 0.99 + PPLM-PPI > 0.9（无长度截断）
B3	PPP2R1B	P30154-4	AURKB	Q96GD4	PLM-interact > 0.99 + PPLM-PPI > 0.9（无长度截断）
B3	PPP2R1B	P30154-4	AURKC	Q9UQB9	PLM-interact > 0.99 + PPLM-PPI > 0.9（无长度截断）
B3	PPP2R1B	P30154-4	CDK1	P06493	PLM-interact > 0.99 + PPLM-PPI > 0.9（无长度截断）
B3	PPP2R1B	P30154-4	CDK17	Q00537	PLM-interact > 0.99 + PPLM-PPI > 0.9（无长度截断）
B3	PPP2R1B	P30154-4	CDK2	P24941	PLM-interact > 0.99 + PPLM-PPI > 0.9（无长度截断）
B3	PPP2R1B	P30154-4	CDK5	Q00535	PLM-interact > 0.99 + PPLM-PPI > 0.9（无长度截断）
B3	PPP2R1B	P30154-4	CHEK1	O14757	PLM-interact > 0.99 + PPLM-PPI > 0.9（无长度截断）
B3	PPP2R1B	P30154-4	CUL1	Q13616	PLM-interact > 0.99 + PPLM-PPI > 0.9（无长度截断）
B3	PPP2R1B	P30154-4	CUL3	Q13618	PLM-interact > 0.99 + PPLM-PPI > 0.9（无长度截断）
B3	PPP2R1B	P30154-4	DDX5	P17844	PLM-interact > 0.99 + PPLM-PPI > 0.9（无长度截断）
B3	PPP2R1B	P30154-4	EIF4A3	P38919	PLM-interact > 0.99 + PPLM-PPI > 0.9（无长度截断）
B3	PPP2R1B	P30154-4	HSPA1A	P0DMV8	PLM-interact > 0.99 + PPLM-PPI > 0.9（无长度截断）
B3	PPP2R1B	P30154-4	HSPA1B	P0DMV9	PLM-interact > 0.99 + PPLM-PPI > 0.9（无长度截断）
B3	PPP2R1B	P30154-4	MAP3K7	O43318	PLM-interact > 0.99 + PPLM-PPI > 0.9（无长度截断）
B3	PPP2R1B	P30154-4	PPP2CA	P67775	PLM-interact > 0.99 + PPLM-PPI > 0.9（无长度截断）
B3	PPP2R1B	P30154-4	PPP4C	P60510	PLM-interact > 0.99 + PPLM-PPI > 0.9（无长度截断）
B3	PPP2R1B	P30154-4	PRKAA1	Q13131	PLM-interact > 0.99 + PPLM-PPI > 0.9（无长度截断）
B3	PPP2R1B	P30154-4	RBX1	P62877	PLM-interact > 0.99 + PPLM-PPI > 0.9（无长度截断）
B3	PPP2R1B	P30154-4	RELA	Q04206	PLM-interact > 0.99 + PPLM-PPI > 0.9（无长度截断）
B3	PPP2R1B	P30154-4	SKP1	P63208	PLM-interact > 0.99 + PPLM-PPI > 0.9（无长度截断）
B3	PPP2R1B	P30154-4	SMAD3	P84022	PLM-interact > 0.99 + PPLM-PPI > 0.9（无长度截断）
B3	PPP2R1B	P30154-4	TBL1XR1	Q9BZK7	PLM-interact > 0.99 + PPLM-PPI > 0.9（无长度截断）
B3	PPP2R1B	P30154-4	TP53	P04637	PLM-interact > 0.99 + PPLM-PPI > 0.9（无长度截断）
B3	PPP2R1B	P30154-4	UCHL5	Q9Y5K5	PLM-interact > 0.99 + PPLM-PPI > 0.9（无长度截断）
B3	PPP2R1B	P30154-4	WDR5	P61964	PLM-interact > 0.99 + PPLM-PPI > 0.9（无长度截断）
B3	PPP2R1B	P30154-4	YWHAE	P62258	PLM-interact > 0.99 + PPLM-PPI > 0.9（无长度截断）
B3	PPP2R1B	P30154-5	AURKA	O14965	PLM-interact > 0.99 + PPLM-PPI > 0.9（无长度截断）
B3	PPP2R1B	P30154-5	AURKB	Q96GD4	PLM-interact > 0.99 + PPLM-PPI > 0.9（无长度截断）
B3	PPP2R1B	P30154-5	AURKC	Q9UQB9	PLM-interact > 0.99 + PPLM-PPI > 0.9（无长度截断）
B3	PPP2R1B	P30154-5	CDK1	P06493	PLM-interact > 0.99 + PPLM-PPI > 0.9（无长度截断）
B3	PPP2R1B	P30154-5	CUL3	Q13618	PLM-interact > 0.99 + PPLM-PPI > 0.9（无长度截断）
B3	PPP2R1B	P30154-5	EIF4A3	P38919	PLM-interact > 0.99 + PPLM-PPI > 0.9（无长度截断）
B3	PPP2R1B	P30154-5	PPP2CA	P67775	PLM-interact > 0.99 + PPLM-PPI > 0.9（无长度截断）
B3	PPP2R1B	P30154-5	PPP4C	P60510	PLM-interact > 0.99 + PPLM-PPI > 0.9（无长度截断）
B3	PPP2R1B	P30154-5	RBX1	P62877	PLM-interact > 0.99 + PPLM-PPI > 0.9（无长度截断）
B3	PPP2R1B	P30154-5	RELA	Q04206	PLM-interact > 0.99 + PPLM-PPI > 0.9（无长度截断）
B3	PPP2R1B	P30154-5	SKP1	P63208	PLM-interact > 0.99 + PPLM-PPI > 0.9（无长度截断）
B3	PPP2R1B	P30154-5	TP53	P04637	PLM-interact > 0.99 + PPLM-PPI > 0.9（无长度截断）
B3	PPP2R1B	P30154-5	UCHL5	Q9Y5K5	PLM-interact > 0.99 + PPLM-PPI > 0.9（无长度截断）
B3	PPP3CC	P48454-3	PPP2CA	P67775	PLM-interact > 0.99 + PPLM-PPI > 0.9（无长度截断）
B3	PRKCZ	Q05513-2	PPP2CA	P67775	PLM-interact > 0.99 + PPLM-PPI > 0.9（无长度截断）
B3	PSMC2	P35998-2	CUL1	Q13616	PLM-interact > 0.99 + PPLM-PPI > 0.9（无长度截断）
B3	PSMC2	P35998-2	CUL2	Q13617	PLM-interact > 0.99 + PPLM-PPI > 0.9（无长度截断）
B3	PSMC2	P35998-2	CUL4A	Q13619	PLM-interact > 0.99 + PPLM-PPI > 0.9（无长度截断）
B3	PSMC2	P35998-2	CUL4B	Q13620	PLM-interact > 0.99 + PPLM-PPI > 0.9（无长度截断）
B3	PSMC2	P35998-2	RELA	Q04206	PLM-interact > 0.99 + PPLM-PPI > 0.9（无长度截断）
B3	PSMC2	P35998-2	SKP1	P63208	PLM-interact > 0.99 + PPLM-PPI > 0.9（无长度截断）
B3	PSMC2	P35998-2	TP53	P04637	PLM-interact > 0.99 + PPLM-PPI > 0.9（无长度截断）
B3	PTPN2	P17706-2	STAT3	P40763	PLM-interact > 0.99 + PPLM-PPI > 0.9（无长度截断）
B3	PTPN2	P17706-2	TP53	P04637	PLM-interact > 0.99 + PPLM-PPI > 0.9（无长度截断）
B3	PTPN2	P17706-4	STAT3	P40763	PLM-interact > 0.99 + PPLM-PPI > 0.9（无长度截断）
B3	PTPN2	P17706-4	TP53	P04637	PLM-interact > 0.99 + PPLM-PPI > 0.9（无长度截断）
B3	RAD9B	Q6WBX8-2	CDC6	Q99741	PLM-interact > 0.99 + PPLM-PPI > 0.9（无长度截断）
B3	RAD9B	Q6WBX8-2	PCNA	P12004	PLM-interact > 0.99 + PPLM-PPI > 0.9（无长度截断）
B3	RAD9B	Q6WBX8-3	PCNA	P12004	PLM-interact > 0.99 + PPLM-PPI > 0.9（无长度截断）
B3	RAD9B	Q6WBX8-4	PCNA	P12004	PLM-interact > 0.99 + PPLM-PPI > 0.9（无长度截断）
B3	RASSF1	Q9NS23-2	TP53	P04637	PLM-interact > 0.99 + PPLM-PPI > 0.9（无长度截断）
B3	RASSF1	Q9NS23-4	TP53	P04637	PLM-interact > 0.99 + PPLM-PPI > 0.9（无长度截断）
B3	RBM41	Q96IZ5-3	TP53	P04637	PLM-interact > 0.99 + PPLM-PPI > 0.9（无长度截断）
B3	RC3H2	Q9HBD1-2	TP53	P04637	PLM-interact > 0.99 + PPLM-PPI > 0.9（无长度截断）
B3	RC3H2	Q9HBD1-2	UBE2A	P49459	PLM-interact > 0.99 + PPLM-PPI > 0.9（无长度截断）
B3	RC3H2	Q9HBD1-2	UBE2B	P63146	PLM-interact > 0.99 + PPLM-PPI > 0.9（无长度截断）
B3	RC3H2	Q9HBD1-2	UBE2D1	P51668	PLM-interact > 0.99 + PPLM-PPI > 0.9（无长度截断）
B3	RC3H2	Q9HBD1-2	UBE2N	P61088	PLM-interact > 0.99 + PPLM-PPI > 0.9（无长度截断）
B3	RC3H2	Q9HBD1-3	TP53	P04637	PLM-interact > 0.99 + PPLM-PPI > 0.9（无长度截断）
B3	RC3H2	Q9HBD1-3	UBE2D1	P51668	PLM-interact > 0.99 + PPLM-PPI > 0.9（无长度截断）
B3	RC3H2	Q9HBD1-3	UBE2N	P61088	PLM-interact > 0.99 + PPLM-PPI > 0.9（无长度截断）
B3	RC3H2	Q9HBD1-5	RELA	Q04206	PLM-interact > 0.99 + PPLM-PPI > 0.9（无长度截断）
B3	RC3H2	Q9HBD1-5	SKP1	P63208	PLM-interact > 0.99 + PPLM-PPI > 0.9（无长度截断）
B3	RC3H2	Q9HBD1-5	TP53	P04637	PLM-interact > 0.99 + PPLM-PPI > 0.9（无长度截断）
B3	RC3H2	Q9HBD1-5	UBE2D1	P51668	PLM-interact > 0.99 + PPLM-PPI > 0.9（无长度截断）
B3	RC3H2	Q9HBD1-5	UBE2D3	P61077	PLM-interact > 0.99 + PPLM-PPI > 0.9（无长度截断）
B3	RC3H2	Q9HBD1-5	UBE2E1	P51965	PLM-interact > 0.99 + PPLM-PPI > 0.9（无长度截断）
B3	RC3H2	Q9HBD1-5	UBE2N	P61088	PLM-interact > 0.99 + PPLM-PPI > 0.9（无长度截断）
B3	RCAN1	P53805-4	TP53	P04637	PLM-interact > 0.99 + PPLM-PPI > 0.9（无长度截断）
B3	RCAN3	Q9UKA8-5	TP53	P04637	PLM-interact > 0.99 + PPLM-PPI > 0.9（无长度截断）
B3	SAMD9L	Q8IVG5-2	TP53	P04637	PLM-interact > 0.99 + PPLM-PPI > 0.9（无长度截断）
B3	SANBR	Q6NSI8-4	SKP1	P63208	PLM-interact > 0.99 + PPLM-PPI > 0.9（无长度截断）
B3	SANBR	Q6NSI8-4	TP53	P04637	PLM-interact > 0.99 + PPLM-PPI > 0.9（无长度截断）
B3	SANBR	Q6NSI8-4	UBE2D1	P51668	PLM-interact > 0.99 + PPLM-PPI > 0.9（无长度截断）
B3	SANBR	Q6NSI8-4	UBE2E1	P51965	PLM-interact > 0.99 + PPLM-PPI > 0.9（无长度截断）
B3	SEC16B	Q96JE7-2	TP53	P04637	PLM-interact > 0.99 + PPLM-PPI > 0.9（无长度截断）
B3	SHKBP1	Q8TBC3-2	CUL1	Q13616	PLM-interact > 0.99 + PPLM-PPI > 0.9（无长度截断）
B3	SHKBP1	Q8TBC3-2	CUL3	Q13618	PLM-interact > 0.99 + PPLM-PPI > 0.9（无长度截断）
B3	SORBS3	O60504-2	TP53	P04637	PLM-interact > 0.99 + PPLM-PPI > 0.9（无长度截断）
B3	SPAG1	Q07617-2	TP53	P04637	PLM-interact > 0.99 + PPLM-PPI > 0.9（无长度截断）
B3	SPRY4	Q9C004-2	TP53	P04637	PLM-interact > 0.99 + PPLM-PPI > 0.9（无长度截断）
B3	TIMM50	Q3ZCQ8-2	PHB1	P35232	PLM-interact > 0.99 + PPLM-PPI > 0.9（无长度截断）
B3	TMEM232	C9JQI7-2	TP53	P04637	PLM-interact > 0.99 + PPLM-PPI > 0.9（无长度截断）
B3	TPGS2	Q68CL5-3	TP53	P04637	PLM-interact > 0.99 + PPLM-PPI > 0.9（无长度截断）
B3	TRAPPC2L	Q9UL33-2	TP53	P04637	PLM-interact > 0.99 + PPLM-PPI > 0.9（无长度截断）
B3	UBE2G2	P60604-2	BARD1	Q99728	PLM-interact > 0.99 + PPLM-PPI > 0.9（无长度截断）
B3	UBE2G2	P60604-2	RBX1	P62877	PLM-interact > 0.99 + PPLM-PPI > 0.9（无长度截断）
B3	UBE2G2	P60604-2	SKP1	P63208	PLM-interact > 0.99 + PPLM-PPI > 0.9（无长度截断）
B3	UBE2G2	P60604-2	TRIM27	P14373	PLM-interact > 0.99 + PPLM-PPI > 0.9（无长度截断）
B3	UBE2G2	P60604-2	UBE2A	P49459	PLM-interact > 0.99 + PPLM-PPI > 0.9（无长度截断）
B3	UBE2G2	P60604-2	UBE2B	P63146	PLM-interact > 0.99 + PPLM-PPI > 0.9（无长度截断）
B3	UBE2G2	P60604-2	UBE2D1	P51668	PLM-interact > 0.99 + PPLM-PPI > 0.9（无长度截断）
B3	UBE2G2	P60604-2	UBE2D3	P61077	PLM-interact > 0.99 + PPLM-PPI > 0.9（无长度截断）
B3	UBE2G2	P60604-2	UBE2E1	P51965	PLM-interact > 0.99 + PPLM-PPI > 0.9（无长度截断）
B3	UBE2G2	P60604-2	UBE2N	P61088	PLM-interact > 0.99 + PPLM-PPI > 0.9（无长度截断）
B3	UBE2M	P61081-2	BARD1	Q99728	PLM-interact > 0.99 + PPLM-PPI > 0.9（无长度截断）
B3	UBE2M	P61081-2	BMI1	P35226	PLM-interact > 0.99 + PPLM-PPI > 0.9（无长度截断）
B3	UBE2M	P61081-2	CUL1	Q13616	PLM-interact > 0.99 + PPLM-PPI > 0.9（无长度截断）
B3	UBE2M	P61081-2	CUL2	Q13617	PLM-interact > 0.99 + PPLM-PPI > 0.9（无长度截断）
B3	UBE2M	P61081-2	CUL3	Q13618	PLM-interact > 0.99 + PPLM-PPI > 0.9（无长度截断）
B3	UBE2M	P61081-2	CUL4A	Q13619	PLM-interact > 0.99 + PPLM-PPI > 0.9（无长度截断）
B3	UBE2M	P61081-2	CUL4B	Q13620	PLM-interact > 0.99 + PPLM-PPI > 0.9（无长度截断）
B3	UBE2M	P61081-2	CUL5	Q93034	PLM-interact > 0.99 + PPLM-PPI > 0.9（无长度截断）
B3	UBE2M	P61081-2	HLTF	Q14527	PLM-interact > 0.99 + PPLM-PPI > 0.9（无长度截断）
B3	UBE2M	P61081-2	KEAP1	Q14145	PLM-interact > 0.99 + PPLM-PPI > 0.9（无长度截断）
B3	UBE2M	P61081-2	PCGF2	P35227	PLM-interact > 0.99 + PPLM-PPI > 0.9（无长度截断）
B3	UBE2M	P61081-2	PCGF5	Q86SE9	PLM-interact > 0.99 + PPLM-PPI > 0.9（无长度截断）
B3	UBE2M	P61081-2	PCGF6	Q9BYE7	PLM-interact > 0.99 + PPLM-PPI > 0.9（无长度截断）
B3	UBE2M	P61081-2	RAG1	P15918	PLM-interact > 0.99 + PPLM-PPI > 0.9（无长度截断）
B3	UBE2M	P61081-2	RBX1	P62877	PLM-interact > 0.99 + PPLM-PPI > 0.9（无长度截断）
B3	UBE2M	P61081-2	RNF168	Q8IYW5	PLM-interact > 0.99 + PPLM-PPI > 0.9（无长度截断）
B3	UBE2M	P61081-2	RNF2	Q99496	PLM-interact > 0.99 + PPLM-PPI > 0.9（无长度截断）
B3	UBE2M	P61081-2	RNF40	O75150	PLM-interact > 0.99 + PPLM-PPI > 0.9（无长度截断）
B3	UBE2M	P61081-2	RNF8	O76064	PLM-interact > 0.99 + PPLM-PPI > 0.9（无长度截断）
B3	UBE2M	P61081-2	SKP1	P63208	PLM-interact > 0.99 + PPLM-PPI > 0.9（无长度截断）
B3	UBE2M	P61081-2	TOPORS	Q9NS56	PLM-interact > 0.99 + PPLM-PPI > 0.9（无长度截断）
B3	UBE2M	P61081-2	TP53	P04637	PLM-interact > 0.99 + PPLM-PPI > 0.9（无长度截断）
B3	UBE2M	P61081-2	TRIM27	P14373	PLM-interact > 0.99 + PPLM-PPI > 0.9（无长度截断）
B3	UBE2M	P61081-2	TRIM28	Q13263	PLM-interact > 0.99 + PPLM-PPI > 0.9（无长度截断）
B3	UBE2M	P61081-2	UBE2A	P49459	PLM-interact > 0.99 + PPLM-PPI > 0.9（无长度截断）
B3	UBE2M	P61081-2	UBE2B	P63146	PLM-interact > 0.99 + PPLM-PPI > 0.9（无长度截断）
B3	UBE2M	P61081-2	UBE2D1	P51668	PLM-interact > 0.99 + PPLM-PPI > 0.9（无长度截断）
B3	UBE2M	P61081-2	UBE2D3	P61077	PLM-interact > 0.99 + PPLM-PPI > 0.9（无长度截断）
B3	UBE2M	P61081-2	UBE2E1	P51965	PLM-interact > 0.99 + PPLM-PPI > 0.9（无长度截断）
B3	UBE2M	P61081-2	UBE2N	P61088	PLM-interact > 0.99 + PPLM-PPI > 0.9（无长度截断）
B3	UBE2M	P61081-2	UCHL5	Q9Y5K5	PLM-interact > 0.99 + PPLM-PPI > 0.9（无长度截断）
B3	UBE2M	P61081-2	UHRF1	Q96T88	PLM-interact > 0.99 + PPLM-PPI > 0.9（无长度截断）
B3	UBE2M	P61081-2	USP15	Q9Y4E8	PLM-interact > 0.99 + PPLM-PPI > 0.9（无长度截断）
B3	UBE3C	Q15386-2	TP53	P04637	PLM-interact > 0.99 + PPLM-PPI > 0.9（无长度截断）
B3	UBE3C	Q15386-3	TP53	P04637	PLM-interact > 0.99 + PPLM-PPI > 0.9（无长度截断）
B3	UBQLNL	Q8IYU4-2	TP53	P04637	PLM-interact > 0.99 + PPLM-PPI > 0.9（无长度截断）
B3	ULK3	Q6PHR2-2	TP53	P04637	PLM-interact > 0.99 + PPLM-PPI > 0.9（无长度截断）
B3	USP18	Q9UMW8-2	TP53	P04637	PLM-interact > 0.99 + PPLM-PPI > 0.9（无长度截断）
B3	USP19	O94966-2	TP53	P04637	PLM-interact > 0.99 + PPLM-PPI > 0.9（无长度截断）
B3	USP19	O94966-3	SKP1	P63208	PLM-interact > 0.99 + PPLM-PPI > 0.9（无长度截断）
B3	USP19	O94966-4	SKP1	P63208	PLM-interact > 0.99 + PPLM-PPI > 0.9（无长度截断）
B3	USP19	O94966-6	SKP1	P63208	PLM-interact > 0.99 + PPLM-PPI > 0.9（无长度截断）
B3	USP19	O94966-7	SKP1	P63208	PLM-interact > 0.99 + PPLM-PPI > 0.9（无长度截断）
B3	USP2	O75604-2	HDAC1	Q13547	PLM-interact > 0.99 + PPLM-PPI > 0.9（无长度截断）
B3	USP2	O75604-2	HDAC2	Q92769	PLM-interact > 0.99 + PPLM-PPI > 0.9（无长度截断）
B3	USP2	O75604-2	KAT5	Q92993	PLM-interact > 0.99 + PPLM-PPI > 0.9（无长度截断）
B3	USP2	O75604-2	RELA	Q04206	PLM-interact > 0.99 + PPLM-PPI > 0.9（无长度截断）
B3	USP2	O75604-2	SKP1	P63208	PLM-interact > 0.99 + PPLM-PPI > 0.9（无长度截断）
B3	USP2	O75604-2	SUDS3	Q9H7L9	PLM-interact > 0.99 + PPLM-PPI > 0.9（无长度截断）
B3	USP2	O75604-2	TBP	P20226	PLM-interact > 0.99 + PPLM-PPI > 0.9（无长度截断）
B3	USP2	O75604-2	TP53	P04637	PLM-interact > 0.99 + PPLM-PPI > 0.9（无长度截断）
B3	USP2	O75604-2	UBE2D1	P51668	PLM-interact > 0.99 + PPLM-PPI > 0.9（无长度截断）
B3	USP2	O75604-2	UBE2E1	P51965	PLM-interact > 0.99 + PPLM-PPI > 0.9（无长度截断）
B3	USP2	O75604-2	UBE2N	P61088	PLM-interact > 0.99 + PPLM-PPI > 0.9（无长度截断）
B3	USP2	O75604-2	USP11	P51784	PLM-interact > 0.99 + PPLM-PPI > 0.9（无长度截断）
B3	USP2	O75604-2	USP12	O75317	PLM-interact > 0.99 + PPLM-PPI > 0.9（无长度截断）
B3	USP2	O75604-2	USP15	Q9Y4E8	PLM-interact > 0.99 + PPLM-PPI > 0.9（无长度截断）
B3	USP2	O75604-2	USP21	Q9UK80	PLM-interact > 0.99 + PPLM-PPI > 0.9（无长度截断）
B3	USP2	O75604-2	USP3	Q9Y6I4	PLM-interact > 0.99 + PPLM-PPI > 0.9（无长度截断）
B3	USP2	O75604-2	USP46	P62068	PLM-interact > 0.99 + PPLM-PPI > 0.9（无长度截断）
B3	USP2	O75604-3	HDAC2	Q92769	PLM-interact > 0.99 + PPLM-PPI > 0.9（无长度截断）
B3	USP2	O75604-3	KAT5	Q92993	PLM-interact > 0.99 + PPLM-PPI > 0.9（无长度截断）
B3	USP2	O75604-3	RELA	Q04206	PLM-interact > 0.99 + PPLM-PPI > 0.9（无长度截断）
B3	USP2	O75604-3	SKP1	P63208	PLM-interact > 0.99 + PPLM-PPI > 0.9（无长度截断）
B3	USP2	O75604-3	TP53	P04637	PLM-interact > 0.99 + PPLM-PPI > 0.9（无长度截断）
B3	USP2	O75604-3	UBE2E1	P51965	PLM-interact > 0.99 + PPLM-PPI > 0.9（无长度截断）
B3	USP2	O75604-3	USP12	O75317	PLM-interact > 0.99 + PPLM-PPI > 0.9（无长度截断）
B3	USP2	O75604-3	USP15	Q9Y4E8	PLM-interact > 0.99 + PPLM-PPI > 0.9（无长度截断）
B3	USP2	O75604-3	USP21	Q9UK80	PLM-interact > 0.99 + PPLM-PPI > 0.9（无长度截断）
B3	USP2	O75604-3	USP3	Q9Y6I4	PLM-interact > 0.99 + PPLM-PPI > 0.9（无长度截断）
B3	USP2	O75604-3	USP46	P62068	PLM-interact > 0.99 + PPLM-PPI > 0.9（无长度截断）
B3	USP2	O75604-4	TBP	P20226	PLM-interact > 0.99 + PPLM-PPI > 0.9（无长度截断）
B3	USP2	O75604-4	TP53	P04637	PLM-interact > 0.99 + PPLM-PPI > 0.9（无长度截断）
B3	USP2	O75604-4	USP12	O75317	PLM-interact > 0.99 + PPLM-PPI > 0.9（无长度截断）
B3	USP2	O75604-4	USP21	Q9UK80	PLM-interact > 0.99 + PPLM-PPI > 0.9（无长度截断）
B3	USP2	O75604-4	USP46	P62068	PLM-interact > 0.99 + PPLM-PPI > 0.9（无长度截断）
B3	USP25	Q9UHP3-3	SKP1	P63208	PLM-interact > 0.99 + PPLM-PPI > 0.9（无长度截断）
B3	USP25	Q9UHP3-3	TP53	P04637	PLM-interact > 0.99 + PPLM-PPI > 0.9（无长度截断）
B3	USP25	Q9UHP3-3	UBE2D1	P51668	PLM-interact > 0.99 + PPLM-PPI > 0.9（无长度截断）
B3	USP54	Q70EL1-4	TP53	P04637	PLM-interact > 0.99 + PPLM-PPI > 0.9（无长度截断）
B3	USP6	P35125-2	HDAC1	Q13547	PLM-interact > 0.99 + PPLM-PPI > 0.9（无长度截断）
B3	USP6	P35125-2	HDAC2	Q92769	PLM-interact > 0.99 + PPLM-PPI > 0.9（无长度截断）
B3	USP6	P35125-2	SKP1	P63208	PLM-interact > 0.99 + PPLM-PPI > 0.9（无长度截断）
B3	USP6	P35125-2	TP53	P04637	PLM-interact > 0.99 + PPLM-PPI > 0.9（无长度截断）
B3	VWA3B	Q502W6-3	KAT5	Q92993	PLM-interact > 0.99 + PPLM-PPI > 0.9（无长度截断）
B3	VWA3B	Q502W6-3	SGF29	Q96ES7	PLM-interact > 0.99 + PPLM-PPI > 0.9（无长度截断）
B3	VWA3B	Q502W6-3	TP53	P04637	PLM-interact > 0.99 + PPLM-PPI > 0.9（无长度截断）
B3	VWA3B	Q502W6-4	KAT5	Q92993	PLM-interact > 0.99 + PPLM-PPI > 0.9（无长度截断）
B3	VWA3B	Q502W6-4	SGF29	Q96ES7	PLM-interact > 0.99 + PPLM-PPI > 0.9（无长度截断）
B3	VWA3B	Q502W6-4	TP53	P04637	PLM-interact > 0.99 + PPLM-PPI > 0.9（无长度截断）
B3	VWA3B	Q502W6-7	KAT5	Q92993	PLM-interact > 0.99 + PPLM-PPI > 0.9（无长度截断）
B3	VWA3B	Q502W6-7	TP53	P04637	PLM-interact > 0.99 + PPLM-PPI > 0.9（无长度截断）
B3	WDR44	Q5JSH3-3	CUL1	Q13616	PLM-interact > 0.99 + PPLM-PPI > 0.9（无长度截断）
B3	WDR44	Q5JSH3-3	CUL4A	Q13619	PLM-interact > 0.99 + PPLM-PPI > 0.9（无长度截断）
B3	WDR44	Q5JSH3-3	TP53	P04637	PLM-interact > 0.99 + PPLM-PPI > 0.9（无长度截断）
B3	WDR44	Q5JSH3-3	UCHL5	Q9Y5K5	PLM-interact > 0.99 + PPLM-PPI > 0.9（无长度截断）
B3	WNK2	Q9Y3S1-3	TP53	P04637	PLM-interact > 0.99 + PPLM-PPI > 0.9（无长度截断）
B3	WNK4	Q96J92-2	TP53	P04637	PLM-interact > 0.99 + PPLM-PPI > 0.9（无长度截断）
B3	ZC3H12D	A2A288-3	TP53	P04637	PLM-interact > 0.99 + PPLM-PPI > 0.9（无长度截断）
B3	ZC3H12D	A2A288-4	TP53	P04637	PLM-interact > 0.99 + PPLM-PPI > 0.9（无长度截断）
B3	ZFYVE26	Q68DK2-4	TP53	P04637	PLM-interact > 0.99 + PPLM-PPI > 0.9（无长度截断）
B3	ZNRF1	Q8ND25-2	UBE2D1	P51668	PLM-interact > 0.99 + PPLM-PPI > 0.9（无长度截断）
B3	ZNRF1	Q8ND25-2	UBE2D3	P61077	PLM-interact > 0.99 + PPLM-PPI > 0.9（无长度截断）
B3	ZNRF1	Q8ND25-2	UBE2E1	P51965	PLM-interact > 0.99 + PPLM-PPI > 0.9（无长度截断）
B3	ZWILCH	Q9H900-2	TP53	P04637	PLM-interact > 0.99 + PPLM-PPI > 0.9（无长度截断）
B3	ZZEF1	O43149-2	RELA	Q04206	PLM-interact > 0.99 + PPLM-PPI > 0.9（无长度截断）
B3	ZZEF1	O43149-2	TP53	P04637	PLM-interact > 0.99 + PPLM-PPI > 0.9（无长度截断）
